string_id	form_key	record_type	editor_id	field	occurrence	source	target	provenance
00000001	D738B0:MysticismMagic.esp	CLAS	MAG_SkeletonMageClass	FULL	0	Draugr Warlock	Draugr Warlock	Mysticism 2.4.2 CHT exact FormKey seed
00000002	010002:MysticismMagic.esp	CLAS	MAG_EncClassDremoraRanged	FULL	0	Dremora	魔人	Mysticism 2.4.2 CHT exact FormKey seed
00000003	5341AB:MysticismMagic.esp	FACT	MAG_ServicesDBFestus	FULL	0	Festus spell vendor	Festus spell vendor	Mysticism 2.4.2 CHT exact FormKey seed
00000004	D6E7AD:MysticismMagic.esp	HDPT	MAG_HairMaleDremora03	FULL	0	HairMaleDremora03	HairMaleDremora03	Mysticism 2.4.2 CHT exact FormKey seed
00000005	0131F0:Skyrim.esm	RACE	DremoraRace	FULL	0	Dremora	Dremora	Mysticism 2.4.2 CHT exact FormKey seed
00000006	427952:MysticismMagic.esp	RACE	MAG_DremoraRaceShield	FULL	0	Dremora	Dremora	Mysticism 2.4.2 CHT exact FormKey seed
00000007	292675:MysticismMagic.esp	MGEF	MAG_WeaknessFireFFAimed50	FULL	0	Weakness to Fire	火焰弱化	Mysticism 2.4.2 CHT exact FormKey seed
00000008	292675:MysticismMagic.esp	MGEF	MAG_WeaknessFireFFAimed50	DNAM	0	Reduces enemy Fire Resistance by <mag>% for <dur> seconds.	降低敵人火焰抗性 <mag>%，持續 <dur> 秒。	Mysticism 2.4.2 CHT exact FormKey seed
00000009	29267A:MysticismMagic.esp	MGEF	MAG_WeaknessFrostFFAimed50	FULL	0	Weakness to Frost	寒霜弱化	Mysticism 2.4.2 CHT exact FormKey seed
0000000A	29267A:MysticismMagic.esp	MGEF	MAG_WeaknessFrostFFAimed50	DNAM	0	Reduces enemy Frost Resistance by <mag>% for <dur> seconds.	降低敵人寒霜抗性 <mag>%，持續 <dur> 秒。	Mysticism 2.4.2 CHT exact FormKey seed
0000000B	29267E:MysticismMagic.esp	MGEF	MAG_WeaknessPoisonFFAimed50	FULL	0	Weakness to Poison	毒素弱化	Mysticism 2.4.2 CHT exact FormKey seed
0000000C	29267E:MysticismMagic.esp	MGEF	MAG_WeaknessPoisonFFAimed50	DNAM	0	Reduces enemy Poison Resistance by <mag>% for <dur> seconds.	降低敵人毒素抗性 <mag>%，持續 <dur> 秒。	Mysticism 2.4.2 CHT exact FormKey seed
0000000D	292683:MysticismMagic.esp	MGEF	MAG_FeatherFFSelf25	FULL	0	Fortify Carry Weight	強化負重	Mysticism 2.4.2 CHT exact FormKey seed
0000000E	292683:MysticismMagic.esp	MGEF	MAG_FeatherFFSelf25	DNAM	0	Your Carry Weight is increased by <mag> points for <dur> seconds.	提高負重 <mag> 點，持續 <dur> 秒。	Mysticism 2.4.2 CHT exact FormKey seed
0000000F	292687:MysticismMagic.esp	MGEF	MAG_FeatherFFSelf75	FULL	0	Fortify Carry Weight	強化負重	Mysticism 2.4.2 CHT exact FormKey seed
00000010	292687:MysticismMagic.esp	MGEF	MAG_FeatherFFSelf75	DNAM	0	Increases your Carry Weight by <mag> points for <dur> seconds.	提高負重 <mag> 點，持續 <dur> 秒。	Mysticism 2.4.2 CHT exact FormKey seed
00000011	29778E:MysticismMagic.esp	MGEF	MAG_FortifyUnarmedFFSelf25	FULL	0	Scaleskin	鱗膚術	Mysticism 2.4.2 CHT exact FormKey seed
00000012	29778E:MysticismMagic.esp	MGEF	MAG_FortifyUnarmedFFSelf25	DNAM	0	Improves unarmed damage by <mag> points for <dur> seconds.	提高徒手傷害 <mag> 點，持續 <dur> 秒。	Mysticism 2.4.2 CHT exact FormKey seed
00000013	297790:MysticismMagic.esp	MGEF	MAG_FortifyUnarmedFFSelf50	FULL	0	Stoneskin	石膚術	Mysticism 2.4.2 CHT exact FormKey seed
00000014	297790:MysticismMagic.esp	MGEF	MAG_FortifyUnarmedFFSelf50	DNAM	0	Improves unarmed damage by <mag> points for <dur> seconds.	提高徒手傷害 <mag> 點，持續 <dur> 秒。	Mysticism 2.4.2 CHT exact FormKey seed
00000015	297791:MysticismMagic.esp	MGEF	MAG_FortifyUnarmedFFSelf75	FULL	0	Ironskin	鐵膚術	Mysticism 2.4.2 CHT exact FormKey seed
00000016	297791:MysticismMagic.esp	MGEF	MAG_FortifyUnarmedFFSelf75	DNAM	0	Improves unarmed damage by <mag> points for <dur> seconds.	提高徒手傷害 <mag> 點，持續 <dur> 秒。	Mysticism 2.4.2 CHT exact FormKey seed
00000017	29779A:MysticismMagic.esp	MGEF	MAG_FortifySpeedFFSelf75	FULL	0	Windrunner	風乘者	Mysticism 2.4.2 CHT exact FormKey seed
00000018	29779A:MysticismMagic.esp	MGEF	MAG_FortifySpeedFFSelf75	DNAM	0	Your Movement Speed is increased by <mag>% for <dur> seconds.	提高移動速度 <mag>%，持續 <dur> 秒。	Mysticism 2.4.2 CHT exact FormKey seed
00000019	29779F:MysticismMagic.esp	MGEF	MAG_SlowfallFFSelf	FULL	0	Slowfall	緩落術	Mysticism 2.4.2 CHT exact FormKey seed
0000001A	29779F:MysticismMagic.esp	MGEF	MAG_SlowfallFFSelf	DNAM	0	You take no damage from falling for <dur> seconds.	墜落時不受到傷害，持續 <dur> 秒。	Mysticism 2.4.2 CHT exact FormKey seed
0000001B	29C8A5:MysticismMagic.esp	MGEF	MAG_DamageHealthConcSelf0	FULL	0	Damage Health	減損生命	Mysticism 2.4.2 CHT exact FormKey seed
0000001C	29C8A5:MysticismMagic.esp	MGEF	MAG_DamageHealthConcSelf0	DNAM	0			Mysticism 2.4.2 CHT exact FormKey seed
0000001D	F36358:MysticismMagic.esp	MGEF	MAG_CircleofStrengthFFSelf100Dummy	FULL	0	Fortify Stamina Regeneration	強化耐力再生	Mysticism 2.4.2 CHT exact FormKey seed
0000001E	F36358:MysticismMagic.esp	MGEF	MAG_CircleofStrengthFFSelf100Dummy	DNAM	0	Creates a circle on the ground that lasts for <dur> seconds. Standing inside the circle restores <20> Stamina per second.	在地面上創建一個領域，持續 <dur> 秒。站在領域內每秒恢復 <20> 點耐力。	Mysticism 2.5.0 custom; Skyrim 8.20 terminology
0000001F	29C8A6:MysticismMagic.esp	MGEF	MAG_RestoreMagickaConcSelf100	FULL	0	Restore Magicka	恢復法力	Mysticism 2.4.2 CHT exact FormKey seed
00000020	29C8A6:MysticismMagic.esp	MGEF	MAG_RestoreMagickaConcSelf100	DNAM	0			Mysticism 2.4.2 CHT exact FormKey seed
00000021	29C8A8:MysticismMagic.esp	MGEF	MAG_DamageArmorFFAimed25	FULL	0	Damage Armor	損壞護甲術	Mysticism 2.4.2 CHT exact FormKey seed
00000022	29C8A8:MysticismMagic.esp	MGEF	MAG_DamageArmorFFAimed25	DNAM	0	Reduces enemy Armor Rating by <mag> for <dur> seconds.	降低敵人護具防禦力 <mag>，持續 <dur> 秒。	Mysticism 2.4.2 CHT exact FormKey seed
00000023	F36359:MysticismMagic.esp	MGEF	MAG_CircleofStrengthFFSelf100Dummy01	FULL	0	Fortify Stamina Regeneration	強化耐力再生	Mysticism 2.4.2 CHT exact FormKey seed
00000024	F36359:MysticismMagic.esp	MGEF	MAG_CircleofStrengthFFSelf100Dummy01	DNAM	0			Mysticism 2.4.2 CHT exact FormKey seed
00000025	29C8AA:MysticismMagic.esp	MGEF	MAG_DamageWeaponFFAimed25	FULL	0	Damage Weapon	損壞武器術	Mysticism 2.4.2 CHT exact FormKey seed
00000026	29C8AA:MysticismMagic.esp	MGEF	MAG_DamageWeaponFFAimed25	DNAM	0			Mysticism 2.4.2 CHT exact FormKey seed
00000027	29C8AE:MysticismMagic.esp	MGEF	MAG_DamageConstructFFAimed50	FULL	0	Damage Construct	構裝體損壞術	Mysticism 2.4.2 CHT exact FormKey seed
00000028	29C8AE:MysticismMagic.esp	MGEF	MAG_DamageConstructFFAimed50	DNAM	0	Deals <mag> Magic damage per second for <dur> seconds to Dwarven automatons. 	每秒對矮人機械造成 <mag> 點魔法傷害，持續 <dur> 秒。	Mysticism 2.4.2 CHT exact FormKey seed
00000029	2ABBDB:MysticismMagic.esp	MGEF	MAG_DispelFFSelf	FULL	0	Dispel	驅散術	Mysticism 2.4.2 CHT exact FormKey seed
0000002A	2ABBDB:MysticismMagic.esp	MGEF	MAG_DispelFFSelf	DNAM	0	You dispel all magical effects on yourself.	驅散自身身上所有魔法效果。	Mysticism 2.4.2 CHT exact FormKey seed
0000002B	2B0CE8:MysticismMagic.esp	MGEF	MAG_SilenceFFAimed25Dummy	FULL	0	Silence	沉默	Mysticism 2.4.2 CHT exact FormKey seed
0000002C	2B0CE8:MysticismMagic.esp	MGEF	MAG_SilenceFFAimed25Dummy	DNAM	0			Mysticism 2.4.2 CHT exact FormKey seed
0000002D	00014C:Skyrim.esm	MGEF	MAG_WardConcSelf0	FULL	0	Lesser Ward	初階結界術	Mysticism 2.4.2 CHT exact FormKey seed
0000002E	00014C:Skyrim.esm	MGEF	MAG_WardConcSelf0	DNAM	0	Negates up to <mag> points of spell damage. 	吸收最多 <mag> 點法術傷害。	Mysticism 2.4.2 CHT exact FormKey seed
0000002F	012F03:Skyrim.esm	MGEF	MAG_FireDamageFFAimed25	FULL	0	Fire Damage	火焰傷害	Mysticism 2.4.2 CHT exact FormKey seed
00000030	012F03:Skyrim.esm	MGEF	MAG_FireDamageFFAimed25	DNAM	0	Deals <mag> Fire damage. Targets on fire take extra damage over time.	造成 <mag> 點火焰傷害。燃燒中的目標受到額外的持續傷害。	Mysticism 2.4.2 CHT exact FormKey seed
00000031	013CA9:Skyrim.esm	MGEF	MAG_FireDamageConcAimed00	FULL	0	Fire Damage	火焰傷害	Mysticism 2.4.2 CHT exact FormKey seed
00000032	013CA9:Skyrim.esm	MGEF	MAG_FireDamageConcAimed00	DNAM	0	Deals <mag> Fire damage per second. Targets on fire take extra damage over time.	每秒造成 <mag> 點火焰傷害。燃燒中的目標受到額外的持續傷害。	Mysticism 2.4.2 CHT exact FormKey seed
00000033	013CAA:Skyrim.esm	MGEF	MAG_FrostDamageConcAimed00	FULL	0	Frostbite	冰寒術	Mysticism 2.4.2 CHT exact FormKey seed
00000034	013CAA:Skyrim.esm	MGEF	MAG_FrostDamageConcAimed00	DNAM	0	Deals <mag> Frost damage per second to Health and Stamina.	每秒對生命與耐力造成 <mag> 點的寒霜傷害。	Mysticism 2.4.2 CHT exact FormKey seed
00000035	013CAB:Skyrim.esm	MGEF	MAG_ShockDamageConcAimed00	FULL	0	Sparks	電擊術	Mysticism 2.4.2 CHT exact FormKey seed
00000036	013CAB:Skyrim.esm	MGEF	MAG_ShockDamageConcAimed00	DNAM	0	Deals <mag> Shock damage per second to Health and Magicka. 	每秒對生命與法力造成 <mag> 點的閃電傷害。	Mysticism 2.4.2 CHT exact FormKey seed
00000037	0153D3:Skyrim.esm	MGEF	MAG_PerkImpactStaggerPushFFAimed	FULL	0	Perk Impact Stagger	Perk Impact Stagger	Mysticism 2.4.2 CHT exact FormKey seed
00000038	0153D3:Skyrim.esm	MGEF	MAG_PerkImpactStaggerPushFFAimed	DNAM	0			Mysticism 2.4.2 CHT exact FormKey seed
00000039	01A4C9:Skyrim.esm	MGEF	MAG_AbTelekinesisEffect	FULL	0	Telekinesis Ability Effect	Telekinesis Ability Effect	Mysticism 2.4.2 CHT exact FormKey seed
0000003A	01A4C9:Skyrim.esm	MGEF	MAG_AbTelekinesisEffect	DNAM	0			Mysticism 2.4.2 CHT exact FormKey seed
0000003B	01A4CB:Skyrim.esm	MGEF	MAG_TelekinesisEffect	FULL	0	Telekinesis Effect	Telekinesis Effect	Mysticism 2.4.2 CHT exact FormKey seed
0000003C	01A4CB:Skyrim.esm	MGEF	MAG_TelekinesisEffect	DNAM	0	Levitates items from a distance. Release the spell to launch the item at foes. 	懸浮一定距離的物體，解除法術來投射它們對敵人造成傷害。	Mysticism 2.4.2 CHT exact FormKey seed
0000003D	01CE9E:Skyrim.esm	MGEF	MAG_BoundBattleAxeFFSelf	FULL	0	Bound Battleaxe	巨斧塑形術	Mysticism 2.4.2 CHT exact FormKey seed
0000003E	01CE9E:Skyrim.esm	MGEF	MAG_BoundBattleAxeFFSelf	DNAM	0	Summons a Bound Battleaxe for <dur> seconds.	召喚一把魔力塑形巨斧，持續 <dur> 秒。	Mysticism 2.4.2 CHT exact FormKey seed
0000003F	01CE9F:Skyrim.esm	MGEF	MAG_BoundSwordFFSelf	FULL	0	Bound Sword	長劍塑形術	Mysticism 2.4.2 CHT exact FormKey seed
00000040	01CE9F:Skyrim.esm	MGEF	MAG_BoundSwordFFSelf	DNAM	0	Summons a Bound Sword for <dur> seconds.	召喚一把魔力塑形長劍，持續 <dur> 秒。	Mysticism 2.4.2 CHT exact FormKey seed
00000041	01CEA0:Skyrim.esm	MGEF	MAG_BoundBowFFSelf	FULL	0	Bound Bow	戰弓塑形術	Mysticism 2.4.2 CHT exact FormKey seed
00000042	01CEA0:Skyrim.esm	MGEF	MAG_BoundBowFFSelf	DNAM	0	Summons a Bound Bow for <dur> seconds.	召喚一把魔力塑形戰弓，持續 <dur> 秒。	Mysticism 2.4.2 CHT exact FormKey seed
00000043	01CEA1:Skyrim.esm	MGEF	MAG_FireDamageFFAimedArea50	FULL	0	Fireball	火球術	Mysticism 2.4.2 CHT exact FormKey seed
00000044	01CEA1:Skyrim.esm	MGEF	MAG_FireDamageFFAimedArea50	DNAM	0	Deals <mag> Fire damage in a large area. Targets on fire take extra damage over time.	大範圍內造成 <mag> 點火焰傷害。燃燒中的目標受到額外的持續傷害。	Mysticism 2.4.2 CHT exact FormKey seed
00000045	01CEA2:Skyrim.esm	MGEF	MAG_FrostDamageFFAimed25	FULL	0	Ice Spike	冰錐術	Mysticism 2.4.2 CHT exact FormKey seed
00000046	01CEA2:Skyrim.esm	MGEF	MAG_FrostDamageFFAimed25	DNAM	0	Deals <mag> Frost damage to Health and Stamina.	對生命與耐力造成 <mag> 點的寒霜傷害。	Mysticism 2.4.2 CHT exact FormKey seed
00000047	01CEA3:Skyrim.esm	MGEF	MAG_FrostDamageFFAimedArea50	FULL	0	Ice Storm	冰霜氣團術	Mysticism 2.4.2 CHT exact FormKey seed
00000048	01CEA3:Skyrim.esm	MGEF	MAG_FrostDamageFFAimedArea50	DNAM	0	Deals <mag> Frost damage to Health and Stamina in a large area.	大範圍區域內對生命與耐力造成 <mag> 點的寒霜傷害。	Mysticism 2.4.2 CHT exact FormKey seed
00000049	01CEA4:Skyrim.esm	MGEF	MAG_RestoreHealthConcSelf00	FULL	0	Restore Health	回復生命	Mysticism 2.4.2 CHT exact FormKey seed
0000004A	01CEA4:Skyrim.esm	MGEF	MAG_RestoreHealthConcSelf00	DNAM	0	Restores <mag> Health per second.	每秒恢復 <mag> 點生命。	Mysticism 2.4.2 CHT exact FormKey seed
0000004B	01CEA5:Skyrim.esm	MGEF	MAG_RestoreHealthConcActor	FULL	0	Restore Health	回復生命	Mysticism 2.4.2 CHT exact FormKey seed
0000004C	01CEA5:Skyrim.esm	MGEF	MAG_RestoreHealthConcActor	DNAM	0	Restores <mag> Health per second to living targets.	每秒恢復活著的目標 <mag> 點生命。	Mysticism 2.4.2 CHT exact FormKey seed
0000004D	01CEA7:Skyrim.esm	MGEF	MAG_RestoreHealthFFActor	FULL	0	Restore Health	回復生命	Mysticism 2.4.2 CHT exact FormKey seed
0000004E	01CEA7:Skyrim.esm	MGEF	MAG_RestoreHealthFFActor	DNAM	0	Restores <mag> Health to living targets.	恢復活著的目標 <mag> 點生命。	Mysticism 2.4.2 CHT exact FormKey seed
0000004F	01CEA8:Skyrim.esm	MGEF	MAG_ShockDamageFFAimed25	FULL	0	Shock Damage	閃電傷害	Mysticism 2.4.2 CHT exact FormKey seed
00000050	01CEA8:Skyrim.esm	MGEF	MAG_ShockDamageFFAimed25	DNAM	0	Deals <mag> Shock damage to Health and Magicka.	對生命與法力造成 <mag> 點的閃電傷害。	Mysticism 2.4.2 CHT exact FormKey seed
00000051	01CEAA:Skyrim.esm	MGEF	MAG_SummonFlameAtronach	FULL	0	Conjure Flame Atronach	烈焰屬靈召喚術	Mysticism 2.4.2 CHT exact FormKey seed
00000052	01CEAA:Skyrim.esm	MGEF	MAG_SummonFlameAtronach	DNAM	0	Summons a Flame Atronach for <dur> seconds.	召喚一個烈焰屬靈，持續 <dur> 秒。	Mysticism 2.4.2 CHT exact FormKey seed
00000053	01CEAB:Skyrim.esm	MGEF	MAG_SummonFrostAtronach	FULL	0	Conjure Frost Atronach	寒霜屬靈召喚術	Mysticism 2.4.2 CHT exact FormKey seed
00000054	01CEAB:Skyrim.esm	MGEF	MAG_SummonFrostAtronach	DNAM	0	Summons a Frost Atronach for <dur> seconds.	召喚一個寒霜屬靈，持續 <dur> 秒。	Mysticism 2.4.2 CHT exact FormKey seed
00000055	01CEAC:Skyrim.esm	MGEF	MAG_SummonStormAtronach	FULL	0	Conjure Storm Atronach	風暴屬靈召喚術	Mysticism 2.4.2 CHT exact FormKey seed
00000056	01CEAC:Skyrim.esm	MGEF	MAG_SummonStormAtronach	DNAM	0	Summons a Storm Atronach for <dur> seconds.	召喚一個風暴屬靈，持續 <dur> 秒。	Mysticism 2.4.2 CHT exact FormKey seed
00000057	01EA6A:Skyrim.esm	MGEF	MAG_InvisibilityFFSelf75	FULL	0	Invisibility	隱形	Mysticism 2.4.2 CHT exact FormKey seed
00000058	01EA6A:Skyrim.esm	MGEF	MAG_InvisibilityFFSelf75	DNAM	0	You are invisible for <dur> seconds. Activating an object or attacking will break this spell.	你在 <dur> 秒內隱形。與物件互動或發動攻擊將中斷此法術。	Mysticism 2.5.0 custom; Skyrim 8.20 terminology
00000059	01EA6C:Skyrim.esm	MGEF	MAG_LightFFSelf	FULL	0	Candlelight	燭光術	Mysticism 2.4.2 CHT exact FormKey seed
0000005A	01EA6C:Skyrim.esm	MGEF	MAG_LightFFSelf	DNAM	0	You create a hovering light that lasts for <dur> seconds.	製造一個懸浮的光源，持續 <dur> 秒。	Mysticism 2.4.2 CHT exact FormKey seed
0000005B	01EA6D:Skyrim.esm	MGEF	MAG_LightFFAimed	FULL	0	Magelight	魔光術	Mysticism 2.4.2 CHT exact FormKey seed
0000005C	01EA6D:Skyrim.esm	MGEF	MAG_LightFFAimed	DNAM	0	You create a hovering light that lasts <dur> seconds and lands wherever you are pointing.	製造一個懸浮的光源，持續 <dur> 秒。會投射到指向的方向。	Mysticism 2.4.2 CHT exact FormKey seed
0000005D	01EA6E:Skyrim.esm	MGEF	MAG_ParalyzeFFAimed50Dummy	FULL	0	Paralyze	麻痺	Mysticism 2.4.2 CHT exact FormKey seed
0000005E	01EA6E:Skyrim.esm	MGEF	MAG_ParalyzeFFAimed50Dummy	DNAM	0			Mysticism 2.4.2 CHT exact FormKey seed
0000005F	01EA73:Skyrim.esm	MGEF	MAG_WaterbreathingFFSelf	FULL	0	Waterbreathing	水中呼吸	Mysticism 2.4.2 CHT exact FormKey seed
00000060	01EA73:Skyrim.esm	MGEF	MAG_WaterbreathingFFSelf	DNAM	0	You can breathe underwater for <dur> seconds.	能夠在水中呼吸，持續 <dur> 秒。	Mysticism 2.4.2 CHT exact FormKey seed
00000061	01EA74:Skyrim.esm	MGEF	MAG_DetectLifeFriendInteriorConcSelf	FULL	0	Detect Life Friend Interior	Detect Life Friend Interior	Mysticism 2.4.2 CHT exact FormKey seed
00000062	01EA74:Skyrim.esm	MGEF	MAG_DetectLifeFriendInteriorConcSelf	DNAM	0			Mysticism 2.4.2 CHT exact FormKey seed
00000063	01EA75:Skyrim.esm	MGEF	MAG_DetectDeadEnemyInteriorConcSelf	FULL	0	Detect Dead Enemy Interior	Detect Dead Enemy Interior	Mysticism 2.4.2 CHT exact FormKey seed
00000064	01EA75:Skyrim.esm	MGEF	MAG_DetectDeadEnemyInteriorConcSelf	DNAM	0			Mysticism 2.4.2 CHT exact FormKey seed
00000065	01EA76:Skyrim.esm	MGEF	MAG_CourageFFSelfArea50	FULL	0	Rally	振奮	Mysticism 2.4.2 CHT exact FormKey seed
00000066	01EA76:Skyrim.esm	MGEF	MAG_CourageFFSelfArea50	DNAM	0	Nearby living allies receive <50> extra Health, Magicka, and Stamina for <dur> seconds.	附近活著的同伴獲得額外 <50> 點生命、法力與耐力，持續 <dur> 秒。	Mysticism 2.4.2 CHT exact FormKey seed
00000067	01EA77:Skyrim.esm	MGEF	MAG_FearFFAimed25	FULL	0	Fear	威懼	Mysticism 2.4.2 CHT exact FormKey seed
00000068	01EA77:Skyrim.esm	MGEF	MAG_FearFFAimed25	DNAM	0	Living targets up to level <mag> flee from combat for <dur> seconds.	最高 <mag> 級的活著目標逃避戰鬥，持續 <dur> 秒。	Mysticism 2.4.2 CHT exact FormKey seed
00000069	01EA78:Skyrim.esm	MGEF	MAG_FrenzyFFAimedArea50	FULL	0	Frenzy	狂心	Mysticism 2.4.2 CHT exact FormKey seed
0000006A	01EA78:Skyrim.esm	MGEF	MAG_FrenzyFFAimedArea50	DNAM	0	Living targets up to level <mag> in a large area will attack anyone nearby for <dur> seconds.	大範圍內最高 <mag> 級的活著目標攻擊周圍的任何目標，持續 <dur> 秒。	Mysticism 2.4.2 CHT exact FormKey seed
0000006B	01EA79:Skyrim.esm	MGEF	MAG_CourageFFSelfArea00	FULL	0	Courage	勇氣	Mysticism 2.4.2 CHT exact FormKey seed
0000006C	01EA79:Skyrim.esm	MGEF	MAG_CourageFFSelfArea00	DNAM	0	Nearby living allies receive <25> extra Health, Magicka, and Stamina for <dur> seconds.	附近活著的同伴獲得額外 <25> 點生命、法力與耐力，持續 <dur> 秒。	Mysticism 2.4.2 CHT exact FormKey seed
0000006D	01EA7A:Skyrim.esm	MGEF	MAG_FearFFAimedArea75	FULL	0	Fear	威懼	Mysticism 2.4.2 CHT exact FormKey seed
0000006E	01EA7A:Skyrim.esm	MGEF	MAG_FearFFAimedArea75	DNAM	0	Living targets up to level <mag> in a large area flee from combat for <dur> seconds.	大範圍內最高 <mag> 級的活著目標逃避戰鬥，持續 <dur> 秒。	Mysticism 2.4.2 CHT exact FormKey seed
0000006F	026D7C:Skyrim.esm	MGEF	MAG_FrenzyFFAimedAreaDummy	FULL	0	Rally Secondary	次級振奮術	Mysticism 2.4.2 CHT exact FormKey seed
00000070	026D7C:Skyrim.esm	MGEF	MAG_FrenzyFFAimedAreaDummy	DNAM	0			Mysticism 2.4.2 CHT exact FormKey seed
00000071	026D7E:Skyrim.esm	MGEF	MAG_FrenzyFFAimedDummy	FULL	0	Frenzy	狂心	Mysticism 2.4.2 CHT exact FormKey seed
00000072	026D7E:Skyrim.esm	MGEF	MAG_FrenzyFFAimedDummy	DNAM	0			Mysticism 2.4.2 CHT exact FormKey seed
00000073	02ACD4:Skyrim.esm	MGEF	MAG_HazardFireDamageFFContact	FULL	0	Fire hazard	Fire hazard	Mysticism 2.4.2 CHT exact FormKey seed
00000074	02ACD4:Skyrim.esm	MGEF	MAG_HazardFireDamageFFContact	DNAM	0			Mysticism 2.4.2 CHT exact FormKey seed
00000075	03AE9E:Skyrim.esm	MGEF	MAG_FireCloakFFSelf	FULL	0	Flame Cloak	火焰斗篷術	Mysticism 2.4.2 CHT exact FormKey seed
00000076	03AE9E:Skyrim.esm	MGEF	MAG_FireCloakFFSelf	DNAM	0	For <dur> seconds, nearby enemies take <mag> Fire damage per second. Targets on fire take extra damage over time.	在 <dur> 秒內，附近的敵人每秒受到 <mag> 點火焰傷害。燃燒中的目標受到額外的持續傷害。	Mysticism 2.4.2 CHT exact FormKey seed
00000077	03AEA0:Skyrim.esm	MGEF	MAG_FrostCloakFFSelf	FULL	0	Frost Cloak	冰霜斗篷術	Mysticism 2.4.2 CHT exact FormKey seed
00000078	03AEA0:Skyrim.esm	MGEF	MAG_FrostCloakFFSelf	DNAM	0	For <dur> seconds, nearby enemies take <mag> Frost damage per second to Health and Stamina.	在 <dur> 秒內，每秒對附近的敵人造成生命和耐力 <mag> 點寒霜傷害。	Mysticism 2.4.2 CHT exact FormKey seed
00000079	03AEA1:Skyrim.esm	MGEF	MAG_ShockCloakFFSelf	FULL	0	Shock Cloak	閃電斗篷術	Mysticism 2.4.2 CHT exact FormKey seed
0000007A	03AEA1:Skyrim.esm	MGEF	MAG_ShockCloakFFSelf	DNAM	0	For <dur> seconds, nearby enemies take <mag> Shock damage per second to Health and Magicka.	在 <dur> 秒內，每秒對附近的敵人造成生命和法力 <mag> 點閃電傷害。	Mysticism 2.4.2 CHT exact FormKey seed
0000007B	03E07B:Skyrim.esm	MGEF	MAG_HazardFrostDamageFFContact	FULL	0	Ice Hazard	寒霜災害	Mysticism 2.4.2 CHT exact FormKey seed
0000007C	03E07B:Skyrim.esm	MGEF	MAG_HazardFrostDamageFFContact	DNAM	0			Mysticism 2.4.2 CHT exact FormKey seed
0000007D	0424FA:Skyrim.esm	MGEF	MAG_BoundSwordFFSelfMystic	FULL	0	Bound Sword	長劍塑形術	Mysticism 2.4.2 CHT exact FormKey seed
0000007E	0424FA:Skyrim.esm	MGEF	MAG_BoundSwordFFSelfMystic	DNAM	0			Mysticism 2.4.2 CHT exact FormKey seed
0000007F	0424FF:Skyrim.esm	MGEF	MAG_BoundBattleAxeFFSelfMystic	FULL	0	Bound Battleaxe	巨斧塑形術	Mysticism 2.4.2 CHT exact FormKey seed
00000080	0424FF:Skyrim.esm	MGEF	MAG_BoundBattleAxeFFSelfMystic	DNAM	0			Mysticism 2.4.2 CHT exact FormKey seed
00000081	042500:Skyrim.esm	MGEF	MAG_BoundBowFFSelfMystic	FULL	0	Mystic Bow	魔能戰弓	Mysticism 2.4.2 CHT exact FormKey seed
00000082	042500:Skyrim.esm	MGEF	MAG_BoundBowFFSelfMystic	DNAM	0			Mysticism 2.4.2 CHT exact FormKey seed
00000083	04250D:Skyrim.esm	MGEF	MAG_PerkRespiteConcSelf	FULL	0	Restore Stamina	恢復耐力	Mysticism 2.4.2 CHT exact FormKey seed
00000084	04250D:Skyrim.esm	MGEF	MAG_PerkRespiteConcSelf	DNAM	0			Mysticism 2.4.2 CHT exact FormKey seed
00000085	045D5A:Skyrim.esm	MGEF	MAG_HazardShockBarrierFFContact	FULL	0	Shock Hazard	閃電災害	Mysticism 2.4.2 CHT exact FormKey seed
00000086	045D5A:Skyrim.esm	MGEF	MAG_HazardShockBarrierFFContact	DNAM	0			Mysticism 2.4.2 CHT exact FormKey seed
00000087	04B145:Skyrim.esm	MGEF	MAG_TurnUndeadFFAimed00	FULL	0	Turn Lesser Undead	初階驅邪術	Mysticism 2.4.2 CHT exact FormKey seed
00000088	04B145:Skyrim.esm	MGEF	MAG_TurnUndeadFFAimed00	DNAM	0	Undead up to level <mag> are turned for <dur> seconds.	最高 <mag> 級的不死者被驅離，持續 <dur> 秒。	Mysticism 2.4.2 CHT exact FormKey seed
00000089	04D3F7:Skyrim.esm	MGEF	MAG_TurnUndeadFFAimedArea25	FULL	0	Repel Undead	進階辟邪術	Mysticism 2.4.2 CHT exact FormKey seed
0000008A	04D3F7:Skyrim.esm	MGEF	MAG_TurnUndeadFFAimedArea25	DNAM	0	Undead up to level <mag> are turned for <dur> seconds.	最高 <mag> 級的不死者被驅離，持續 <dur> 秒。	Mysticism 2.4.2 CHT exact FormKey seed
0000008B	04D3F9:Skyrim.esm	MGEF	MAG_TurnUndeadPushFFAimed	FULL	0	Turn Undead Push	Turn Undead Push	Mysticism 2.4.2 CHT exact FormKey seed
0000008C	04D3F9:Skyrim.esm	MGEF	MAG_TurnUndeadPushFFAimed	DNAM	0			Mysticism 2.4.2 CHT exact FormKey seed
0000008D	04DBA3:Skyrim.esm	MGEF	MAG_SoulTrapFFActor	FULL	0	Soul Trap	縛魂術	Mysticism 2.4.2 CHT exact FormKey seed
0000008E	04DBA3:Skyrim.esm	MGEF	MAG_SoulTrapFFActor	DNAM	0	If the target dies within <dur> seconds, fills a soul gem.	如果目標在 <dur> 秒內死亡，可為一塊靈魂石充能。	Mysticism 2.4.2 CHT exact FormKey seed
0000008F	04DEDF:Skyrim.esm	MGEF	MAG_CalmFFAimedArea50	FULL	0	Calm	安撫	Mysticism 2.4.2 CHT exact FormKey seed
00000090	04DEDF:Skyrim.esm	MGEF	MAG_CalmFFAimedArea50	DNAM	0	Living targets up to level <mag> in a large area won't fight for <dur> seconds.	大範圍內最高 <mag> 級的活著目標停止攻擊，持續 <dur> 秒。	Mysticism 2.4.2 CHT exact FormKey seed
00000091	04DEE6:Skyrim.esm	MGEF	MAG_FrenzyFFAimed00	FULL	0	Frenzy	狂心	Mysticism 2.4.2 CHT exact FormKey seed
00000092	04DEE6:Skyrim.esm	MGEF	MAG_FrenzyFFAimed00	DNAM	0	Living targets up to level <mag> will attack anything nearby for <dur> seconds.	最高 <mag> 級的活著目標攻擊周遭任何目標，持續 <dur> 秒。	Mysticism 2.4.2 CHT exact FormKey seed
00000093	04DEE7:Skyrim.esm	MGEF	MAG_CalmFFAimed00	FULL	0	Calm	安撫	Mysticism 2.4.2 CHT exact FormKey seed
00000094	04DEE7:Skyrim.esm	MGEF	MAG_CalmFFAimed00	DNAM	0	Living targets up to level <mag> won't fight for <dur> seconds.	最高 <mag> 級的活著目標停止戰鬥，持續 <dur> 秒。	Mysticism 2.4.2 CHT exact FormKey seed
00000095	04E80B:Skyrim.esm	MGEF	MAG_HazardCircleofProtectionFFContact	FULL	0	Turn Undead	驅離不死者	Mysticism 2.4.2 CHT exact FormKey seed
00000096	04E80B:Skyrim.esm	MGEF	MAG_HazardCircleofProtectionFFContact	DNAM	0			Mysticism 2.4.2 CHT exact FormKey seed
00000097	04E93E:Skyrim.esm	MGEF	MAG_PerkRespiteConcActor	FULL	0	Restore Stamina	恢復耐力	Mysticism 2.4.2 CHT exact FormKey seed
00000098	04E93E:Skyrim.esm	MGEF	MAG_PerkRespiteConcActor	DNAM	0			Mysticism 2.4.2 CHT exact FormKey seed
00000099	04E93F:Skyrim.esm	MGEF	MAG_PerkRestoreStaminaFFActor	FULL	0	Restore Stamina	恢復耐力	Mysticism 2.4.2 CHT exact FormKey seed
0000009A	04E93F:Skyrim.esm	MGEF	MAG_PerkRestoreStaminaFFActor	DNAM	0			Mysticism 2.4.2 CHT exact FormKey seed
0000009B	04E945:Skyrim.esm	MGEF	MAG_SummonFlameAtronachPotent	FULL	0	Conjure Potent Flame Atronach	召喚強力烈焰屬靈	Mysticism 2.4.2 CHT exact FormKey seed
0000009C	04E945:Skyrim.esm	MGEF	MAG_SummonFlameAtronachPotent	DNAM	0			Mysticism 2.4.2 CHT exact FormKey seed
0000009D	04E946:Skyrim.esm	MGEF	MAG_SummonFrostAtronachPotent	FULL	0	Conjure Potent Frost Atronach	召喚強力寒霜屬靈	Mysticism 2.4.2 CHT exact FormKey seed
0000009E	04E946:Skyrim.esm	MGEF	MAG_SummonFrostAtronachPotent	DNAM	0			Mysticism 2.4.2 CHT exact FormKey seed
0000009F	04E947:Skyrim.esm	MGEF	MAG_SummonStormAtronachPotent	FULL	0	Conjure Potent Storm Atronach	召喚強力風暴屬靈	Mysticism 2.4.2 CHT exact FormKey seed
000000A0	04E947:Skyrim.esm	MGEF	MAG_SummonStormAtronachPotent	DNAM	0			Mysticism 2.4.2 CHT exact FormKey seed
000000A1	050CEA:Skyrim.esm	MGEF	MAG_CourageFFSelfHealth	FULL	0	Fortify Health	強化生命	Mysticism 2.4.2 CHT exact FormKey seed
000000A2	050CEA:Skyrim.esm	MGEF	MAG_CourageFFSelfHealth	DNAM	0			Mysticism 2.4.2 CHT exact FormKey seed
000000A3	050CEB:Skyrim.esm	MGEF	MAG_CourageFFSelfStamina	FULL	0	Fortify Stamina	強化耐力	Mysticism 2.4.2 CHT exact FormKey seed
000000A4	050CEB:Skyrim.esm	MGEF	MAG_CourageFFSelfStamina	DNAM	0			Mysticism 2.4.2 CHT exact FormKey seed
000000A5	050CEC:Skyrim.esm	MGEF	MAG_PerkMasterMindCourageFFSelfHealth	FULL	0	Fortify Health	強化生命	Mysticism 2.4.2 CHT exact FormKey seed
000000A6	050CEC:Skyrim.esm	MGEF	MAG_PerkMasterMindCourageFFSelfHealth	DNAM	0			Mysticism 2.4.2 CHT exact FormKey seed
000000A7	050CED:Skyrim.esm	MGEF	MAG_PerkMasterMindCourageFFSelfStamina	FULL	0	Fortify Stamina	強化耐力	Mysticism 2.4.2 CHT exact FormKey seed
000000A8	050CED:Skyrim.esm	MGEF	MAG_PerkMasterMindCourageFFSelfStamina	DNAM	0			Mysticism 2.4.2 CHT exact FormKey seed
000000A9	050CEE:Skyrim.esm	MGEF	MAG_ConfUpAreaFortifyHealth50	FULL	0	Fortify Health	強化生命	Mysticism 2.4.2 CHT exact FormKey seed
000000AA	050CEE:Skyrim.esm	MGEF	MAG_ConfUpAreaFortifyHealth50	DNAM	0			Mysticism 2.4.2 CHT exact FormKey seed
000000AB	050CEF:Skyrim.esm	MGEF	MAG_ConfUpAreaFortifyStamina50	FULL	0	Fortify Stamina	強化耐力	Mysticism 2.4.2 CHT exact FormKey seed
000000AC	050CEF:Skyrim.esm	MGEF	MAG_ConfUpAreaFortifyStamina50	DNAM	0			Mysticism 2.4.2 CHT exact FormKey seed
000000AD	051B15:Skyrim.esm	MGEF	MAG_ArmorFFSelf0	FULL	0	Fortify Armor Rating	強化護具防禦力	Mysticism 2.4.2 CHT exact FormKey seed
000000AE	051B15:Skyrim.esm	MGEF	MAG_ArmorFFSelf0	DNAM	0	Your Armor Rating is increased by <mag> for <dur> seconds.	提高護具防禦力 <mag> 點，持續 <dur> 秒。	Mysticism 2.4.2 CHT exact FormKey seed
000000AF	05312C:Skyrim.esm	MGEF	MAG_CircleofProtectionFFSelf75	FULL	0	Circle of Protection	庇護領域術	Mysticism 2.4.2 CHT exact FormKey seed
000000B0	05312C:Skyrim.esm	MGEF	MAG_CircleofProtectionFFSelf75	DNAM	0			Mysticism 2.4.2 CHT exact FormKey seed
000000B1	059B7A:Skyrim.esm	MGEF	MAG_ArmorFFSelf25	FULL	0	Fortify Armor Rating	強化護具防禦力	Mysticism 2.4.2 CHT exact FormKey seed
000000B2	059B7A:Skyrim.esm	MGEF	MAG_ArmorFFSelf25	DNAM	0	Your Armor Rating is increased by <mag> for <dur> seconds.	提高護具防禦力 <mag> 點，持續 <dur> 秒。	Mysticism 2.4.2 CHT exact FormKey seed
000000B3	059B7B:Skyrim.esm	MGEF	MAG_ArmorFFSelf50	FULL	0	Fortify Armor Rating	強化護具防禦力	Mysticism 2.4.2 CHT exact FormKey seed
000000B4	059B7B:Skyrim.esm	MGEF	MAG_ArmorFFSelf50	DNAM	0	Your Armor Rating is increased by <mag> for <dur> seconds.	提高護具防禦力 <mag> 點，持續 <dur> 秒。	Mysticism 2.4.2 CHT exact FormKey seed
000000B5	059B7C:Skyrim.esm	MGEF	MAG_ArmorFFSelf75	FULL	0	Fortify Armor Rating	強化護具防禦力	Mysticism 2.4.2 CHT exact FormKey seed
000000B6	059B7C:Skyrim.esm	MGEF	MAG_ArmorFFSelf75	DNAM	0	Your Armor Rating is increased by <mag> for <dur> seconds.	提高護具防禦力 <mag> 點，持續 <dur> 秒。	Mysticism 2.4.2 CHT exact FormKey seed
000000B7	05AD60:Skyrim.esm	MGEF	MAG_WardConcSelf25	FULL	0	Steadfast Ward	堅固結界術	Mysticism 2.4.2 CHT exact FormKey seed
000000B8	05AD60:Skyrim.esm	MGEF	MAG_WardConcSelf25	DNAM	0	Negates up to <mag> points of spell damage. 	吸收最多 <mag> 點法術傷害。	Mysticism 2.4.2 CHT exact FormKey seed
000000B9	05AD61:Skyrim.esm	MGEF	MAG_WardConcSelf50	FULL	0	Greater Ward	進階結界術	Mysticism 2.4.2 CHT exact FormKey seed
000000BA	05AD61:Skyrim.esm	MGEF	MAG_WardConcSelf50	DNAM	0	Negates up to <mag> points of spell damage. 	吸收最多 <mag> 點法術傷害。	Mysticism 2.4.2 CHT exact FormKey seed
000000BB	05DB8F:Skyrim.esm	MGEF	MAG_RuneFireFFLocation	FULL	0	Fire Rune	暴炎法印	Mysticism 2.4.2 CHT exact FormKey seed
000000BC	05DB8F:Skyrim.esm	MGEF	MAG_RuneFireFFLocation	DNAM	0	Creates a rune that explodes when enemies approach, dealing <mag> Fire damage. Targets on fire take extra damage over time.	施放一個敵人靠近時會爆炸的法印，造成 <mag> 點火焰傷害。燃燒中的目標受到額外的持續傷害。	Mysticism 2.4.2 CHT exact FormKey seed
000000BD	05DBAE:Skyrim.esm	MGEF	MAG_ShockDamageFFAimedArea50	FULL	0	Shock Damage	閃電傷害	Mysticism 2.4.2 CHT exact FormKey seed
000000BE	05DBAE:Skyrim.esm	MGEF	MAG_ShockDamageFFAimedArea50	DNAM	0	Deals <mag> Shock damage to Health and Magicka, then leaps to a new target.	對生命與法力造成 <mag> 點的閃電傷害，然後傳導至下一個目標。	Mysticism 2.4.2 CHT exact FormKey seed
000000BF	05DD5B:Skyrim.esm	MGEF	MAG_TurnUndeadFFAimed25	FULL	0	Turn Undead	驅離不死者	Mysticism 2.4.2 CHT exact FormKey seed
000000C0	05DD5B:Skyrim.esm	MGEF	MAG_TurnUndeadFFAimed25	DNAM	0	Undead up to level <mag> are turned for <dur> seconds.	最高 <mag> 級的不死者被驅離，持續 <dur> 秒。	Mysticism 2.4.2 CHT exact FormKey seed
000000C1	05DD5C:Skyrim.esm	MGEF	MAG_TurnUndeadFFTouch50	FULL	0	Turn Greater Undead	高階驅邪術	Mysticism 2.4.2 CHT exact FormKey seed
000000C2	05DD5C:Skyrim.esm	MGEF	MAG_TurnUndeadFFTouch50	DNAM	0	Touch undead up to level <mag> in melee range to turn them for <dur> seconds.	近距離觸碰不死者，最高 <mag> 級的被驅離，持續 <dur> 秒。	Mysticism 2.4.2 CHT exact FormKey seed
000000C3	05DD5F:Skyrim.esm	MGEF	MAG_TurnUndeadFFAimedArea50	FULL	0	Turn Undead	驅離不死者	Mysticism 2.4.2 CHT exact FormKey seed
000000C4	05DD5F:Skyrim.esm	MGEF	MAG_TurnUndeadFFAimedArea50	DNAM	0	Undead up to level <mag> in a large area are turned for <dur> seconds.	大範圍內最高 <mag> 級的不死者被驅離，持續  <dur> 秒。	Mysticism 2.4.2 CHT exact FormKey seed
000000C5	0640B4:Skyrim.esm	MGEF	MAG_SummonSpectralWolf	FULL	0	Conjure Spectral Wolf	幽靈狼召喚術	Mysticism 2.4.2 CHT exact FormKey seed
000000C6	0640B4:Skyrim.esm	MGEF	MAG_SummonSpectralWolf	DNAM	0	Summons a Spectral Wolf for <dur> seconds.	召喚一頭幽靈狼，持續 <dur> 秒。	Mysticism 2.4.2 CHT exact FormKey seed
000000C7	065BD6:Skyrim.esm	MGEF	MAG_ReanimateFFAimed0	FULL	0	Reanimate	喚起亡者	Mysticism 2.4.2 CHT exact FormKey seed
000000C8	065BD6:Skyrim.esm	MGEF	MAG_ReanimateFFAimed0	DNAM	0	Reanimates a corpse up to level <mag> for <dur> seconds.	喚醒最高 <mag> 級的屍體，持續 <dur> 秒。	Mysticism 2.4.2 CHT exact FormKey seed
000000C9	06796D:Skyrim.esm	MGEF	MAG_RuneFrostFFLocation25	FULL	0	Frost Rune	暴霜法印	Mysticism 2.4.2 CHT exact FormKey seed
000000CA	06796D:Skyrim.esm	MGEF	MAG_RuneFrostFFLocation25	DNAM	0	Creates a rune that explodes when enemies approach, dealing <mag> Frost damage to Health and Stamina.	施放一個敵人靠近時會爆炸的法印，對生命與耐力造成 <mag> 點的寒霜傷害。	Mysticism 2.4.2 CHT exact FormKey seed
000000CB	06796E:Skyrim.esm	MGEF	MAG_RuneShockFFLocation	FULL	0	Shock Rune	暴電法印	Mysticism 2.4.2 CHT exact FormKey seed
000000CC	06796E:Skyrim.esm	MGEF	MAG_RuneShockFFLocation	DNAM	0	Creates a rune that explodes when enemies approach, dealing <mag> Shock damage to Health and Magicka.	施放一個敵人靠近時會爆炸的法印，對生命與法力造成 <mag> 點的閃電傷害。	Mysticism 2.4.2 CHT exact FormKey seed
000000CD	069CE6:Skyrim.esm	MGEF	MAG_EnchBoundSwordFX	FULL	0	Bound Sword	長劍塑形術	Mysticism 2.4.2 CHT exact FormKey seed
000000CE	069CE6:Skyrim.esm	MGEF	MAG_EnchBoundSwordFX	DNAM	0			Mysticism 2.4.2 CHT exact FormKey seed
000000CF	06A154:Skyrim.esm	MGEF	MAG_MGRSummonArnielEffect	FULL	0	Summon Arniel's Shade	阿內爾之影召喚術	Mysticism 2.4.2 CHT exact FormKey seed
000000D0	06A154:Skyrim.esm	MGEF	MAG_MGRSummonArnielEffect	DNAM	0	Summons the Shade of Arniel Gane for <dur> seconds wherever the caster is pointing.	在施法者所指之處召喚虛影化的阿內爾·甘，持續 <dur> 秒。	Mysticism 2.4.2 CHT exact FormKey seed
000000D1	07A82A:Skyrim.esm	MGEF	MAG_FireDamageFFSelfArea60	FULL	0	Fire Storm 60	Fire Storm 60	Mysticism 2.4.2 CHT exact FormKey seed
000000D2	07A82A:Skyrim.esm	MGEF	MAG_FireDamageFFSelfArea60	DNAM	0			Mysticism 2.4.2 CHT exact FormKey seed
000000D3	07E5D2:Skyrim.esm	MGEF	MAG_SummonFlameMonarch	FULL	0	Conjure Flame Monarch	烈焰君王召喚術	Mysticism 2.4.2 CHT exact FormKey seed
000000D4	07E5D2:Skyrim.esm	MGEF	MAG_SummonFlameMonarch	DNAM	0	Summons a Flame Monarch for <dur> seconds.	召喚一個烈焰君王，持續 <dur> 秒。	Mysticism 2.4.2 CHT exact FormKey seed
000000D5	07E5D3:Skyrim.esm	MGEF	MAG_SummonFrostMonarch	FULL	0	Conjure Frost Monarch	寒霜君王召喚術	Mysticism 2.4.2 CHT exact FormKey seed
000000D6	07E5D3:Skyrim.esm	MGEF	MAG_SummonFrostMonarch	DNAM	0	Summons a Frost Monarch for <dur> seconds.	召喚一個寒霜君王，持續 <dur> 秒。	Mysticism 2.4.2 CHT exact FormKey seed
000000D7	07E5D4:Skyrim.esm	MGEF	MAG_SummonStormMonarch	FULL	0	Conjure Storm Monarch	風暴君王召喚術	Mysticism 2.4.2 CHT exact FormKey seed
000000D8	07E5D4:Skyrim.esm	MGEF	MAG_SummonStormMonarch	DNAM	0	Summons a Storm Monarch for <dur> seconds.	召喚一個風暴君王，持續 <dur> 秒。	Mysticism 2.4.2 CHT exact FormKey seed
000000D9	07E8D6:Skyrim.esm	MGEF	MAG_FrenzyFFSelfArea100	FULL	0	Frenzy	狂心	Mysticism 2.4.2 CHT exact FormKey seed
000000DA	07E8D6:Skyrim.esm	MGEF	MAG_FrenzyFFSelfArea100	DNAM	0	Living targets up to level <mag> in a massive area will attack anyone nearby for <dur> seconds.	極大範圍內最高 <mag> 級的活著目標攻擊周圍的任何目標，持續 <dur> 秒。	Mysticism 2.4.2 CHT exact FormKey seed
000000DB	07E8D8:Skyrim.esm	MGEF	MAG_FearFFSelfArea100	FULL	0	Fear	威懼	Mysticism 2.4.2 CHT exact FormKey seed
000000DC	07E8D8:Skyrim.esm	MGEF	MAG_FearFFSelfArea100	DNAM	0	Living targets up to level <mag> in a massive area flee from combat for <dur> seconds.	極大範圍內最高 <mag> 級的活著目標逃避戰鬥，持續 <dur> 秒。	Mysticism 2.4.2 CHT exact FormKey seed
000000DD	07E8DC:Skyrim.esm	MGEF	MAG_CalmFFSelfArea100	FULL	0	Calm	安撫	Mysticism 2.4.2 CHT exact FormKey seed
000000DE	07E8DC:Skyrim.esm	MGEF	MAG_CalmFFSelfArea100	DNAM	0	Living targets up to level <mag> in a massive area won't fight for <dur> seconds.	極大範圍內最高 <mag> 級的活著目標停止攻擊，持續 <dur> 秒。	Mysticism 2.4.2 CHT exact FormKey seed
000000DF	07E8E0:Skyrim.esm	MGEF	MAG_ReanimateFFAimed100	FULL	0	Reanimate Thrall	喚起屍僕	Mysticism 2.4.2 CHT exact FormKey seed
000000E0	07E8E0:Skyrim.esm	MGEF	MAG_ReanimateFFAimed100	DNAM	0	Permanently reanimates a corpse up to level <mag>.	永久喚醒最高 <mag> 級的屍體。	Mysticism 2.4.2 CHT exact FormKey seed
000000E1	082A32:Skyrim.esm	MGEF	MAG_FireDamageFFSelfArea20	FULL	0	Fire Storm 20	Fire Storm 20	Mysticism 2.4.2 CHT exact FormKey seed
000000E2	082A32:Skyrim.esm	MGEF	MAG_FireDamageFFSelfArea20	DNAM	0			Mysticism 2.4.2 CHT exact FormKey seed
000000E3	082A33:Skyrim.esm	MGEF	MAG_FireDamageFFSelfArea40	FULL	0	Fire Storm 40	Fire Storm 40	Mysticism 2.4.2 CHT exact FormKey seed
000000E4	082A33:Skyrim.esm	MGEF	MAG_FireDamageFFSelfArea40	DNAM	0			Mysticism 2.4.2 CHT exact FormKey seed
000000E5	08C1AA:Skyrim.esm	MGEF	MAG_TurnUndeadFFSelfArea100	FULL	0	Turn Undead	驅離不死者	Mysticism 2.4.2 CHT exact FormKey seed
000000E6	08C1AA:Skyrim.esm	MGEF	MAG_TurnUndeadFFSelfArea100	DNAM	0	Undead up to level <mag> in a massive area are turned for <dur> seconds. 	極大範圍內最高 <mag> 級的不死者被驅離，持續  <dur> 秒。	Mysticism 2.4.2 CHT exact FormKey seed
000000E7	08F3EA:Skyrim.esm	MGEF	MAG_MuffleFFSelf25	FULL	0	Muffle	消除聲響	Mysticism 2.4.2 CHT exact FormKey seed
000000E8	08F3EA:Skyrim.esm	MGEF	MAG_MuffleFFSelf25	DNAM	0	You move silently for <dur> seconds.	移動起來悄無聲息，持續 <dur> 秒。	Mysticism 2.4.2 CHT exact FormKey seed
000000E9	08F3ED:Skyrim.esm	MGEF	MAG_FireDamageBarrierConcAimed	FULL	0	Fire Barrier	火牆術	Mysticism 2.4.2 CHT exact FormKey seed
000000EA	08F3ED:Skyrim.esm	MGEF	MAG_FireDamageBarrierConcAimed	DNAM	0	Creates a wall that deals <mag> Fire damage per second for <dur> seconds. Targets on fire take extra damage over time.	創造一道魔牆，持續 <dur> 秒；每秒造成 <mag> 點火焰傷害。燃燒中的目標會受到額外持續傷害。	Mysticism 2.5.0 custom; Skyrim 8.20 terminology
000000EB	08F3F2:Skyrim.esm	MGEF	MAG_FireDamageHazardFFContact	FULL	0	Fire hazard	火焰災害	Mysticism 2.4.2 CHT exact FormKey seed
000000EC	08F3F2:Skyrim.esm	MGEF	MAG_FireDamageHazardFFContact	DNAM	0			Mysticism 2.4.2 CHT exact FormKey seed
000000ED	08F3F7:Skyrim.esm	MGEF	MAG_FrostDamageBarrierConcAimed	FULL	0	Frost Barrier	冰牆術	Mysticism 2.4.2 CHT exact FormKey seed
000000EE	08F3F7:Skyrim.esm	MGEF	MAG_FrostDamageBarrierConcAimed	DNAM	0	Creates a wall that deals <mag> Frost damage per second to Health and Stamina for <dur> seconds.	創造一道魔牆，持續 <dur> 秒；每秒對生命與耐力造成 <mag> 點寒霜傷害。	Mysticism 2.5.0 custom; Skyrim 8.20 terminology
000000EF	096D0B:Skyrim.esm	MGEF	MAG_ReanimateFFAimed25	FULL	0	Reanimate	喚起亡者	Mysticism 2.4.2 CHT exact FormKey seed
000000F0	096D0B:Skyrim.esm	MGEF	MAG_ReanimateFFAimed25	DNAM	0	Reanimates a corpse up to level <mag> for <dur> seconds.	喚醒最高 <mag> 級的屍體，持續 <dur> 秒。	Mysticism 2.4.2 CHT exact FormKey seed
000000F1	096D0C:Skyrim.esm	MGEF	MAG_ReanimateFFAimed50	FULL	0	Reanimate	喚起亡者	Mysticism 2.4.2 CHT exact FormKey seed
000000F2	096D0C:Skyrim.esm	MGEF	MAG_ReanimateFFAimed50	DNAM	0	Reanimates a corpse up to level <mag> for <dur> seconds.	喚醒最高 <mag> 級的屍體，持續 <dur> 秒。	Mysticism 2.4.2 CHT exact FormKey seed
000000F3	096D0D:Skyrim.esm	MGEF	MAG_ReanimateFFAimed75	FULL	0	Reanimate	喚起亡者	Mysticism 2.4.2 CHT exact FormKey seed
000000F4	096D0D:Skyrim.esm	MGEF	MAG_ReanimateFFAimed75	DNAM	0	Reanimates a corpse up to level <mag> for <dur> seconds.	喚醒最高 <mag> 級的屍體，持續 <dur> 秒。	Mysticism 2.4.2 CHT exact FormKey seed
000000F5	09E0BB:Skyrim.esm	MGEF	MAG_PerkMasterMindCalmFFAimed	FULL	0	Master of the Mind	心靈掌控大師	Mysticism 2.4.2 CHT exact FormKey seed
000000F6	09E0BB:Skyrim.esm	MGEF	MAG_PerkMasterMindCalmFFAimed	DNAM	0			Mysticism 2.4.2 CHT exact FormKey seed
000000F7	09E0BC:Skyrim.esm	MGEF	MAG_PerkMasterMindCalmFFAimedArea	FULL	0	Master of the Mind	心靈掌控大師	Mysticism 2.4.2 CHT exact FormKey seed
000000F8	09E0BC:Skyrim.esm	MGEF	MAG_PerkMasterMindCalmFFAimedArea	DNAM	0			Mysticism 2.4.2 CHT exact FormKey seed
000000F9	09E0BD:Skyrim.esm	MGEF	MAG_PerkMasterMindCalmFFSelfArea100	FULL	0	Master of the Mind	心靈掌控大師	Mysticism 2.4.2 CHT exact FormKey seed
000000FA	09E0BD:Skyrim.esm	MGEF	MAG_PerkMasterMindCalmFFSelfArea100	DNAM	0			Mysticism 2.4.2 CHT exact FormKey seed
000000FB	09E0BE:Skyrim.esm	MGEF	MAG_PerkMasterMindFrenzyFFAimed00	FULL	0	Frenzy	狂心	Mysticism 2.4.2 CHT exact FormKey seed
000000FC	09E0BE:Skyrim.esm	MGEF	MAG_PerkMasterMindFrenzyFFAimed00	DNAM	0			Mysticism 2.4.2 CHT exact FormKey seed
000000FD	09E0BF:Skyrim.esm	MGEF	MAG_PerkMasterMindFrenzyFFAimedArea50	FULL	0	Master of the Mind	心靈掌控大師	Mysticism 2.4.2 CHT exact FormKey seed
000000FE	09E0BF:Skyrim.esm	MGEF	MAG_PerkMasterMindFrenzyFFAimedArea50	DNAM	0			Mysticism 2.4.2 CHT exact FormKey seed
000000FF	09E0C0:Skyrim.esm	MGEF	MAG_PerkMasterMindFrenzyFFSelfArea100	FULL	0	Master of the Mind	心靈掌控大師	Mysticism 2.4.2 CHT exact FormKey seed
00000100	09E0C0:Skyrim.esm	MGEF	MAG_PerkMasterMindFrenzyFFSelfArea100	DNAM	0			Mysticism 2.4.2 CHT exact FormKey seed
00000101	09E0C1:Skyrim.esm	MGEF	MAG_PerkMasterMindFearFFAimed25	FULL	0	Master of the Mind	心靈掌控大師	Mysticism 2.4.2 CHT exact FormKey seed
00000102	09E0C1:Skyrim.esm	MGEF	MAG_PerkMasterMindFearFFAimed25	DNAM	0			Mysticism 2.4.2 CHT exact FormKey seed
00000103	09E0C2:Skyrim.esm	MGEF	MAG_PerkMasterMindFearFFAimedArea75	FULL	0	Master of the Mind	心靈掌控大師	Mysticism 2.4.2 CHT exact FormKey seed
00000104	09E0C2:Skyrim.esm	MGEF	MAG_PerkMasterMindFearFFAimedArea75	DNAM	0			Mysticism 2.4.2 CHT exact FormKey seed
00000105	09E0C3:Skyrim.esm	MGEF	MAG_PerkMasterMindFearFFSelfArea250	FULL	0	Master of the Mind	心靈掌控大師	Mysticism 2.4.2 CHT exact FormKey seed
00000106	09E0C3:Skyrim.esm	MGEF	MAG_PerkMasterMindFearFFSelfArea250	DNAM	0			Mysticism 2.4.2 CHT exact FormKey seed
00000107	09E0C4:Skyrim.esm	MGEF	MAG_PerkMasterMindCourageFFSelfArea	FULL	0	Master of the Mind	心靈掌控大師	Mysticism 2.4.2 CHT exact FormKey seed
00000108	09E0C4:Skyrim.esm	MGEF	MAG_PerkMasterMindCourageFFSelfArea	DNAM	0			Mysticism 2.4.2 CHT exact FormKey seed
00000109	0B323F:Skyrim.esm	MGEF	MAG_MGRitual02Effect	FULL	0	Vision of the Tenth Eye	第十視界術	Mysticism 2.4.2 CHT exact FormKey seed
0000010A	0B323F:Skyrim.esm	MGEF	MAG_MGRitual02Effect	DNAM	0	See what others cannot for <dur> seconds.	可以看到別人看不到的東西，持續 <dur> 秒。	Mysticism 2.4.2 CHT exact FormKey seed
0000010B	0B62E5:Skyrim.esm	MGEF	MAG_ParalyzeFFSelfArea100Dummy	FULL	0	Paralyze	麻痺	Mysticism 2.4.2 CHT exact FormKey seed
0000010C	0B62E5:Skyrim.esm	MGEF	MAG_ParalyzeFFSelfArea100Dummy	DNAM	0			Mysticism 2.4.2 CHT exact FormKey seed
0000010D	0B729D:Skyrim.esm	MGEF	MAG_FrostSlowConcAimed	FULL	0	Slow	緩速	Mysticism 2.4.2 CHT exact FormKey seed
0000010E	0B729D:Skyrim.esm	MGEF	MAG_FrostSlowConcAimed	DNAM	0			Mysticism 2.4.2 CHT exact FormKey seed
0000010F	0B729F:Skyrim.esm	MGEF	MAG_FrostSlowFFAimed	FULL	0	Slow	緩速	Mysticism 2.4.2 CHT exact FormKey seed
00000110	0B729F:Skyrim.esm	MGEF	MAG_FrostSlowFFAimed	DNAM	0			Mysticism 2.4.2 CHT exact FormKey seed
00000111	0B79E7:Skyrim.esm	MGEF	MAG_DetectLifeFriendExteriorConcSelf	FULL	0	Detect Life Friend Exterior	Detect Life Friend Exterior	Mysticism 2.4.2 CHT exact FormKey seed
00000112	0B79E7:Skyrim.esm	MGEF	MAG_DetectLifeFriendExteriorConcSelf	DNAM	0			Mysticism 2.4.2 CHT exact FormKey seed
00000113	0B79E8:Skyrim.esm	MGEF	MAG_DetectDeadEnemyExteriorConcSelf	FULL	0	Detect Dead Enemy Exterior	Detect Dead Enemy Exterior	Mysticism 2.4.2 CHT exact FormKey seed
00000114	0B79E8:Skyrim.esm	MGEF	MAG_DetectDeadEnemyExteriorConcSelf	DNAM	0			Mysticism 2.4.2 CHT exact FormKey seed
00000115	0B79FE:Skyrim.esm	MGEF	MAG_FrostDamageFFHazardArea	FULL	0	Blizzard	暴雪氣旋術	Mysticism 2.4.2 CHT exact FormKey seed
00000116	0B79FE:Skyrim.esm	MGEF	MAG_FrostDamageFFHazardArea	DNAM	0	Deals <mag> Frost damage per second to Health and Stamina in a massive area for <dur> seconds.	極大範圍內每秒對生命與耐力造成 <mag> 點的寒霜傷害，持續 <dur> 秒。	Mysticism 2.4.2 CHT exact FormKey seed
00000117	0BA30F:Skyrim.esm	MGEF	MAG_BoundSwordRightHandFFSelf	FULL	0	Bound Sword	長劍塑形術	Mysticism 2.4.2 CHT exact FormKey seed
00000118	0BA30F:Skyrim.esm	MGEF	MAG_BoundSwordRightHandFFSelf	DNAM	0	Creates a magic sword for <dur> seconds. Sheathe it to dispel.	製造一把可以持續 <dur> 秒的魔法長劍，收起即消失。	Mysticism 2.4.2 CHT exact FormKey seed
00000119	0BB96F:Skyrim.esm	MGEF	MAG_ShockDamageBarrierConcAimed	FULL	0	Shock Hazard	閃電災害	Mysticism 2.4.2 CHT exact FormKey seed
0000011A	0BB96F:Skyrim.esm	MGEF	MAG_ShockDamageBarrierConcAimed	DNAM	0	Creates a wall that deals <mag> Shock damage per second to Health and Magicka for <dur) seconds.	創造一道魔牆，持續 <dur) 秒；每秒對生命與法力造成 <mag> 點閃電傷害。	Mysticism 2.5.0 custom; Skyrim 8.20 terminology
0000011B	0C5BE0:Skyrim.esm	MGEF	MAG_EnchBoundBattleaxeFX	FULL	0	Bound Battleaxe	巨斧塑形術	Mysticism 2.4.2 CHT exact FormKey seed
0000011C	0C5BE0:Skyrim.esm	MGEF	MAG_EnchBoundBattleaxeFX	DNAM	0			Mysticism 2.4.2 CHT exact FormKey seed
0000011D	0C5BE1:Skyrim.esm	MGEF	MAG_EnchBoundBowFX	FULL	0	Bound Bow FX	Bound Bow FX	Mysticism 2.4.2 CHT exact FormKey seed
0000011E	0C5BE1:Skyrim.esm	MGEF	MAG_EnchBoundBowFX	DNAM	0			Mysticism 2.4.2 CHT exact FormKey seed
0000011F	0C5C0B:Skyrim.esm	MGEF	MAG_StaggerAttackAreaEffectUndead80	FULL	0	Stagger Area Attack	失衡範圍攻擊	Mysticism 2.4.2 CHT exact FormKey seed
00000120	0C5C0B:Skyrim.esm	MGEF	MAG_StaggerAttackAreaEffectUndead80	DNAM	0			Mysticism 2.4.2 CHT exact FormKey seed
00000121	0CDB75:Skyrim.esm	MGEF	MAG_ArmorFFSelf100	FULL	0	Fortify Armor Rating	強化護具防禦力	Mysticism 2.4.2 CHT exact FormKey seed
00000122	0CDB75:Skyrim.esm	MGEF	MAG_ArmorFFSelf100	DNAM	0	Your Armor Rating is increased by <mag> for <dur> seconds.	提高護具防禦力 <mag> 點，持續 <dur> 秒。	Mysticism 2.4.2 CHT exact FormKey seed
00000123	0CDECF:Skyrim.esm	MGEF	MAG_SummonFlameMonarchPotent	FULL	0	Conjure Potent Flame Monarch	強力烈焰君王召喚術	Mysticism 2.4.2 CHT exact FormKey seed
00000124	0CDECF:Skyrim.esm	MGEF	MAG_SummonFlameMonarchPotent	DNAM	0			Mysticism 2.4.2 CHT exact FormKey seed
00000125	0CDED0:Skyrim.esm	MGEF	MAG_SummonFrostMonarchPotent	FULL	0	Conjure Potent Frost Monarch	強力寒霜君王召喚術	Mysticism 2.4.2 CHT exact FormKey seed
00000126	0CDED0:Skyrim.esm	MGEF	MAG_SummonFrostMonarchPotent	DNAM	0			Mysticism 2.4.2 CHT exact FormKey seed
00000127	0CDED1:Skyrim.esm	MGEF	MAG_SummonStormMonarchPotent	FULL	0	Conjure Potent Storm Monarch	強力風暴君王召喚術	Mysticism 2.4.2 CHT exact FormKey seed
00000128	0CDED1:Skyrim.esm	MGEF	MAG_SummonStormMonarchPotent	DNAM	0			Mysticism 2.4.2 CHT exact FormKey seed
00000129	0CEDFF:Skyrim.esm	MGEF	MAG_DetectLifeEnemyExteriorConcSelf	FULL	0	Detect Life Enemy Exterior	Detect Life Enemy Exterior	Mysticism 2.4.2 CHT exact FormKey seed
0000012A	0CEDFF:Skyrim.esm	MGEF	MAG_DetectLifeEnemyExteriorConcSelf	DNAM	0			Mysticism 2.4.2 CHT exact FormKey seed
0000012B	0CEE00:Skyrim.esm	MGEF	MAG_DetectLifeEnemyInteriorConcSelf	FULL	0	Detect Life Enemy Interior	Detect Life Enemy Interior	Mysticism 2.4.2 CHT exact FormKey seed
0000012C	0CEE00:Skyrim.esm	MGEF	MAG_DetectLifeEnemyInteriorConcSelf	DNAM	0	You can see nearby living targets through walls.	能透過牆壁看見附近活著的生物。	Mysticism 2.4.2 CHT exact FormKey seed
0000012D	0D22FA:Skyrim.esm	MGEF	MAG_ShockDamageConcAimed100	FULL	0	Lightning Storm	閃電風暴術	Mysticism 2.4.2 CHT exact FormKey seed
0000012E	0D22FA:Skyrim.esm	MGEF	MAG_ShockDamageConcAimed100	DNAM	0	Deals <mag> Shock damage per second to Health and Magicka. 	每秒對生命與法力造成 <mag> 點的閃電傷害。	Mysticism 2.4.2 CHT exact FormKey seed
0000012F	0E8269:Skyrim.esm	MGEF	MAG_DetectDeadFriendExteriorConcSelf	FULL	0	Detect Dead Friend Exterior	Detect Dead Friend Exterior	Mysticism 2.4.2 CHT exact FormKey seed
00000130	0E8269:Skyrim.esm	MGEF	MAG_DetectDeadFriendExteriorConcSelf	DNAM	0			Mysticism 2.4.2 CHT exact FormKey seed
00000131	0E826A:Skyrim.esm	MGEF	MAG_DetectDeadFriendInteriorConcSelf	FULL	0	Detect Dead Friend Interior	Detect Dead Friend Interior	Mysticism 2.4.2 CHT exact FormKey seed
00000132	0E826A:Skyrim.esm	MGEF	MAG_DetectDeadFriendInteriorConcSelf	DNAM	0	You can see nearby corpses and undead through walls.	能透過牆壁看見附近屍骸和不死者。	Mysticism 2.4.2 CHT exact FormKey seed
00000133	0F392D:Skyrim.esm	MGEF	MAG_PerkIntenseFlamesConfDownFFAimed	FULL	0	Intense Flames Fear	Intense Flames Fear	Mysticism 2.4.2 CHT exact FormKey seed
00000134	0F392D:Skyrim.esm	MGEF	MAG_PerkIntenseFlamesConfDownFFAimed	DNAM	0			Mysticism 2.4.2 CHT exact FormKey seed
00000135	0F392F:Skyrim.esm	MGEF	MAG_PerkIntenseFlamesConfDownConcAimed	FULL	0	Intense Flames Fear	Intense Flames Fear	Mysticism 2.4.2 CHT exact FormKey seed
00000136	0F392F:Skyrim.esm	MGEF	MAG_PerkIntenseFlamesConfDownConcAimed	DNAM	0			Mysticism 2.4.2 CHT exact FormKey seed
00000137	0F3930:Skyrim.esm	MGEF	MAG_PerkIntenseFlamesConfDownFFAimedArea	FULL	0	Intense Flames Rout	Intense Flames Rout	Mysticism 2.4.2 CHT exact FormKey seed
00000138	0F3930:Skyrim.esm	MGEF	MAG_PerkIntenseFlamesConfDownFFAimedArea	DNAM	0			Mysticism 2.4.2 CHT exact FormKey seed
00000139	0F3931:Skyrim.esm	MGEF	MAG_PerkIntenseFlamesConfDownFFSelfArea100	FULL	0	It Burns Hysteria	It Burns Hysteria	Mysticism 2.4.2 CHT exact FormKey seed
0000013A	0F3931:Skyrim.esm	MGEF	MAG_PerkIntenseFlamesConfDownFFSelfArea100	DNAM	0			Mysticism 2.4.2 CHT exact FormKey seed
0000013B	0F3932:Skyrim.esm	MGEF	MAG_PerkDeepFreezeFFAimed	FULL	0	Deep Freeze Paralyze	深度凍結麻痺	Mysticism 2.4.2 CHT exact FormKey seed
0000013C	0F3932:Skyrim.esm	MGEF	MAG_PerkDeepFreezeFFAimed	DNAM	0			Mysticism 2.4.2 CHT exact FormKey seed
0000013D	0F3934:Skyrim.esm	MGEF	MAG_PerkDeepFreezeConcAimed	FULL	0	Deep Freeze	深度凍結	Mysticism 2.4.2 CHT exact FormKey seed
0000013E	0F3934:Skyrim.esm	MGEF	MAG_PerkDeepFreezeConcAimed	DNAM	0			Mysticism 2.4.2 CHT exact FormKey seed
0000013F	0F3935:Skyrim.esm	MGEF	MAG_PerkDeepFreezeFFAimedArea15	FULL	0	Deep Freeze Paralyze	深度凍結麻痺	Mysticism 2.4.2 CHT exact FormKey seed
00000140	0F3935:Skyrim.esm	MGEF	MAG_PerkDeepFreezeFFAimedArea15	DNAM	0			Mysticism 2.4.2 CHT exact FormKey seed
00000141	0F3936:Skyrim.esm	MGEF	MAG_PerkDeepFreezeFFSelfArea40	FULL	0	On Ice Paralyze	冰凍麻痺	Mysticism 2.4.2 CHT exact FormKey seed
00000142	0F3936:Skyrim.esm	MGEF	MAG_PerkDeepFreezeFFSelfArea40	DNAM	0			Mysticism 2.4.2 CHT exact FormKey seed
00000143	0F3F0C:Skyrim.esm	MGEF	MAG_PerkDisintegrateConcAimed	FULL	0	Disintegrate	粉身碎骨	Mysticism 2.4.2 CHT exact FormKey seed
00000144	0F3F0C:Skyrim.esm	MGEF	MAG_PerkDisintegrateConcAimed	DNAM	0			Mysticism 2.4.2 CHT exact FormKey seed
00000145	0F3F0D:Skyrim.esm	MGEF	MAG_PerkDisintegrateFFAimed	FULL	0	Disintegrate	粉身碎骨	Mysticism 2.4.2 CHT exact FormKey seed
00000146	0F3F0D:Skyrim.esm	MGEF	MAG_PerkDisintegrateFFAimed	DNAM	0			Mysticism 2.4.2 CHT exact FormKey seed
00000147	0F3F0F:Skyrim.esm	MGEF	MAG_PerkDisintegrateFFAimedArea	FULL	0	Disintegrate	粉身碎骨	Mysticism 2.4.2 CHT exact FormKey seed
00000148	0F3F0F:Skyrim.esm	MGEF	MAG_PerkDisintegrateFFAimedArea	DNAM	0			Mysticism 2.4.2 CHT exact FormKey seed
00000149	0F82E2:Skyrim.esm	MGEF	MAG_DamageHealthConcSelf	FULL	0	Damage Health	減損生命	Mysticism 2.4.2 CHT exact FormKey seed
0000014A	0F82E2:Skyrim.esm	MGEF	MAG_DamageHealthConcSelf	DNAM	0			Mysticism 2.4.2 CHT exact FormKey seed
0000014B	1019D8:Skyrim.esm	MGEF	MAG_DetectLifeEnemyExteriorSelfFF	FULL	0	Detect Life Enemy Exterior	Detect Life Enemy Exterior	Mysticism 2.4.2 CHT exact FormKey seed
0000014C	1019D8:Skyrim.esm	MGEF	MAG_DetectLifeEnemyExteriorSelfFF	DNAM	0			Mysticism 2.4.2 CHT exact FormKey seed
0000014D	1019D9:Skyrim.esm	MGEF	MAG_DetectLifeEnemyInteriorSelfFF	FULL	0	Detect Life Enemy Interior	Detect Life Enemy Interior	Mysticism 2.4.2 CHT exact FormKey seed
0000014E	1019D9:Skyrim.esm	MGEF	MAG_DetectLifeEnemyInteriorSelfFF	DNAM	0	Nearby living creatures, but not undead, machines or daedra, can be seen through walls.	能透過牆壁看見附近活著的生物；但不包含不死者、機械構裝物和魔族。	Mysticism 2.4.2 CHT exact FormKey seed
0000014F	1019DA:Skyrim.esm	MGEF	MAG_DetectLifeFriendExteriorSelfFF	FULL	0	Detect Lv Friend Exterior	Detect Lv Friend Exterior	Mysticism 2.4.2 CHT exact FormKey seed
00000150	1019DA:Skyrim.esm	MGEF	MAG_DetectLifeFriendExteriorSelfFF	DNAM	0			Mysticism 2.4.2 CHT exact FormKey seed
00000151	1019DB:Skyrim.esm	MGEF	MAG_DetectLifeFriendInteriorSelfFF	FULL	0	Detect Life Friend Interior	Detect Life Friend Interior	Mysticism 2.4.2 CHT exact FormKey seed
00000152	1019DB:Skyrim.esm	MGEF	MAG_DetectLifeFriendInteriorSelfFF	DNAM	0	Nearby living creatures, but not undead, machines or daedra, can be seen through walls.	能透過牆壁看見附近活著的生物；但不包含不死者、機械構裝物和魔族。	Mysticism 2.4.2 CHT exact FormKey seed
00000153	104AB5:Skyrim.esm	MGEF	MAG_PerkArmorFFSelf30	FULL	0	Armor 30 Perk bonus	Armor 30 Perk bonus	Mysticism 2.4.2 CHT exact FormKey seed
00000154	104AB5:Skyrim.esm	MGEF	MAG_PerkArmorFFSelf30	DNAM	0			Mysticism 2.4.2 CHT exact FormKey seed
00000155	104AB9:Skyrim.esm	MGEF	MAG_PerkArmorFFSelf70	FULL	0	Armor 70 Perk bonus	Armor 70 Perk bonus	Mysticism 2.4.2 CHT exact FormKey seed
00000156	104AB9:Skyrim.esm	MGEF	MAG_PerkArmorFFSelf70	DNAM	0			Mysticism 2.4.2 CHT exact FormKey seed
00000157	104ABA:Skyrim.esm	MGEF	MAG_PerkArmorFFSelf50	FULL	0	Armor 50 Perk bonus	Armor 50 Perk bonus	Mysticism 2.4.2 CHT exact FormKey seed
00000158	104ABA:Skyrim.esm	MGEF	MAG_PerkArmorFFSelf50	DNAM	0			Mysticism 2.4.2 CHT exact FormKey seed
00000159	106E35:Skyrim.esm	MGEF	MAG_SummonFlamingFamiliar	FULL	0	Conjure Flaming Familiar	烈焰使魔召喚術	Mysticism 2.4.2 CHT exact FormKey seed
0000015A	106E35:Skyrim.esm	MGEF	MAG_SummonFlamingFamiliar	DNAM	0	Summons a familiar that will charge the nearest enemy and explode.	召喚一個全身烈焰的使魔衝向最靠近的敵人然後爆炸。	Mysticism 2.4.2 CHT exact FormKey seed
0000015B	109110:Skyrim.esm	MGEF	MAG_TransmuteOreMineralEffect	FULL	0	Transmute Ore	礦質變換術	Mysticism 2.4.2 CHT exact FormKey seed
0000015C	109110:Skyrim.esm	MGEF	MAG_TransmuteOreMineralEffect	DNAM	0	Transmutes two pieces of Iron Ore into one piece of Silver Ore, or two pieces of Silver Ore into one piece of Gold Ore.	將兩塊鐵礦石變成一塊銀礦石，或者兩塊銀礦石變成一塊金礦石。	Mysticism 2.4.2 CHT exact FormKey seed
0000015D	10CBDD:Skyrim.esm	MGEF	MAG_FireDamageConcAimedCloak	FULL	0	Flames	火燃術	Mysticism 2.4.2 CHT exact FormKey seed
0000015E	10CBDD:Skyrim.esm	MGEF	MAG_FireDamageConcAimedCloak	DNAM	0			Mysticism 2.4.2 CHT exact FormKey seed
0000015F	10CBDE:Skyrim.esm	MGEF	MAG_FrostDamageConcAimedCloak	FULL	0	Frostbite	冰寒術	Mysticism 2.4.2 CHT exact FormKey seed
00000160	10CBDE:Skyrim.esm	MGEF	MAG_FrostDamageConcAimedCloak	DNAM	0			Mysticism 2.4.2 CHT exact FormKey seed
00000161	10CBDF:Skyrim.esm	MGEF	MAG_ShockDamageConcAimedPerk	FULL	0	Sparks	電擊術	Mysticism 2.4.2 CHT exact FormKey seed
00000162	10CBDF:Skyrim.esm	MGEF	MAG_ShockDamageConcAimedPerk	DNAM	0			Mysticism 2.4.2 CHT exact FormKey seed
00000163	10DDED:Skyrim.esm	MGEF	MAG_SummonDremoraLord	FULL	0	Conjure Dremora Lord	魔人將士召喚術	Mysticism 2.4.2 CHT exact FormKey seed
00000164	10DDED:Skyrim.esm	MGEF	MAG_SummonDremoraLord	DNAM	0	Summons a Dremora Lord for <dur> seconds.	召喚一名魔人將士，持續 <dur> 秒。	Mysticism 2.4.2 CHT exact FormKey seed
00000165	10E834:Skyrim.esm	MGEF	MAG_RestoreMagickaConcSelf	FULL	0	Restore Magicka	恢復法力	Mysticism 2.4.2 CHT exact FormKey seed
00000166	10E834:Skyrim.esm	MGEF	MAG_RestoreMagickaConcSelf	DNAM	0			Mysticism 2.4.2 CHT exact FormKey seed
00000167	10F7EF:Skyrim.esm	MGEF	MAG_ShockDamageFFAimed75	FULL	0	Shock Damage	閃電傷害	Mysticism 2.4.2 CHT exact FormKey seed
00000168	10F7EF:Skyrim.esm	MGEF	MAG_ShockDamageFFAimed75	DNAM	0	Deals <mag> Shock damage to Health and Magicka.	對生命與法力造成 <mag> 點的閃電傷害。	Mysticism 2.4.2 CHT exact FormKey seed
00000169	10F7F0:Skyrim.esm	MGEF	MAG_FrostDamageFFAimed75	FULL	0	Icy Spear	冰矛術	Mysticism 2.4.2 CHT exact FormKey seed
0000016A	10F7F0:Skyrim.esm	MGEF	MAG_FrostDamageFFAimed75	DNAM	0	Deals <mag> Frost damage to Health and Stamina.	對生命與耐力造成 <mag> 點的寒霜傷害。	Mysticism 2.4.2 CHT exact FormKey seed
0000016B	10F7F1:Skyrim.esm	MGEF	MAG_FireDamageFFAimed75	FULL	0	Incinerate	火炮術	Mysticism 2.4.2 CHT exact FormKey seed
0000016C	10F7F1:Skyrim.esm	MGEF	MAG_FireDamageFFAimed75	DNAM	0	Deals <mag> Fire damage. Targets on fire take extra damage over time.	造成 <mag> 點火焰傷害。燃燒中的目標受到額外的持續傷害。	Mysticism 2.4.2 CHT exact FormKey seed
0000016D	10F9B8:Skyrim.esm	MGEF	MAG_FrenzyFFSelfAreaDummy	FULL	0	Frenzy Secondary	Frenzy Secondary	Mysticism 2.4.2 CHT exact FormKey seed
0000016E	10F9B8:Skyrim.esm	MGEF	MAG_FrenzyFFSelfAreaDummy	DNAM	0			Mysticism 2.4.2 CHT exact FormKey seed
0000016F	0045B5:Dawnguard.esm	MGEF	MAG_SummonWrathman	FULL	0	Conjure Wrathman	怒骸召靈術	Mysticism 2.4.2 CHT exact FormKey seed
00000170	0045B5:Dawnguard.esm	MGEF	MAG_SummonWrathman	DNAM	0	Summons a Wrathman for <dur> seconds.	召喚一具怒骸，持續 <dur> 秒。	Mysticism 2.4.2 CHT exact FormKey seed
00000171	0045BB:Dawnguard.esm	MGEF	MAG_SummonMistman	FULL	0	Conjure Mistman	霧骸召靈術	Mysticism 2.4.2 CHT exact FormKey seed
00000172	0045BB:Dawnguard.esm	MGEF	MAG_SummonMistman	DNAM	0	Summons a Mistman for <dur> seconds.	召喚一具霧骸，持續 <dur> 秒。	Mysticism 2.4.2 CHT exact FormKey seed
00000173	0045BC:Dawnguard.esm	MGEF	MAG_SummonBoneman	FULL	0	Conjure Boneman	骨骸召靈術	Mysticism 2.4.2 CHT exact FormKey seed
00000174	0045BC:Dawnguard.esm	MGEF	MAG_SummonBoneman	DNAM	0	Summons a Boneman for <dur> seconds.	召喚一具骨骸，持續 <dur> 秒。	Mysticism 2.4.2 CHT exact FormKey seed
00000175	008A5C:Dawnguard.esm	MGEF	MAG_SunCloakFFSelf	FULL	0	Stendarr's Aura	斯丹達爾聖域術	Mysticism 2.4.2 CHT exact FormKey seed
00000176	008A5C:Dawnguard.esm	MGEF	MAG_SunCloakFFSelf	DNAM	0	For <dur> seconds, undead in melee range take <mag> damage per second. Targets on fire take extra damage over time.	在 <dur> 秒內，近戰範圍內的不死者每秒受到 <mag> 點傷害。燃燒中的目標受到額外的持續傷害。	Mysticism 2.4.2 CHT exact FormKey seed
00000177	00A3B9:Dawnguard.esm	MGEF	MAG_SunLightFFSelf	FULL	0	Stendarr's Aura Light	斯丹達爾聖域術之光	Mysticism 2.4.2 CHT exact FormKey seed
00000178	00A3B9:Dawnguard.esm	MGEF	MAG_SunLightFFSelf	DNAM	0			Mysticism 2.4.2 CHT exact FormKey seed
00000179	00C601:Dawnguard.esm	MGEF	MAG_SummonArvak	FULL	0	Summon Arvak	阿爾瓦克召靈術	Mysticism 2.4.2 CHT exact FormKey seed
0000017A	00C601:Dawnguard.esm	MGEF	MAG_SummonArvak	DNAM	0	Summons Arvak for <dur> seconds.	召喚阿爾瓦克，持續 <dur> 秒。	Mysticism 2.4.2 CHT exact FormKey seed
0000017B	00E8D1:Dawnguard.esm	MGEF	MAG_RestoreHealthUndeadFFActor50	FULL	0	Conjurer's Cure	召喚士療術	Mysticism 2.4.2 CHT exact FormKey seed
0000017C	00E8D1:Dawnguard.esm	MGEF	MAG_RestoreHealthUndeadFFActor50	DNAM	0	Heals Daedric and undead targets, restoring <mag> Health per second for <dur> seconds.	治療魔族及不死目標，每秒恢復 <mag> 點生命，持續 <dur> 秒。	Mysticism 2.4.2 CHT exact FormKey seed
0000017D	01772E:Dragonborn.esm	MGEF	MAG_WhirlwindCloakFFSelf	FULL	0	Whirlwind Cloak	旋風斗篷術	Mysticism 2.4.2 CHT exact FormKey seed
0000017E	01772E:Dragonborn.esm	MGEF	MAG_WhirlwindCloakFFSelf	DNAM	0	For <dur> seconds, opponents in melee range have a chance of being flung away.	於 <dur> 秒內，近戰範圍內的敵人有可能被颳走。	Mysticism 2.4.2 CHT exact FormKey seed
0000017F	017732:Dragonborn.esm	MGEF	MAG_AshFormFFAimed50	FULL	0	Ash Form	燼封術	Mysticism 2.4.2 CHT exact FormKey seed
00000180	017732:Dragonborn.esm	MGEF	MAG_AshFormFFAimed50	DNAM	0	Encases enemies in ash for <dur> seconds. Attacking an encased enemy will end this spell.	用灰燼封住敵人，持續 <dur> 秒。目標受到攻擊時便會解除法術效果。	Mysticism 2.4.2 CHT exact FormKey seed
00000181	017733:Dragonborn.esm	MGEF	MAG_WhirlwindCloakConcSelf	FULL	0	Whirlwind Cloak	旋風斗篷術	Mysticism 2.4.2 CHT exact FormKey seed
00000182	017733:Dragonborn.esm	MGEF	MAG_WhirlwindCloakConcSelf	DNAM	0	Opponents in melee range have a chance to be flung away.	近戰範圍內的敵人有可能被颳走。	Mysticism 2.4.2 CHT exact FormKey seed
00000183	0177AE:Dragonborn.esm	MGEF	MAG_AshRuneFFLocation	FULL	0	Ash Rune	燼封法印	Mysticism 2.4.2 CHT exact FormKey seed
00000184	0177AE:Dragonborn.esm	MGEF	MAG_AshRuneFFLocation	DNAM	0	Creates a rune that explodes when enemies approach, encasing nearby enemies in ash for <dur> seconds. Attacking an encased enemy will end this spell.	施放一個敵人靠近時會爆炸的法印，用灰燼封住敵人，持續 <dur> 秒。目標受到攻擊時便會解除法術效果。	Mysticism 2.4.2 CHT exact FormKey seed
00000185	0177B8:Dragonborn.esm	MGEF	MAG_FrenzyRuneFFLocation	FULL	0	Frenzy Rune	狂心法印	Mysticism 2.4.2 CHT exact FormKey seed
00000186	0177B8:Dragonborn.esm	MGEF	MAG_FrenzyRuneFFLocation	DNAM	0	Creates a rune that explodes when enemies approach, causing living targets up to level <mag> to attack anyone nearby for <dur> seconds.	施放一個敵人靠近時會爆炸的法印，使最高 <mag> 級的活著目標攻擊周遭任何目標，持續 <dur> 秒。	Mysticism 2.4.2 CHT exact FormKey seed
00000187	0177BC:Dragonborn.esm	MGEF	MAG_FrenzyRuneFFContact	FULL	0	Frenzy Rune	狂心法印	Mysticism 2.4.2 CHT exact FormKey seed
00000188	0177BC:Dragonborn.esm	MGEF	MAG_FrenzyRuneFFContact	DNAM	0			Mysticism 2.4.2 CHT exact FormKey seed
00000189	01CDF7:Dragonborn.esm	MGEF	MAG_SummonAshSpawn	FULL	0	Conjure Ash Spawn	凝灰鬼召喚術	Mysticism 2.4.2 CHT exact FormKey seed
0000018A	01CDF7:Dragonborn.esm	MGEF	MAG_SummonAshSpawn	DNAM	0	Summons an Ash Spawn for <dur> seconds. 	召喚一頭凝灰鬼，持續 <dur> 秒。	Mysticism 2.4.2 CHT exact FormKey seed
0000018B	01CE04:Dragonborn.esm	MGEF	MAG_BoundDaggerFFSelf	FULL	0	Bound Dagger	匕首塑形術	Mysticism 2.4.2 CHT exact FormKey seed
0000018C	01CE04:Dragonborn.esm	MGEF	MAG_BoundDaggerFFSelf	DNAM	0	Summons a Bound Dagger for <dur> seconds.	召喚一個魔力塑形匕首，持續 <dur> 秒。	Mysticism 2.4.2 CHT exact FormKey seed
0000018D	01CE05:Dragonborn.esm	MGEF	MAG_BoundDaggerFFSelfMystic	FULL	0	Bound Dagger	匕首塑形術	Mysticism 2.4.2 CHT exact FormKey seed
0000018E	01CE05:Dragonborn.esm	MGEF	MAG_BoundDaggerFFSelfMystic	DNAM	0			Mysticism 2.4.2 CHT exact FormKey seed
0000018F	01D74C:Dragonborn.esm	MGEF	MAG_PoisonRuneFFLocation	FULL	0	Poison Rune	毒害法印	Mysticism 2.4.2 CHT exact FormKey seed
00000190	01D74C:Dragonborn.esm	MGEF	MAG_PoisonRuneFFLocation	DNAM	0	Creates a rune that explodes when enemies approach, dealing <mag> Poison damage per second for <10> seconds. 	施放一個敵人靠近時會爆炸的法印，每秒造成 <mag> 點毒素傷害，持續 <10> 秒。	Mysticism 2.4.2 CHT exact FormKey seed
00000191	01D74E:Dragonborn.esm	MGEF	MAG_AshRuneFFContact	FULL	0	Ash Shell	灰燼封禁術	Mysticism 2.4.2 CHT exact FormKey seed
00000192	01D74E:Dragonborn.esm	MGEF	MAG_AshRuneFFContact	DNAM	0	Targets that fail to resist are coated in solidified ash for <dur> seconds.	抵抗失敗的目標將被硬化的灰燼所包覆，持續 <dur> 秒。	Mysticism 2.4.2 CHT exact FormKey seed
00000193	0285BF:Dragonborn.esm	MGEF	MAG_PerkMasterMindFrenzyRuneFFContact	FULL	0	Master of the Mind	心靈掌控大師	Mysticism 2.4.2 CHT exact FormKey seed
00000194	0285BF:Dragonborn.esm	MGEF	MAG_PerkMasterMindFrenzyRuneFFContact	DNAM	0			Mysticism 2.4.2 CHT exact FormKey seed
00000195	030CCF:Dragonborn.esm	MGEF	MAG_SummonSeeker	FULL	0	Conjure Seeker	識巡者召喚術	Mysticism 2.4.2 CHT exact FormKey seed
00000196	030CCF:Dragonborn.esm	MGEF	MAG_SummonSeeker	DNAM	0	Summons a Seeker for <dur> seconds.	召喚一個識巡者，持續 <dur> 秒。	Mysticism 2.4.2 CHT exact FormKey seed
00000197	03D37B:Dragonborn.esm	MGEF	MAG_EnchBoundDaggerFX	FULL	0	Bound Dagger	匕首塑形術	Mysticism 2.4.2 CHT exact FormKey seed
00000198	03D37B:Dragonborn.esm	MGEF	MAG_EnchBoundDaggerFX	DNAM	0			Mysticism 2.4.2 CHT exact FormKey seed
00000199	00FFF9:MysticismMagic.esp	MGEF	MAG_SummonDremoraHunter	FULL	0	Conjure Dremora Hunter	魔人獵人召喚術	Mysticism 2.4.2 CHT exact FormKey seed
0000019A	00FFF9:MysticismMagic.esp	MGEF	MAG_SummonDremoraHunter	DNAM	0	Summons a Dremora Hunter for <dur> seconds.	召喚一名魔人獵人，持續 <dur> 秒。	Mysticism 2.4.2 CHT exact FormKey seed
0000019B	00FFFA:MysticismMagic.esp	MGEF	MAG_SummonDremoraSorcerer	FULL	0	Conjure Dremora Sorcerer	魔人巫士召喚術	Mysticism 2.4.2 CHT exact FormKey seed
0000019C	00FFFA:MysticismMagic.esp	MGEF	MAG_SummonDremoraSorcerer	DNAM	0	Summons a Dremora Sorcerer for <dur> seconds.	召喚一名魔人巫士，持續 <dur> 秒。	Mysticism 2.4.2 CHT exact FormKey seed
0000019D	01469F:MysticismMagic.esp	MGEF	MAG_TurnUndeadFFAimedArea75	FULL	0	Turn Undead	驅離不死者	Mysticism 2.4.2 CHT exact FormKey seed
0000019E	01469F:MysticismMagic.esp	MGEF	MAG_TurnUndeadFFAimedArea75	DNAM	0	Undead up to level <mag> in a large area are turned for <dur> seconds.	大範圍內最高 <mag> 級的不死者被驅離，持續  <dur> 秒。	Mysticism 2.4.2 CHT exact FormKey seed
0000019F	01F2EE:MysticismMagic.esp	MGEF	MAG_UnusedBurdenFFContactStaggerCooldown	FULL	0	Burden	重負	Mysticism 2.4.2 CHT exact FormKey seed
000001A0	01F2EE:MysticismMagic.esp	MGEF	MAG_UnusedBurdenFFContactStaggerCooldown	DNAM	0			Mysticism 2.4.2 CHT exact FormKey seed
000001A1	01F2FC:MysticismMagic.esp	MGEF	MAG_SummonWrathmanMarksman	FULL	0	Conjure Wrathman Marksman	怒骸神射手召靈術	Mysticism 2.4.2 CHT exact FormKey seed
000001A2	01F2FC:MysticismMagic.esp	MGEF	MAG_SummonWrathmanMarksman	DNAM	0	Summons a Wrathman Marksman for <dur> seconds.	召喚一具怒骸神射手，持續 <dur> 秒。	Mysticism 2.4.2 CHT exact FormKey seed
000001A3	01F2FD:MysticismMagic.esp	MGEF	MAG_SummonWrathmanWarlock	FULL	0	Conjure Wrathman Warlock	怒骸術士召靈術	Mysticism 2.4.2 CHT exact FormKey seed
000001A4	01F2FD:MysticismMagic.esp	MGEF	MAG_SummonWrathmanWarlock	DNAM	0	Summons a Wrathman Warlock for <dur> seconds.	召喚一具怒骸術士，持續 <dur> 秒。	Mysticism 2.4.2 CHT exact FormKey seed
000001A5	061011:MysticismMagic.esp	MGEF	MAG_CircleofLifeFFSelf100Perk	FULL	0	Restore Health	回復生命	Mysticism 2.4.2 CHT exact FormKey seed
000001A6	061011:MysticismMagic.esp	MGEF	MAG_CircleofLifeFFSelf100Perk	DNAM	0			Mysticism 2.4.2 CHT exact FormKey seed
000001A7	066112:MysticismMagic.esp	MGEF	MAG_CircleofLifeFFSelf50Perk	FULL	0	Restore Health	回復生命	Mysticism 2.4.2 CHT exact FormKey seed
000001A8	066112:MysticismMagic.esp	MGEF	MAG_CircleofLifeFFSelf50Perk	DNAM	0			Mysticism 2.4.2 CHT exact FormKey seed
000001A9	070313:MysticismMagic.esp	MGEF	MAG_CircleofWisdomFFSelf50Perk	FULL	0	Fortify Magicka Regeneration	強化法力再生	Mysticism 2.4.2 CHT exact FormKey seed
000001AA	070313:MysticismMagic.esp	MGEF	MAG_CircleofWisdomFFSelf50Perk	DNAM	0			Mysticism 2.4.2 CHT exact FormKey seed
000001AB	070314:MysticismMagic.esp	MGEF	MAG_CircleofWisdomFFSelf100Perk	FULL	0	Fortify Magicka Regeneration	強化法力再生	Mysticism 2.4.2 CHT exact FormKey seed
000001AC	070314:MysticismMagic.esp	MGEF	MAG_CircleofWisdomFFSelf100Perk	DNAM	0			Mysticism 2.4.2 CHT exact FormKey seed
000001AD	070315:MysticismMagic.esp	MGEF	MAG_CircleofStrengthFFSelf50Perk	FULL	0	Fortify Stamina Regeneration	強化耐力再生	Mysticism 2.4.2 CHT exact FormKey seed
000001AE	070315:MysticismMagic.esp	MGEF	MAG_CircleofStrengthFFSelf50Perk	DNAM	0			Mysticism 2.4.2 CHT exact FormKey seed
000001AF	070316:MysticismMagic.esp	MGEF	MAG_CircleofStrengthFFSelf100Perk	FULL	0	Fortify Stamina Regeneration	強化耐力再生	Mysticism 2.4.2 CHT exact FormKey seed
000001B0	070316:MysticismMagic.esp	MGEF	MAG_CircleofStrengthFFSelf100Perk	DNAM	0			Mysticism 2.4.2 CHT exact FormKey seed
000001B1	093A17:MysticismMagic.esp	MGEF	MAG_CureDiseaseFFSelfArea	FULL	0	Cure Disease	治療疾病	Mysticism 2.4.2 CHT exact FormKey seed
000001B2	093A17:MysticismMagic.esp	MGEF	MAG_CureDiseaseFFSelfArea	DNAM	0			Mysticism 2.4.2 CHT exact FormKey seed
000001B3	0A7E18:MysticismMagic.esp	MGEF	MAG_BanishDaedraFFActor101	FULL	0	Banish	遣返湮滅	Mysticism 2.4.2 CHT exact FormKey seed
000001B4	0A7E18:MysticismMagic.esp	MGEF	MAG_BanishDaedraFFActor101	DNAM	0	Daedra up to level <mag> are sent back to Oblivion.	最高 <mag> 級的魔族遣回湮滅位面。	Mysticism 2.4.2 CHT exact FormKey seed
000001B5	0A7E19:MysticismMagic.esp	MGEF	MAG_BanishDaedraFFActor51Dummy	FULL	0	Banish	遣返湮滅	Mysticism 2.4.2 CHT exact FormKey seed
000001B6	0A7E19:MysticismMagic.esp	MGEF	MAG_BanishDaedraFFActor51Dummy	DNAM	0			Mysticism 2.4.2 CHT exact FormKey seed
000001B7	0ACF1D:MysticismMagic.esp	MGEF	MAG_BanishStaggerFFActor	FULL	0	Banish/Command Daedra Push	Banish/Command Daedra Push	Mysticism 2.4.2 CHT exact FormKey seed
000001B8	0ACF1D:MysticismMagic.esp	MGEF	MAG_BanishStaggerFFActor	DNAM	0			Mysticism 2.4.2 CHT exact FormKey seed
000001B9	0C132E:MysticismMagic.esp	MGEF	MAG_PerkFalseLifeConcAimed50	FULL	0	Absorb Health	吸取生命	Mysticism 2.4.2 CHT exact FormKey seed
000001BA	0C132E:MysticismMagic.esp	MGEF	MAG_PerkFalseLifeConcAimed50	DNAM	0			Mysticism 2.4.2 CHT exact FormKey seed
000001BB	0C132F:MysticismMagic.esp	MGEF	MAG_PerkFalseLifeConcAimedCloak	FULL	0	Drain Health	吸食生命	Mysticism 2.4.2 CHT exact FormKey seed
000001BC	0C132F:MysticismMagic.esp	MGEF	MAG_PerkFalseLifeConcAimedCloak	DNAM	0			Mysticism 2.4.2 CHT exact FormKey seed
000001BD	0C1330:MysticismMagic.esp	MGEF	MAG_PerkFalseLifeConcAimed100	FULL	0	Absorb Health	吸取生命	Mysticism 2.4.2 CHT exact FormKey seed
000001BE	0C1330:MysticismMagic.esp	MGEF	MAG_PerkFalseLifeConcAimed100	DNAM	0			Mysticism 2.4.2 CHT exact FormKey seed
000001BF	0C1331:MysticismMagic.esp	MGEF	MAG_PerkFalseLifeFFAimed50	FULL	0	Absorb Health	吸取生命	Mysticism 2.4.2 CHT exact FormKey seed
000001C0	0C1331:MysticismMagic.esp	MGEF	MAG_PerkFalseLifeFFAimed50	DNAM	0			Mysticism 2.4.2 CHT exact FormKey seed
000001C1	0C1332:MysticismMagic.esp	MGEF	MAG_PerkFalseLifeFFAimed75	FULL	0	Absorb Health	吸取生命	Mysticism 2.4.2 CHT exact FormKey seed
000001C2	0C1332:MysticismMagic.esp	MGEF	MAG_PerkFalseLifeFFAimed75	DNAM	0			Mysticism 2.4.2 CHT exact FormKey seed
000001C3	0C1333:MysticismMagic.esp	MGEF	MAG_PerkFalseLifeFFAimedArea100	FULL	0	Absorb Health	吸取生命	Mysticism 2.4.2 CHT exact FormKey seed
000001C4	0C1333:MysticismMagic.esp	MGEF	MAG_PerkFalseLifeFFAimedArea100	DNAM	0			Mysticism 2.4.2 CHT exact FormKey seed
000001C5	0C1334:MysticismMagic.esp	MGEF	MAG_PerkFalseLifeFFTouch100	FULL	0	Absorb Health	吸取生命	Mysticism 2.4.2 CHT exact FormKey seed
000001C6	0C1334:MysticismMagic.esp	MGEF	MAG_PerkFalseLifeFFTouch100	DNAM	0			Mysticism 2.4.2 CHT exact FormKey seed
000001C7	0C1335:MysticismMagic.esp	MGEF	MAG_PerkFalseLifeFFTouch50	FULL	0	Absorb Health	吸取生命	Mysticism 2.4.2 CHT exact FormKey seed
000001C8	0C1335:MysticismMagic.esp	MGEF	MAG_PerkFalseLifeFFTouch50	DNAM	0	 	 	Mysticism 2.4.2 CHT exact FormKey seed
000001C9	0C1336:MysticismMagic.esp	MGEF	MAG_PerkFalseLifeFFTouch75	FULL	0	Absorb Health	吸取生命	Mysticism 2.4.2 CHT exact FormKey seed
000001CA	0C1336:MysticismMagic.esp	MGEF	MAG_PerkFalseLifeFFTouch75	DNAM	0			Mysticism 2.4.2 CHT exact FormKey seed
000001CB	0C6438:MysticismMagic.esp	MGEF	MAG_AbsorbHealthFFContact75	FULL	0	Absorb Health	吸取生命	Mysticism 2.4.2 CHT exact FormKey seed
000001CC	0C6438:MysticismMagic.esp	MGEF	MAG_AbsorbHealthFFContact75	DNAM	0	Absorbs <mag> Health from enemies in melee range. 	吸取近距離敵人 <mag> 點生命。	Mysticism 2.4.2 CHT exact FormKey seed
000001CD	0C643B:MysticismMagic.esp	MGEF	MAG_AbsorbHealthFFContactDummy	FULL	0	Absorb Health	吸取生命	Mysticism 2.4.2 CHT exact FormKey seed
000001CE	0C643B:MysticismMagic.esp	MGEF	MAG_AbsorbHealthFFContactDummy	DNAM	0			Mysticism 2.4.2 CHT exact FormKey seed
000001CF	0C643C:MysticismMagic.esp	MGEF	MAG_PerkFalseLifeFFContact75	FULL	0	Absorb Health	吸取生命	Mysticism 2.4.2 CHT exact FormKey seed
000001D0	0C643C:MysticismMagic.esp	MGEF	MAG_PerkFalseLifeFFContact75	DNAM	0	Absorbs <mag> Health from enemies in melee range. 	吸取近距離敵人 <mag> 點生命。	Mysticism 2.4.2 CHT exact FormKey seed
000001D1	0CFBC1:MysticismMagic.esp	MGEF	MAG_FrostDamageHazardFFContact	FULL	0	Ice Hazard	寒霜災害	Mysticism 2.4.2 CHT exact FormKey seed
000001D2	0CFBC1:MysticismMagic.esp	MGEF	MAG_FrostDamageHazardFFContact	DNAM	0			Mysticism 2.4.2 CHT exact FormKey seed
000001D3	0E9B4F:MysticismMagic.esp	MGEF	MAG_BurdenFFAimed25WeaponSpeed01	FULL	0	Burden	重負	Mysticism 2.4.2 CHT exact FormKey seed
000001D4	0E9B4F:MysticismMagic.esp	MGEF	MAG_BurdenFFAimed25WeaponSpeed01	DNAM	0			Mysticism 2.4.2 CHT exact FormKey seed
000001D5	0E9B50:MysticismMagic.esp	MGEF	MAG_BurdenFFAimedArea75WeaponSpeed01	FULL	0	Burden	重負	Mysticism 2.4.2 CHT exact FormKey seed
000001D6	0E9B50:MysticismMagic.esp	MGEF	MAG_BurdenFFAimedArea75WeaponSpeed01	DNAM	0			Mysticism 2.4.2 CHT exact FormKey seed
000001D7	0F8E5A:MysticismMagic.esp	MGEF	MAG_BurdenFFAimed25MoveSpeed02	FULL	0	Burden	重負	Mysticism 2.4.2 CHT exact FormKey seed
000001D8	0F8E5A:MysticismMagic.esp	MGEF	MAG_BurdenFFAimed25MoveSpeed02	DNAM	0			Mysticism 2.4.2 CHT exact FormKey seed
000001D9	0F8E5B:MysticismMagic.esp	MGEF	MAG_BurdenFFAimedArea75MoveSpeed02	FULL	0	Burden	重負	Mysticism 2.4.2 CHT exact FormKey seed
000001DA	0F8E5B:MysticismMagic.esp	MGEF	MAG_BurdenFFAimedArea75MoveSpeed02	DNAM	0			Mysticism 2.4.2 CHT exact FormKey seed
000001DB	171BCD:MysticismMagic.esp	MGEF	MAG_ParalyzeFFAimed50	FULL	0	Paralyze	麻痺	Mysticism 2.4.2 CHT exact FormKey seed
000001DC	171BCD:MysticismMagic.esp	MGEF	MAG_ParalyzeFFAimed50	DNAM	0	Living targets up to level <mag> are paralyzed for <dur> seconds. Some enemies are immune to this effect.	最高 <mag> 級的活著目標麻痺不能動彈，持續 <dur> 秒。一些敵人會免疫此效果。	Mysticism 2.4.2 CHT exact FormKey seed
000001DD	176CCE:MysticismMagic.esp	MGEF	MAG_ParalyzeFFAimedArea75Dummy	FULL	0	Paralyze	麻痺	Mysticism 2.4.2 CHT exact FormKey seed
000001DE	176CCE:MysticismMagic.esp	MGEF	MAG_ParalyzeFFAimedArea75Dummy	DNAM	0			Mysticism 2.4.2 CHT exact FormKey seed
000001DF	176CCF:MysticismMagic.esp	MGEF	MAG_ParalyzeFFAimedArea75	FULL	0	Paralyze	麻痺	Mysticism 2.4.2 CHT exact FormKey seed
000001E0	176CCF:MysticismMagic.esp	MGEF	MAG_ParalyzeFFAimedArea75	DNAM	0	Living targets up to level <mag> in a large area are paralyzed for <dur> seconds. Some enemies are immune to this effect.	大範圍內最高 <mag> 級的活著目標麻痺不能動彈，持續 <dur> 秒。一些敵人會免疫此效果。	Mysticism 2.4.2 CHT exact FormKey seed
000001E1	176CD3:MysticismMagic.esp	MGEF	MAG_ParalyzeFFSelfArea100	FULL	0	Paralyze	麻痺	Mysticism 2.4.2 CHT exact FormKey seed
000001E2	176CD3:MysticismMagic.esp	MGEF	MAG_ParalyzeFFSelfArea100	DNAM	0	Living targets up to level <mag> in a massive area are paralyzed for <dur> seconds. Some enemies are immune to this effect.	極大範圍內最高 <mag> 級的活著目標麻痺不能動彈，持續 <dur> 秒。一些敵人會免疫此效果。	Mysticism 2.4.2 CHT exact FormKey seed
000001E3	17BDD7:MysticismMagic.esp	MGEF	MAG_CourageFFSelfArea100	FULL	0	Courage	勇氣	Mysticism 2.4.2 CHT exact FormKey seed
000001E4	17BDD7:MysticismMagic.esp	MGEF	MAG_CourageFFSelfArea100	DNAM	0	Nearby living allies receive <100> extra Health, Magicka, and Stamina for <dur> seconds.	附近活著的同伴獲得額外 <100> 點生命、法力與耐力，持續 <dur> 秒。	Mysticism 2.4.2 CHT exact FormKey seed
000001E5	180EDE:MysticismMagic.esp	MGEF	MAG_PerkMasterMindParalyzeFFAimed	FULL	0	Master of the Mind	心靈掌控大師	Mysticism 2.4.2 CHT exact FormKey seed
000001E6	180EDE:MysticismMagic.esp	MGEF	MAG_PerkMasterMindParalyzeFFAimed	DNAM	0			Mysticism 2.4.2 CHT exact FormKey seed
000001E7	180EDF:MysticismMagic.esp	MGEF	MAG_PerkMasterMindParalyzeFFSelfArea100	FULL	0	Master of the Mind	心靈掌控大師	Mysticism 2.4.2 CHT exact FormKey seed
000001E8	180EDF:MysticismMagic.esp	MGEF	MAG_PerkMasterMindParalyzeFFSelfArea100	DNAM	0			Mysticism 2.4.2 CHT exact FormKey seed
000001E9	180EE0:MysticismMagic.esp	MGEF	MAG_PerkMasterMindParalyzeFFAimedArea75	FULL	0	Master of the Mind	心靈掌控大師	Mysticism 2.4.2 CHT exact FormKey seed
000001EA	180EE0:MysticismMagic.esp	MGEF	MAG_PerkMasterMindParalyzeFFAimedArea75	DNAM	0			Mysticism 2.4.2 CHT exact FormKey seed
000001EB	180EE1:MysticismMagic.esp	MGEF	MAG_PerkMasterMindParalyzeFFAimedDummy	FULL	0	Master of the Mind	心靈掌控大師	Mysticism 2.4.2 CHT exact FormKey seed
000001EC	180EE1:MysticismMagic.esp	MGEF	MAG_PerkMasterMindParalyzeFFAimedDummy	DNAM	0			Mysticism 2.4.2 CHT exact FormKey seed
000001ED	180EE2:MysticismMagic.esp	MGEF	MAG_PerkMasterMindParalyzeFFSelfArea100Dummy	FULL	0	Master of the Mind	心靈掌控大師	Mysticism 2.4.2 CHT exact FormKey seed
000001EE	180EE2:MysticismMagic.esp	MGEF	MAG_PerkMasterMindParalyzeFFSelfArea100Dummy	DNAM	0			Mysticism 2.4.2 CHT exact FormKey seed
000001EF	180EE3:MysticismMagic.esp	MGEF	MAG_PerkMasterMindParalyzeFFAimedArea75Dummy	FULL	0	Master of the Mind	心靈掌控大師	Mysticism 2.4.2 CHT exact FormKey seed
000001F0	180EE3:MysticismMagic.esp	MGEF	MAG_PerkMasterMindParalyzeFFAimedArea75Dummy	DNAM	0			Mysticism 2.4.2 CHT exact FormKey seed
000001F1	1901E4:MysticismMagic.esp	MGEF	MAG_AshFormFFAimedArea75	FULL	0	Ash Cloud	燼雲術	Mysticism 2.4.2 CHT exact FormKey seed
000001F2	1901E4:MysticismMagic.esp	MGEF	MAG_AshFormFFAimedArea75	DNAM	0	Encases enemies in a large area in ash for <dur> seconds. Attacking an encased enemy will end this spell.	用灰燼封住大範圍內的敵人，持續 <dur> 秒。目標受到攻擊時便會解除法術效果。	Mysticism 2.4.2 CHT exact FormKey seed
000001F3	19A3EC:MysticismMagic.esp	MGEF	MAG_GrandTelekinesisEffect	FULL	0	Grand Telekinesis Effect	Grand Telekinesis Effect	Mysticism 2.4.2 CHT exact FormKey seed
000001F4	19A3EC:MysticismMagic.esp	MGEF	MAG_GrandTelekinesisEffect	DNAM	0	Levitates creatures and people from a distance. Release the spell to launch enemies into the air.	懸浮一定距離的生物，解除法術來投射他們到半空。	Mysticism 2.4.2 CHT exact FormKey seed
000001F5	1AE7F9:MysticismMagic.esp	MGEF	MAG_FireDamageFFTouch00	FULL	0	Fire Damage	火焰傷害	Mysticism 2.4.2 CHT exact FormKey seed
000001F6	1AE7F9:MysticismMagic.esp	MGEF	MAG_FireDamageFFTouch00	DNAM	0	Deals <mag> Fire damage to enemies in melee range. Targets on fire take extra damage over time.	對近戰距離敵人造成 <mag> 點火焰傷害。燃燒中的目標受到額外的持續傷害。	Mysticism 2.4.2 CHT exact FormKey seed
000001F7	1AE7FE:MysticismMagic.esp	MGEF	MAG_FrostDamageFFTouch00	FULL	0	Chilling Touch	寒冰之觸	Mysticism 2.4.2 CHT exact FormKey seed
000001F8	1AE7FE:MysticismMagic.esp	MGEF	MAG_FrostDamageFFTouch00	DNAM	0	Deals <mag> Frost damage to Health and Stamina to enemies in melee range.	對近戰距離敵人的生命和耐力造成 <mag> 點寒霜傷害。	Mysticism 2.4.2 CHT exact FormKey seed
000001F9	1AE7FF:MysticismMagic.esp	MGEF	MAG_ShockDamageFFTouch00	FULL	0	Shock Damage	閃電傷害	Mysticism 2.4.2 CHT exact FormKey seed
000001FA	1AE7FF:MysticismMagic.esp	MGEF	MAG_ShockDamageFFTouch00	DNAM	0	Deals <mag> Shock damage to Health and Magicka to enemies in melee range.	對近戰距離敵人的生命和法力造成 <mag> 點閃電傷害。	Mysticism 2.4.2 CHT exact FormKey seed
000001FB	1B3906:MysticismMagic.esp	MGEF	MAG_WaterwalkingFFSelf	FULL	0	Waterwalking	水面行走	Mysticism 2.4.2 CHT exact FormKey seed
000001FC	1B3906:MysticismMagic.esp	MGEF	MAG_WaterwalkingFFSelf	DNAM	0	You can walk on water for <dur> seconds.	能夠在水面行走，持續 <dur> 秒。	Mysticism 2.4.2 CHT exact FormKey seed
000001FD	1B8A0F:MysticismMagic.esp	MGEF	MAG_AbsorbHealthFFTouch50	FULL	0	Absorb Health	吸取生命	Mysticism 2.4.2 CHT exact FormKey seed
000001FE	1B8A0F:MysticismMagic.esp	MGEF	MAG_AbsorbHealthFFTouch50	DNAM	0	Absorbs <mag> Health from living enemies in melee range. 	吸取近距離活著的敵人 <mag> 點生命。	Mysticism 2.4.2 CHT exact FormKey seed
000001FF	1B8A14:MysticismMagic.esp	MGEF	MAG_AbsorbHealthFFAimed50	FULL	0	Absorb Health	吸取生命	Mysticism 2.4.2 CHT exact FormKey seed
00000200	1B8A14:MysticismMagic.esp	MGEF	MAG_AbsorbHealthFFAimed50	DNAM	0	Absorbs <mag> Health from living targets.	吸取活著的目標 <mag> 點生命。	Mysticism 2.4.2 CHT exact FormKey seed
00000201	1B94A0:MysticismMagic.esp	MGEF	MAG_BurdenFFAimed25WeaponSpeed02	FULL	0	Burden	重負	Mysticism 2.5.0 custom; Skyrim 8.20 terminology
00000202	1B94A0:MysticismMagic.esp	MGEF	MAG_BurdenFFAimed25WeaponSpeed02	DNAM	0			Mysticism 2.4.2 CHT exact phrase seed
00000203	1BDB19:MysticismMagic.esp	MGEF	MAG_AbsorbHealthFFAimedArea100	FULL	0	Absorb Health	吸取生命	Mysticism 2.4.2 CHT exact FormKey seed
00000204	1BDB19:MysticismMagic.esp	MGEF	MAG_AbsorbHealthFFAimedArea100	DNAM	0	Absorbs <mag> Health from living targets in a large area. 	吸取大範圍內活著的目標 <mag> 點生命。	Mysticism 2.4.2 CHT exact FormKey seed
00000205	1BE5A3:MysticismMagic.esp	MGEF	MAG_BurdenFFAimedArea75WeaponSpeed02	FULL	0	Burden	重負	Mysticism 2.5.0 custom; Skyrim 8.20 terminology
00000206	1BE5A3:MysticismMagic.esp	MGEF	MAG_BurdenFFAimedArea75WeaponSpeed02	DNAM	0			Mysticism 2.4.2 CHT exact phrase seed
00000207	1C36A4:MysticismMagic.esp	MGEF	MAG_AbsorbMagickaConcAimedCloak02	FULL	0	Absorb Magicka	吸取法力	Mysticism 2.4.2 CHT exact phrase seed
00000208	1C36A4:MysticismMagic.esp	MGEF	MAG_AbsorbMagickaConcAimedCloak02	DNAM	0			Mysticism 2.4.2 CHT exact phrase seed
00000209	1C87A5:MysticismMagic.esp	MGEF	MAG_AbsorbStaminaConcAimedCloak02	FULL	0	Absorb Stamina	吸取耐力	Mysticism 2.4.2 CHT exact phrase seed
0000020A	1C87A5:MysticismMagic.esp	MGEF	MAG_AbsorbStaminaConcAimedCloak02	DNAM	0			Mysticism 2.4.2 CHT exact phrase seed
0000020B	1D701E:MysticismMagic.esp	MGEF	MAG_FireDamageFFAimedArea100	FULL	0	Fire Damage	火焰傷害	Mysticism 2.4.2 CHT exact FormKey seed
0000020C	1D701E:MysticismMagic.esp	MGEF	MAG_FireDamageFFAimedArea100	DNAM	0	Deals <mag> Fire damage in a large area. Targets on fire take extra damage over time.	大範圍內造成 <mag> 點火焰傷害。燃燒中的目標受到額外的持續傷害。	Mysticism 2.4.2 CHT exact FormKey seed
0000020D	1D7021:MysticismMagic.esp	MGEF	MAG_FireDamageConcAimed50	FULL	0	Greater Flames	進階火燃術	Mysticism 2.4.2 CHT exact FormKey seed
0000020E	1D7021:MysticismMagic.esp	MGEF	MAG_FireDamageConcAimed50	DNAM	0	Deals <mag> Fire damage per second. Targets on fire take extra damage over time.	每秒造成 <mag> 點火焰傷害。燃燒中的目標受到額外的持續傷害。	Mysticism 2.4.2 CHT exact FormKey seed
0000020F	1D7024:MysticismMagic.esp	MGEF	MAG_FireDamageFFTouch50	FULL	0	Fire Damage	火焰傷害	Mysticism 2.4.2 CHT exact FormKey seed
00000210	1D7024:MysticismMagic.esp	MGEF	MAG_FireDamageFFTouch50	DNAM	0	Deals <mag> Fire damage to enemies in melee range. Targets on fire take extra damage over time.	對近戰距離敵人造成 <mag> 點火焰傷害。燃燒中的目標受到額外的持續傷害。	Mysticism 2.4.2 CHT exact FormKey seed
00000211	1D7026:MysticismMagic.esp	MGEF	MAG_FrostDamageFFTouch75	FULL	0	Freezing Touch	冰結之觸	Mysticism 2.4.2 CHT exact FormKey seed
00000212	1D7026:MysticismMagic.esp	MGEF	MAG_FrostDamageFFTouch75	DNAM	0	Deals <mag> Frost damage to Health and Stamina to enemies in melee range.	對近戰距離敵人的生命和耐力造成 <mag> 點寒霜傷害。	Mysticism 2.4.2 CHT exact FormKey seed
00000213	1D7027:MysticismMagic.esp	MGEF	MAG_ShockDamageFFTouch75	FULL	0	Shock Damage	閃電傷害	Mysticism 2.4.2 CHT exact FormKey seed
00000214	1D7027:MysticismMagic.esp	MGEF	MAG_ShockDamageFFTouch75	DNAM	0	Deals <mag> Shock damage to Health and Magicka to enemies in melee range.	對近戰距離敵人的生命和法力造成 <mag> 點閃電傷害。	Mysticism 2.4.2 CHT exact FormKey seed
00000215	1D7028:MysticismMagic.esp	MGEF	MAG_FrostDamageConcAimed50	FULL	0	Greater Frostbite	進階冰寒術	Mysticism 2.4.2 CHT exact FormKey seed
00000216	1D7028:MysticismMagic.esp	MGEF	MAG_FrostDamageConcAimed50	DNAM	0	Deals <mag> Frost damage per second to Health and Stamina.	每秒對生命與耐力造成 <mag> 點的寒霜傷害。	Mysticism 2.4.2 CHT exact FormKey seed
00000217	1D7029:MysticismMagic.esp	MGEF	MAG_ShockDamageConcAimed50	FULL	0	Greater Sparks	進階電擊術	Mysticism 2.4.2 CHT exact FormKey seed
00000218	1D7029:MysticismMagic.esp	MGEF	MAG_ShockDamageConcAimed50	DNAM	0	Deals <mag> Shock damage per second to Health and Magicka. 	每秒對生命與法力造成 <mag> 點的閃電傷害。	Mysticism 2.4.2 CHT exact FormKey seed
00000219	1D7AB9:MysticismMagic.esp	MGEF	MAG_AbsorbMagickaConcAimed50Alt	FULL	0	Absorb Magicka	吸取法力	Mysticism 2.4.2 CHT exact phrase seed
0000021A	1D7AB9:MysticismMagic.esp	MGEF	MAG_AbsorbMagickaConcAimed50Alt	DNAM	0			Mysticism 2.4.2 CHT exact phrase seed
0000021B	1DCBBC:MysticismMagic.esp	MGEF	MAG_AbsorbMagickaConcAimed100Alt	FULL	0	Absorb Magicka	吸取法力	Mysticism 2.4.2 CHT exact phrase seed
0000021C	1DCBBC:MysticismMagic.esp	MGEF	MAG_AbsorbMagickaConcAimed100Alt	DNAM	0	Absorbs <mag> Magicka per second.	每秒吸取 <mag> 點法力。	Mysticism 2.4.2 CHT exact phrase seed
0000021D	1E1243:MysticismMagic.esp	MGEF	MAG_ShockDamageFFAimedArea100	FULL	0	Shock Damage	閃電傷害	Mysticism 2.4.2 CHT exact FormKey seed
0000021E	1E1243:MysticismMagic.esp	MGEF	MAG_ShockDamageFFAimedArea100	DNAM	0	Deals <mag> Shock damage to Health and Magicka, then leaps to a new target.	對生命與法力造成 <mag> 點的閃電傷害，然後傳導至下一個目標。	Mysticism 2.4.2 CHT exact FormKey seed
0000021F	1E1CBE:MysticismMagic.esp	MGEF	MAG_AbsorbStaminaConcAimed50Alt	FULL	0	Absorb Stamina	吸取耐力	Mysticism 2.4.2 CHT exact phrase seed
00000220	1E1CBE:MysticismMagic.esp	MGEF	MAG_AbsorbStaminaConcAimed50Alt	DNAM	0			Mysticism 2.4.2 CHT exact phrase seed
00000221	1E1CBF:MysticismMagic.esp	MGEF	MAG_AbsorbStaminaConcAimed100Alt	FULL	0	Absorb Stamina	吸取耐力	Mysticism 2.4.2 CHT exact phrase seed
00000222	1E1CBF:MysticismMagic.esp	MGEF	MAG_AbsorbStaminaConcAimed100Alt	DNAM	0			Mysticism 2.4.2 CHT exact phrase seed
00000223	1E634A:MysticismMagic.esp	MGEF	MAG_PoisonDamageFFAimed25	FULL	0	Poison Damage	毒素傷害	Mysticism 2.4.2 CHT exact FormKey seed
00000224	1E634A:MysticismMagic.esp	MGEF	MAG_PoisonDamageFFAimed25	DNAM	0	Deals <mag> Poison damage per second for <10> seconds.	每秒造成 <mag> 點毒素傷害，持續 <10> 秒。	Mysticism 2.4.2 CHT exact FormKey seed
00000225	1E634C:MysticismMagic.esp	MGEF	MAG_PoisonDamageFFAimedArea50	FULL	0	Poison Damage	毒素傷害	Mysticism 2.4.2 CHT exact FormKey seed
00000226	1E634C:MysticismMagic.esp	MGEF	MAG_PoisonDamageFFAimedArea50	DNAM	0	Deals <mag> Poison damage per second for <10> seconds in a large area.	大範圍內每秒造成 <mag> 點毒素傷害，持續 <10> 秒。	Mysticism 2.4.2 CHT exact FormKey seed
00000227	1E6350:MysticismMagic.esp	MGEF	MAG_PoisonDamageFFAimed75	FULL	0	Poison Damage	毒素傷害	Mysticism 2.4.2 CHT exact FormKey seed
00000228	1E6350:MysticismMagic.esp	MGEF	MAG_PoisonDamageFFAimed75	DNAM	0	Deals <mag> Poison damage per second for <10> seconds.	每秒造成 <mag> 點毒素傷害，持續 <10> 秒。	Mysticism 2.4.2 CHT exact FormKey seed
00000229	1EBEC6:MysticismMagic.esp	MGEF	MAG_FireDamageConcAimedBurn	FULL	0	Fire Damage	火焰傷害	Mysticism 2.4.2 CHT exact phrase seed
0000022A	1EBEC6:MysticismMagic.esp	MGEF	MAG_FireDamageConcAimedBurn	DNAM	0			Mysticism 2.4.2 CHT exact phrase seed
0000022B	1EBEC7:MysticismMagic.esp	MGEF	MAG_PoisonDamageConcAimedBurn	FULL	0	Poison Damage	毒素傷害	Mysticism 2.4.2 CHT exact phrase seed
0000022C	1EBEC7:MysticismMagic.esp	MGEF	MAG_PoisonDamageConcAimedBurn	DNAM	0			Mysticism 2.4.2 CHT exact phrase seed
0000022D	1FA75E:MysticismMagic.esp	MGEF	MAG_PoisonDamageFFAimedArea100	FULL	0	Poison Damage	毒素傷害	Mysticism 2.4.2 CHT exact FormKey seed
0000022E	1FA75E:MysticismMagic.esp	MGEF	MAG_PoisonDamageFFAimedArea100	DNAM	0	Deals <mag> Poison damage per second for <10> seconds in a large area.	大範圍內每秒造成 <mag> 點毒素傷害，持續 <10> 秒。	Mysticism 2.4.2 CHT exact FormKey seed
0000022F	2002F4:MysticismMagic.esp	MGEF	MAG_WeaknessFireFFAimedArea100	FULL	0	Weakness to Fire	火焰弱化	Mysticism 2.5.0 custom; Skyrim 8.20 terminology
00000230	2002F4:MysticismMagic.esp	MGEF	MAG_WeaknessFireFFAimedArea100	DNAM	0	Reduces enemy Fire Resistance in a large area by <mag>% for <dur> seconds.	使大範圍內敵人的火焰抗性降低 <mag>%，持續 <dur> 秒。	Mysticism 2.5.0 custom; Skyrim 8.20 terminology
00000231	2002F5:MysticismMagic.esp	MGEF	MAG_WeaknessFrostFFAimedArea100	FULL	0	Weakness to Frost	寒霜弱化	Mysticism 2.5.0 custom; Skyrim 8.20 terminology
00000232	2002F5:MysticismMagic.esp	MGEF	MAG_WeaknessFrostFFAimedArea100	DNAM	0	Reduces enemy Frost Resistance in a large area by <mag>% for <dur> seconds.	使大範圍內敵人的寒霜抗性降低 <mag>%，持續 <dur> 秒。	Mysticism 2.5.0 custom; Skyrim 8.20 terminology
00000233	2002F6:MysticismMagic.esp	MGEF	MAG_WeaknessPoisonFFAimedArea100	FULL	0	Weakness to Poison	毒素弱化	Mysticism 2.5.0 custom; Skyrim 8.20 terminology
00000234	2002F6:MysticismMagic.esp	MGEF	MAG_WeaknessPoisonFFAimedArea100	DNAM	0	Reduces enemy Poison Resistance in a large area by <mag>% for <dur> seconds.	使大範圍內敵人的毒素抗性降低 <mag>%，持續 <dur> 秒。	Mysticism 2.5.0 custom; Skyrim 8.20 terminology
00000235	2002F7:MysticismMagic.esp	MGEF	MAG_WeaknessShockFFAimedArea100	FULL	0	Weakness to Shock	閃電弱化	Mysticism 2.5.0 custom; Skyrim 8.20 terminology
00000236	2002F7:MysticismMagic.esp	MGEF	MAG_WeaknessShockFFAimedArea100	DNAM	0	Reduces enemy Shock Resistance in a large area by <mag>% for <dur> seconds.	使大範圍內敵人的閃電抗性降低 <mag>%，持續 <dur> 秒。	Mysticism 2.5.0 custom; Skyrim 8.20 terminology
00000237	20496D:MysticismMagic.esp	MGEF	MAG_PoisonDamageFFTouch00	FULL	0	Poison Damage	毒素傷害	Mysticism 2.4.2 CHT exact FormKey seed
00000238	20496D:MysticismMagic.esp	MGEF	MAG_PoisonDamageFFTouch00	DNAM	0	Deals <mag> Poison damage per second for <10> seconds to enemies in melee range. 	對近戰範圍內的敵人造成每秒 <mag> 點的毒素傷害，持續 <10> 秒。	Mysticism 2.4.2 CHT exact FormKey seed
00000239	20496E:MysticismMagic.esp	MGEF	MAG_PoisonDamageFFTouch75	FULL	0	Poison Damage	毒素傷害	Mysticism 2.4.2 CHT exact FormKey seed
0000023A	20496E:MysticismMagic.esp	MGEF	MAG_PoisonDamageFFTouch75	DNAM	0	Deals <mag> Poison damage per second for <10> seconds to enemies in melee range. 	對近戰範圍內的敵人造成每秒 <mag> 點的毒素傷害，持續 <10> 秒。	Mysticism 2.4.2 CHT exact FormKey seed
0000023B	20496F:MysticismMagic.esp	MGEF	MAG_PoisonCloakFFSelf	FULL	0	Poison Cloak	毒素斗篷	Mysticism 2.4.2 CHT exact FormKey seed
0000023C	20496F:MysticismMagic.esp	MGEF	MAG_PoisonCloakFFSelf	DNAM	0	For <dur> seconds, nearby enemies take <mag> Poison damage per second. Poisoned targets take extra damage over time.	在 <dur> 秒內，附近的敵人每秒受到 <mag> 點毒素傷害。中毒的目標受到額外的持續傷害。	Mysticism 2.4.2 CHT exact FormKey seed
0000023D	204971:MysticismMagic.esp	MGEF	MAG_PoisonDamageConcCloak	FULL	0	Poison Damage	毒素傷害	Mysticism 2.4.2 CHT exact FormKey seed
0000023E	204971:MysticismMagic.esp	MGEF	MAG_PoisonDamageConcCloak	DNAM	0			Mysticism 2.4.2 CHT exact FormKey seed
0000023F	20A50A:MysticismMagic.esp	MGEF	MAG_GhostwalkFFSelfDummy	FULL	0	Invisibility	隱形	Mysticism 2.5.0 custom; Skyrim 8.20 terminology
00000240	20A50A:MysticismMagic.esp	MGEF	MAG_GhostwalkFFSelfDummy	DNAM	0	For <dur> seconds, you cannot be seen or heard. Activating an object or attacking will not break this spell.	在 <dur> 秒內，施法者不會被看見和聽到。攻擊和與物件互動不會中斷此法術。	Mysticism 2.4.2 CHT exact phrase seed
00000241	20A50B:MysticismMagic.esp	MGEF	MAG_GhostwalkFFSelf02	FULL	0	Invisibility	隱形	Mysticism 2.5.0 custom; Skyrim 8.20 terminology
00000242	20A50B:MysticismMagic.esp	MGEF	MAG_GhostwalkFFSelf02	DNAM	0			Mysticism 2.4.2 CHT exact phrase seed
00000243	20A50C:MysticismMagic.esp	MGEF	MAG_GhostwalkFFSelf03	FULL	0	Invisibility	隱形	Mysticism 2.5.0 custom; Skyrim 8.20 terminology
00000244	20A50C:MysticismMagic.esp	MGEF	MAG_GhostwalkFFSelf03	DNAM	0			Mysticism 2.4.2 CHT exact phrase seed
00000245	213C96:MysticismMagic.esp	MGEF	MAG_FrostDamageFFSelfArea75	FULL	0	Ice Surge	冰封洪流	Mysticism 2.4.2 CHT exact FormKey seed
00000246	213C96:MysticismMagic.esp	MGEF	MAG_FrostDamageFFSelfArea75	DNAM	0	An icy explosion that spreads outward, dealing <mag> damage to Health and half that to Stamina over a large area.	一團爆炸並向外擴散的冰寒，在大範圍內對生命造成 <mag> 點傷害，對耐力造成其一半傷害。	Mysticism 2.4.2 CHT exact FormKey seed
00000247	21DEA2:MysticismMagic.esp	MGEF	MAG_ShockDamageFFSelfArea75	FULL	0	Lightning Blast	閃電爆擊	Mysticism 2.4.2 CHT exact FormKey seed
00000248	21DEA2:MysticismMagic.esp	MGEF	MAG_ShockDamageFFSelfArea75	DNAM	0	Charged lightning explodes outward, dealing <mag> damage to Health and half that to Magicka.	強力閃電向外爆炸，對生命造成 <mag> 點傷害，對法力造成其一半傷害。	Mysticism 2.4.2 CHT exact FormKey seed
00000249	222FA9:MysticismMagic.esp	MGEF	MAG_SunDamageFFTouch00	FULL	0	Sun Damage	日光傷害	Mysticism 2.4.2 CHT exact FormKey seed
0000024A	222FA9:MysticismMagic.esp	MGEF	MAG_SunDamageFFTouch00	DNAM	0	Deals <mag> damage to undead in melee range. Targets on fire take extra damage over time.	對近戰距離不死者造成 <mag> 點傷害。燃燒中的目標受到額外的持續傷害。	Mysticism 2.4.2 CHT exact FormKey seed
0000024B	2280AE:MysticismMagic.esp	MGEF	MAG_SunDamageFFTouch75	FULL	0	Sun Damage	日光傷害	Mysticism 2.4.2 CHT exact FormKey seed
0000024C	2280AE:MysticismMagic.esp	MGEF	MAG_SunDamageFFTouch75	DNAM	0	Deals <mag> damage to undead in melee range. Targets on fire take extra damage over time.	對近戰距離不死者造成 <mag> 點傷害。燃燒中的目標受到額外的持續傷害。	Mysticism 2.4.2 CHT exact FormKey seed
0000024D	2466B8:MysticismMagic.esp	MGEF	MAG_SunDamageFFAimed75	FULL	0	Sun Damage	日光傷害	Mysticism 2.4.2 CHT exact FormKey seed
0000024E	2466B8:MysticismMagic.esp	MGEF	MAG_SunDamageFFAimed75	DNAM	0	Deals <mag> damage to the undead. Targets on fire take extra damage over time.	對不死者造成 <mag> 點傷害。燃燒中的目標受到額外的持續傷害。	Mysticism 2.4.2 CHT exact FormKey seed
0000024F	2466B9:MysticismMagic.esp	MGEF	MAG_SunDamageFFAimedArea100	FULL	0	Sun Damage	日光傷害	Mysticism 2.4.2 CHT exact FormKey seed
00000250	2466B9:MysticismMagic.esp	MGEF	MAG_SunDamageFFAimedArea100	DNAM	0	Deals <mag> damage to the undead in a large area. Targets on fire take extra damage over time.	對大範圍內不死者造成 <mag> 點傷害。燃燒中的目標受到額外的持續傷害。	Mysticism 2.4.2 CHT exact FormKey seed
00000251	2508D2:MysticismMagic.esp	MGEF	MAG_RestoreHealthConcSelf25	FULL	0	Restore Health	回復生命	Mysticism 2.4.2 CHT exact FormKey seed
00000252	2508D2:MysticismMagic.esp	MGEF	MAG_RestoreHealthConcSelf25	DNAM	0	Restores <mag> Health per second.	每秒恢復 <mag> 點生命。	Mysticism 2.4.2 CHT exact FormKey seed
00000253	2508D3:MysticismMagic.esp	MGEF	MAG_RestoreHealthConcSelf50	FULL	0	Restore Health	回復生命	Mysticism 2.4.2 CHT exact FormKey seed
00000254	2508D3:MysticismMagic.esp	MGEF	MAG_RestoreHealthConcSelf50	DNAM	0	Restores <mag> Health per second to yourself and nearby living allies.	每秒恢復自身與附近同伴 <mag> 點生命。	Mysticism 2.4.2 CHT exact FormKey seed
00000255	2508D4:MysticismMagic.esp	MGEF	MAG_RestoreHealthConcSelf75	FULL	0	Restore Health	回復生命	Mysticism 2.4.2 CHT exact FormKey seed
00000256	2508D4:MysticismMagic.esp	MGEF	MAG_RestoreHealthConcSelf75	DNAM	0	Restores <mag> Health per second to yourself and nearby living allies.	每秒恢復自身與附近同伴 <mag> 點生命。	Mysticism 2.4.2 CHT exact FormKey seed
00000257	25FBFD:MysticismMagic.esp	MGEF	MAG_SunDamageFFSelfArea60	FULL	0	Sun Damage	日光傷害	Mysticism 2.4.2 CHT exact FormKey seed
00000258	25FBFD:MysticismMagic.esp	MGEF	MAG_SunDamageFFSelfArea60	DNAM	0			Mysticism 2.4.2 CHT exact FormKey seed
00000259	25FBFE:MysticismMagic.esp	MGEF	MAG_PoisonDamageFFAimed100	FULL	0	Viper's Sting	毒蛇之刺	Mysticism 2.4.2 CHT exact FormKey seed
0000025A	25FBFE:MysticismMagic.esp	MGEF	MAG_PoisonDamageFFAimed100	DNAM	0	Deals <mag> Poison damage per second for <10> seconds.	每秒造成 <mag> 點毒素傷害，持續 <10> 秒。	Mysticism 2.4.2 CHT exact FormKey seed
0000025B	264D0B:MysticismMagic.esp	MGEF	MAG_CircleofWisdomFFSelf50	FULL	0	Fortify Magicka Regeneration	強化法力再生	Mysticism 2.4.2 CHT exact FormKey seed
0000025C	264D0B:MysticismMagic.esp	MGEF	MAG_CircleofWisdomFFSelf50	DNAM	0			Mysticism 2.4.2 CHT exact FormKey seed
0000025D	264D11:MysticismMagic.esp	MGEF	MAG_SunlightCircleFFSelf	FULL	0	Circle of Sunlight	日光領域術	Mysticism 2.4.2 CHT exact FormKey seed
0000025E	264D11:MysticismMagic.esp	MGEF	MAG_SunlightCircleFFSelf	DNAM	0			Mysticism 2.4.2 CHT exact FormKey seed
0000025F	264D16:MysticismMagic.esp	MGEF	MAG_SunlightCircleDamageFFContact	FULL	0	Circle of Sunlight Damage	Circle of Sunlight Damage	Mysticism 2.4.2 CHT exact FormKey seed
00000260	264D16:MysticismMagic.esp	MGEF	MAG_SunlightCircleDamageFFContact	DNAM	0			Mysticism 2.4.2 CHT exact FormKey seed
00000261	27401F:MysticismMagic.esp	MGEF	MAG_FortifyHealthFFSelf50	FULL	0	Fortify Health	強化生命	Mysticism 2.4.2 CHT exact FormKey seed
00000262	27401F:MysticismMagic.esp	MGEF	MAG_FortifyHealthFFSelf50	DNAM	0	Your Health is increased by <50> for <dur> seconds. 	生命提高 <50> 點，持續 <dur> 秒。	Mysticism 2.4.2 CHT exact FormKey seed
00000263	274023:MysticismMagic.esp	MGEF	MAG_FortifyHealthFFSelf100	FULL	0	Fortify Health	強化生命	Mysticism 2.4.2 CHT exact FormKey seed
00000264	274023:MysticismMagic.esp	MGEF	MAG_FortifyHealthFFSelf100	DNAM	0	Your Health is increased by <100> for <dur> seconds. 	提高生命上限 <100> 點，持續 <dur> 秒。	Mysticism 2.4.2 CHT exact FormKey seed
00000265	27E238:MysticismMagic.esp	MGEF	MAG_AbSpellAbsorption	FULL	0	Spell Absorption	法術吸收	Mysticism 2.4.2 CHT exact FormKey seed
00000266	27E238:MysticismMagic.esp	MGEF	MAG_AbSpellAbsorption	DNAM	0			Mysticism 2.4.2 CHT exact FormKey seed
00000267	27E23F:MysticismMagic.esp	MGEF	MAG_RestoreHealthFFSelf50	FULL	0	Restore Health	回復生命	Mysticism 2.4.2 CHT exact FormKey seed
00000268	27E23F:MysticismMagic.esp	MGEF	MAG_RestoreHealthFFSelf50	DNAM	0	Restores <mag> Health to yourself and nearby living allies.	恢復自身與附近同伴 <mag> 點生命。	Mysticism 2.4.2 CHT exact FormKey seed
00000269	27E241:MysticismMagic.esp	MGEF	MAG_RestoreHealthFFSelf75	FULL	0	Restore Health	回復生命	Mysticism 2.4.2 CHT exact FormKey seed
0000026A	27E241:MysticismMagic.esp	MGEF	MAG_RestoreHealthFFSelf75	DNAM	0	Restores <mag> Health to yourself and nearby living allies.	恢復自身與附近同伴 <mag> 點生命。	Mysticism 2.4.2 CHT exact FormKey seed
0000026B	283345:MysticismMagic.esp	MGEF	MAG_CureDiseaseFFSelf	FULL	0	Cure Disease	治療疾病	Mysticism 2.4.2 CHT exact FormKey seed
0000026C	283345:MysticismMagic.esp	MGEF	MAG_CureDiseaseFFSelf	DNAM	0	Cures all diseases for yourself and nearby living allies. 	治療自身與附近同伴所有疾病。	Mysticism 2.4.2 CHT exact FormKey seed
0000026D	283347:MysticismMagic.esp	MGEF	MAG_WardConcSelf75	FULL	0	Grand Ward	高階結界術	Mysticism 2.4.2 CHT exact FormKey seed
0000026E	283347:MysticismMagic.esp	MGEF	MAG_WardConcSelf75	DNAM	0	Negates up to <mag> points of spell damage. 	吸收最多 <mag> 點法術傷害。	Mysticism 2.4.2 CHT exact FormKey seed
0000026F	288453:MysticismMagic.esp	MGEF	MAG_TurnUndeadHazardDamageDummy	FULL	0	Ritual of Repulsion Damage	Ritual of Repulsion Damage	Mysticism 2.4.2 CHT exact FormKey seed
00000270	288453:MysticismMagic.esp	MGEF	MAG_TurnUndeadHazardDamageDummy	DNAM	0	Undead who are turned burn with holy fire that deals <mag> damage per second.	以神聖火焰燒灼被驅離的不死者，每秒受到 <mag> 點傷害。	Mysticism 2.4.2 CHT exact FormKey seed
00000271	29265A:MysticismMagic.esp	MGEF	MAG_ResistFireFFSelf50	FULL	0	Resist Fire	火焰抗性	Mysticism 2.4.2 CHT exact FormKey seed
00000272	29265A:MysticismMagic.esp	MGEF	MAG_ResistFireFFSelf50	DNAM	0	Your Fire Resistance is increased by <mag>% for <dur> seconds.	提高火焰抗性 <mag>%，持續 <dur> 秒。	Mysticism 2.4.2 CHT exact FormKey seed
00000273	29265B:MysticismMagic.esp	MGEF	MAG_ResistFireFFSelf100	FULL	0	Resist Fire	火焰抗性	Mysticism 2.4.2 CHT exact FormKey seed
00000274	29265B:MysticismMagic.esp	MGEF	MAG_ResistFireFFSelf100	DNAM	0	Your Fire Resistance is increased by <mag>% for <dur> seconds.	提高火焰抗性 <mag>%，持續 <dur> 秒。	Mysticism 2.4.2 CHT exact FormKey seed
00000275	29265F:MysticismMagic.esp	MGEF	MAG_ResistShockFFSelf50	FULL	0	Resist Shock	閃電抗性	Mysticism 2.4.2 CHT exact FormKey seed
00000276	29265F:MysticismMagic.esp	MGEF	MAG_ResistShockFFSelf50	DNAM	0	Your Shock Resistance is increased by <mag>% for <dur> seconds.	提高閃電抗性 <mag>%，持續 <dur> 秒。	Mysticism 2.4.2 CHT exact FormKey seed
00000277	292662:MysticismMagic.esp	MGEF	MAG_ResistShockFFSelf100	FULL	0	Resist Shock	閃電抗性	Mysticism 2.4.2 CHT exact FormKey seed
00000278	292662:MysticismMagic.esp	MGEF	MAG_ResistShockFFSelf100	DNAM	0	Your Shock Resistance is increased by <mag>% for <dur> seconds.	提高閃電抗性 <mag>%，持續 <dur> 秒。	Mysticism 2.4.2 CHT exact FormKey seed
00000279	292667:MysticismMagic.esp	MGEF	MAG_ResistFrostFFSelf50	FULL	0	Resist Frost	寒霜抗性	Mysticism 2.4.2 CHT exact FormKey seed
0000027A	292667:MysticismMagic.esp	MGEF	MAG_ResistFrostFFSelf50	DNAM	0	Your Frost Resistance is increased by <mag>% for <dur> seconds.	提高寒霜抗性 <mag>%，持續 <dur> 秒。	Mysticism 2.4.2 CHT exact FormKey seed
0000027B	292669:MysticismMagic.esp	MGEF	MAG_ResistFrostFFSelf100	FULL	0	Resist Frost	寒霜抗性	Mysticism 2.4.2 CHT exact FormKey seed
0000027C	292669:MysticismMagic.esp	MGEF	MAG_ResistFrostFFSelf100	DNAM	0	Your Frost Resistance is increased by <mag>% for <dur> seconds.	提高寒霜抗性 <mag>%，持續 <dur> 秒。	Mysticism 2.4.2 CHT exact FormKey seed
0000027D	29266E:MysticismMagic.esp	MGEF	MAG_ResistPoisonFFSelf50	FULL	0	Resist Poison	毒素抗性	Mysticism 2.4.2 CHT exact FormKey seed
0000027E	29266E:MysticismMagic.esp	MGEF	MAG_ResistPoisonFFSelf50	DNAM	0	Your Poison Resistance is increased by <mag>% for <dur> seconds.	提高毒素抗性 <mag>%，持續 <dur> 秒。	Mysticism 2.4.2 CHT exact FormKey seed
0000027F	292670:MysticismMagic.esp	MGEF	MAG_ResistPoisonFFSelf100	FULL	0	Resist Poison	毒素抗性	Mysticism 2.4.2 CHT exact FormKey seed
00000280	292670:MysticismMagic.esp	MGEF	MAG_ResistPoisonFFSelf100	DNAM	0	Your Poison Resistance is increased by <mag>% for <dur> seconds.	提高毒素抗性 <mag>%，持續 <dur> 秒。	Mysticism 2.4.2 CHT exact FormKey seed
00000281	F21F45:MysticismMagic.esp	MGEF	MAG_CircleofStrengthFFSelf50Dummy	FULL	0	Fortify Stamina Regeneration	強化耐力再生	Mysticism 2.4.2 CHT exact FormKey seed
00000282	F21F45:MysticismMagic.esp	MGEF	MAG_CircleofStrengthFFSelf50Dummy	DNAM	0	Creates a circle on the ground that lasts for <dur> seconds. Standing inside the circle restores <10> Stamina per second.	在地面上創建一個領域，持續 <dur> 秒。站在領域內每秒恢復 <10> 點耐力。	Mysticism 2.5.0 custom; Skyrim 8.20 terminology
00000283	F21F46:MysticismMagic.esp	MGEF	MAG_CircleofStrengthFFSelf50Dummy01	FULL	0	Fortify Stamina Regeneration	強化耐力再生	Mysticism 2.4.2 CHT exact FormKey seed
00000284	F21F46:MysticismMagic.esp	MGEF	MAG_CircleofStrengthFFSelf50Dummy01	DNAM	0			Mysticism 2.4.2 CHT exact FormKey seed
00000285	F21F47:MysticismMagic.esp	MGEF	MAG_CircleofStrengthFFSelf50Dummy02	FULL	0	Fortify Stamina Regeneration	強化耐力再生	Mysticism 2.4.2 CHT exact FormKey seed
00000286	F21F47:MysticismMagic.esp	MGEF	MAG_CircleofStrengthFFSelf50Dummy02	DNAM	0			Mysticism 2.4.2 CHT exact FormKey seed
00000287	F21F48:MysticismMagic.esp	MGEF	MAG_CircleofStrengthFFSelf50Dummy03	FULL	0	Fortify Stamina Regeneration	強化耐力再生	Mysticism 2.4.2 CHT exact FormKey seed
00000288	F21F48:MysticismMagic.esp	MGEF	MAG_CircleofStrengthFFSelf50Dummy03	DNAM	0			Mysticism 2.4.2 CHT exact FormKey seed
00000289	F21F49:MysticismMagic.esp	MGEF	MAG_CircleofStrengthFFSelf50XP01	FULL	0	Fortify Stamina Regeneration	強化耐力再生	Mysticism 2.4.2 CHT exact FormKey seed
0000028A	F21F49:MysticismMagic.esp	MGEF	MAG_CircleofStrengthFFSelf50XP01	DNAM	0			Mysticism 2.4.2 CHT exact FormKey seed
0000028B	F36350:MysticismMagic.esp	MGEF	MAG_CircleofStrengthFFContact100	FULL	0	Restore Stamina	恢復耐力	Mysticism 2.5.0 custom; Skyrim 8.20 terminology
0000028C	F36350:MysticismMagic.esp	MGEF	MAG_CircleofStrengthFFContact100	DNAM	0			Mysticism 2.4.2 CHT exact FormKey seed
0000028D	F36352:MysticismMagic.esp	MGEF	MAG_CircleofWisdomFFContact100	FULL	0	Restore Magicka	恢復法力	Mysticism 2.5.0 custom; Skyrim 8.20 terminology
0000028E	F36352:MysticismMagic.esp	MGEF	MAG_CircleofWisdomFFContact100	DNAM	0			Mysticism 2.4.2 CHT exact FormKey seed
0000028F	F36355:MysticismMagic.esp	MGEF	MAG_CircleofStrengthFFSelf100	FULL	0	Fortify Stamina Regeneration	強化耐力再生	Mysticism 2.4.2 CHT exact FormKey seed
00000290	F36355:MysticismMagic.esp	MGEF	MAG_CircleofStrengthFFSelf100	DNAM	0			Mysticism 2.4.2 CHT exact FormKey seed
00000291	F36356:MysticismMagic.esp	MGEF	MAG_CircleofStrengthFFSelf100DualCast	FULL	0	Fortify Stamina Regeneration	強化耐力再生	Mysticism 2.4.2 CHT exact FormKey seed
00000292	F36356:MysticismMagic.esp	MGEF	MAG_CircleofStrengthFFSelf100DualCast	DNAM	0			Mysticism 2.4.2 CHT exact FormKey seed
00000293	F36357:MysticismMagic.esp	MGEF	MAG_CircleofStrengthFFSelf100PerkDualCast	FULL	0	Fortify Stamina Regeneration	強化耐力再生	Mysticism 2.4.2 CHT exact FormKey seed
00000294	F36357:MysticismMagic.esp	MGEF	MAG_CircleofStrengthFFSelf100PerkDualCast	DNAM	0			Mysticism 2.4.2 CHT exact FormKey seed
00000295	F36362:MysticismMagic.esp	MGEF	MAG_CircleofWisdomFFSelf100PerkDualCast	FULL	0	Fortify Magicka Regeneration	強化法力再生	Mysticism 2.4.2 CHT exact FormKey seed
00000296	F36362:MysticismMagic.esp	MGEF	MAG_CircleofWisdomFFSelf100PerkDualCast	DNAM	0			Mysticism 2.4.2 CHT exact FormKey seed
00000297	F36366:MysticismMagic.esp	MGEF	MAG_CircleofWisdomFFSelf100Dummy	FULL	0	Fortify Magicka Regeneration	強化法力再生	Mysticism 2.4.2 CHT exact FormKey seed
00000298	F36366:MysticismMagic.esp	MGEF	MAG_CircleofWisdomFFSelf100Dummy	DNAM	0	Creates a circle on the ground that lasts for <dur> seconds. Standing inside the circle restores <20> Magicka per second.	在地面上創建一個領域，持續 <dur> 秒。站在領域內每秒恢復 <20> 點法力。	Mysticism 2.5.0 custom; Skyrim 8.20 terminology
00000299	F36360:MysticismMagic.esp	MGEF	MAG_CircleofWisdomFFSelf100	FULL	0	Fortify Magicka Regeneration	強化法力再生	Mysticism 2.4.2 CHT exact FormKey seed
0000029A	F36360:MysticismMagic.esp	MGEF	MAG_CircleofWisdomFFSelf100	DNAM	0			Mysticism 2.4.2 CHT exact FormKey seed
0000029B	F36361:MysticismMagic.esp	MGEF	MAG_CircleofWisdomFFSelf100DualCast	FULL	0	Fortify Magicka Regeneration	強化法力再生	Mysticism 2.4.2 CHT exact FormKey seed
0000029C	F36361:MysticismMagic.esp	MGEF	MAG_CircleofWisdomFFSelf100DualCast	DNAM	0			Mysticism 2.4.2 CHT exact FormKey seed
0000029D	F3635A:MysticismMagic.esp	MGEF	MAG_CircleofStrengthFFSelf100Dummy02	FULL	0	Fortify Stamina Regeneration	強化耐力再生	Mysticism 2.4.2 CHT exact FormKey seed
0000029E	F3635A:MysticismMagic.esp	MGEF	MAG_CircleofStrengthFFSelf100Dummy02	DNAM	0			Mysticism 2.4.2 CHT exact FormKey seed
0000029F	F3635B:MysticismMagic.esp	MGEF	MAG_CircleofStrengthFFSelf100Dummy03	FULL	0	Fortify Stamina Regeneration	強化耐力再生	Mysticism 2.4.2 CHT exact FormKey seed
000002A0	F3635B:MysticismMagic.esp	MGEF	MAG_CircleofStrengthFFSelf100Dummy03	DNAM	0			Mysticism 2.4.2 CHT exact FormKey seed
000002A1	F3635C:MysticismMagic.esp	MGEF	MAG_CircleofStrengthFFSelf100XP01	FULL	0	Fortify Stamina Regeneration	強化耐力再生	Mysticism 2.4.2 CHT exact FormKey seed
000002A2	F3635C:MysticismMagic.esp	MGEF	MAG_CircleofStrengthFFSelf100XP01	DNAM	0			Mysticism 2.4.2 CHT exact FormKey seed
000002A3	2B0CED:MysticismMagic.esp	MGEF	MAG_CommandFFAimed50Dummy	FULL	0	Command	支配	Mysticism 2.4.2 CHT exact FormKey seed
000002A4	2B0CED:MysticismMagic.esp	MGEF	MAG_CommandFFAimed50Dummy	DNAM	0			Mysticism 2.4.2 CHT exact FormKey seed
000002A5	2B5DF5:MysticismMagic.esp	MGEF	MAG_SilenceFFTouchDummy	FULL	0	Hush Dummy Effect	Hush Dummy Effect	Mysticism 2.4.2 CHT exact FormKey seed
000002A6	2B5DF5:MysticismMagic.esp	MGEF	MAG_SilenceFFTouchDummy	DNAM	0	Touch a living target up to level <mag> in melee range to silence them for <dur> seconds.	接觸最高 <mag> 級的活著目標，使其不能施法，持續 <dur> 秒。	Mysticism 2.4.2 CHT exact FormKey seed
000002A7	2B5DF6:MysticismMagic.esp	MGEF	MAG_SilenceFFAimedArea75	FULL	0	Silence	沉默	Mysticism 2.4.2 CHT exact FormKey seed
000002A8	2B5DF6:MysticismMagic.esp	MGEF	MAG_SilenceFFAimedArea75	DNAM	0	Living targets up to level <mag> in a large area won't cast spells for <dur> seconds.	大範圍內最高 <mag> 級的活著目標不能施法，持續 <dur> 秒。	Mysticism 2.4.2 CHT exact FormKey seed
000002A9	2B5DF7:MysticismMagic.esp	MGEF	MAG_SilenceFFSelfArea100	FULL	0	Silence	沉默	Mysticism 2.4.2 CHT exact FormKey seed
000002AA	2B5DF7:MysticismMagic.esp	MGEF	MAG_SilenceFFSelfArea100	DNAM	0	Living targets up to level <mag> in a massive area won't cast spells for <dur> seconds.	極大範圍內最高 <mag> 級的活著目標不能施法，持續 <dur> 秒。	Mysticism 2.4.2 CHT exact FormKey seed
000002AB	2B5DF8:MysticismMagic.esp	MGEF	MAG_SilenceFFAimedArea75Dummy	FULL	0	Silence	沉默	Mysticism 2.4.2 CHT exact FormKey seed
000002AC	2B5DF8:MysticismMagic.esp	MGEF	MAG_SilenceFFAimedArea75Dummy	DNAM	0			Mysticism 2.4.2 CHT exact FormKey seed
000002AD	2B5DF9:MysticismMagic.esp	MGEF	MAG_SilenceFFSelfArea100Dummy	FULL	0	Silence	沉默	Mysticism 2.4.2 CHT exact FormKey seed
000002AE	2B5DF9:MysticismMagic.esp	MGEF	MAG_SilenceFFSelfArea100Dummy	DNAM	0			Mysticism 2.4.2 CHT exact FormKey seed
000002AF	2B5DFD:MysticismMagic.esp	MGEF	MAG_PerkMasterMindSilenceFFSelfArea100	FULL	0	Master of the Mind	心靈掌控大師	Mysticism 2.4.2 CHT exact FormKey seed
000002B0	2B5DFD:MysticismMagic.esp	MGEF	MAG_PerkMasterMindSilenceFFSelfArea100	DNAM	0			Mysticism 2.4.2 CHT exact FormKey seed
000002B1	2B5E00:MysticismMagic.esp	MGEF	MAG_PerkMasterMindSilenceFFAimedArea75	FULL	0	Master of the Mind	心靈掌控大師	Mysticism 2.4.2 CHT exact FormKey seed
000002B2	2B5E00:MysticismMagic.esp	MGEF	MAG_PerkMasterMindSilenceFFAimedArea75	DNAM	0			Mysticism 2.4.2 CHT exact FormKey seed
000002B3	2BAF01:MysticismMagic.esp	MGEF	MAG_PerkMasterMindSilenceFFAimed25Dummy	FULL	0	Master of the Mind	心靈掌控大師	Mysticism 2.4.2 CHT exact FormKey seed
000002B4	2BAF01:MysticismMagic.esp	MGEF	MAG_PerkMasterMindSilenceFFAimed25Dummy	DNAM	0			Mysticism 2.4.2 CHT exact FormKey seed
000002B5	2BAF02:MysticismMagic.esp	MGEF	MAG_PerkMasterMindSilenceFFAimedArea75Dummy	FULL	0	Master of the Mind	心靈掌控大師	Mysticism 2.4.2 CHT exact FormKey seed
000002B6	2BAF02:MysticismMagic.esp	MGEF	MAG_PerkMasterMindSilenceFFAimedArea75Dummy	DNAM	0			Mysticism 2.4.2 CHT exact FormKey seed
000002B7	2BAF03:MysticismMagic.esp	MGEF	MAG_PerkMasterMindSilenceFFSelfArea100Dummy	FULL	0	Master of the Mind	心靈掌控大師	Mysticism 2.4.2 CHT exact FormKey seed
000002B8	2BAF03:MysticismMagic.esp	MGEF	MAG_PerkMasterMindSilenceFFSelfArea100Dummy	DNAM	0			Mysticism 2.4.2 CHT exact FormKey seed
000002B9	2C510A:MysticismMagic.esp	MGEF	MAG_CommandFFAimed50	FULL	0	Command	支配	Mysticism 2.4.2 CHT exact FormKey seed
000002BA	2C510A:MysticismMagic.esp	MGEF	MAG_CommandFFAimed50	DNAM	0	Living targets up to level <mag> are placed under your command for <dur> seconds.	最高 <mag> 級的活著目標受你支配，持續 <dur> 秒。	Mysticism 2.4.2 CHT exact FormKey seed
000002BB	2C510B:MysticismMagic.esp	MGEF	MAG_CommandFFAimedArea75	FULL	0	Command	支配	Mysticism 2.4.2 CHT exact FormKey seed
000002BC	2C510B:MysticismMagic.esp	MGEF	MAG_CommandFFAimedArea75	DNAM	0	Living targets up to level <mag> in a large area are placed under your command for <dur> seconds.	大範圍內最高 <mag> 級的活著目標受你支配，持續 <dur> 秒。	Mysticism 2.4.2 CHT exact FormKey seed
000002BD	2C510C:MysticismMagic.esp	MGEF	MAG_CommandFFSelfArea100	FULL	0	Command	支配	Mysticism 2.4.2 CHT exact FormKey seed
000002BE	2C510C:MysticismMagic.esp	MGEF	MAG_CommandFFSelfArea100	DNAM	0	Living targets up to level <mag> in a massive area are placed under your command for <dur> seconds.	極大範圍內最高 <mag> 級的活著目標受你支配，持續 <dur> 秒。	Mysticism 2.4.2 CHT exact FormKey seed
000002BF	2C510D:MysticismMagic.esp	MGEF	MAG_PerkMasterMindCommandFFAimed50	FULL	0	Master of the Mind	心靈掌控大師	Mysticism 2.4.2 CHT exact FormKey seed
000002C0	2C510D:MysticismMagic.esp	MGEF	MAG_PerkMasterMindCommandFFAimed50	DNAM	0			Mysticism 2.4.2 CHT exact FormKey seed
000002C1	2C510E:MysticismMagic.esp	MGEF	MAG_PerkMasterMindCommandFFAimedArea75	FULL	0	Master of the Mind	心靈掌控大師	Mysticism 2.4.2 CHT exact FormKey seed
000002C2	2C510E:MysticismMagic.esp	MGEF	MAG_PerkMasterMindCommandFFAimedArea75	DNAM	0			Mysticism 2.4.2 CHT exact FormKey seed
000002C3	2C510F:MysticismMagic.esp	MGEF	MAG_PerkMasterMindCommandFFSelfArea100	FULL	0	Master of the Mind	心靈掌控大師	Mysticism 2.4.2 CHT exact FormKey seed
000002C4	2C510F:MysticismMagic.esp	MGEF	MAG_PerkMasterMindCommandFFSelfArea100	DNAM	0			Mysticism 2.4.2 CHT exact FormKey seed
000002C5	2C5111:MysticismMagic.esp	MGEF	MAG_CommandFFAimedArea75Dummy	FULL	0	Command	支配	Mysticism 2.4.2 CHT exact FormKey seed
000002C6	2C5111:MysticismMagic.esp	MGEF	MAG_CommandFFAimedArea75Dummy	DNAM	0			Mysticism 2.4.2 CHT exact FormKey seed
000002C7	2C5112:MysticismMagic.esp	MGEF	MAG_CommandFFSelfArea100Dummy	FULL	0	Command	支配	Mysticism 2.4.2 CHT exact FormKey seed
000002C8	2C5112:MysticismMagic.esp	MGEF	MAG_CommandFFSelfArea100Dummy	DNAM	0			Mysticism 2.4.2 CHT exact FormKey seed
000002C9	2C5113:MysticismMagic.esp	MGEF	MAG_PerkMasterMindCommandFFAimedArea75Dummy	FULL	0	Master of the Mind	心靈掌控大師	Mysticism 2.4.2 CHT exact FormKey seed
000002CA	2C5113:MysticismMagic.esp	MGEF	MAG_PerkMasterMindCommandFFAimedArea75Dummy	DNAM	0			Mysticism 2.4.2 CHT exact FormKey seed
000002CB	2C5114:MysticismMagic.esp	MGEF	MAG_PerkMasterMindCommandFFAimed50Dummy	FULL	0	Master of the Mind	心靈掌控大師	Mysticism 2.4.2 CHT exact FormKey seed
000002CC	2C5114:MysticismMagic.esp	MGEF	MAG_PerkMasterMindCommandFFAimed50Dummy	DNAM	0			Mysticism 2.4.2 CHT exact FormKey seed
000002CD	2C5115:MysticismMagic.esp	MGEF	MAG_PerkMasterMindCommandFFSelfArea100Dummy	FULL	0	Master of the Mind	心靈掌控大師	Mysticism 2.4.2 CHT exact FormKey seed
000002CE	2C5115:MysticismMagic.esp	MGEF	MAG_PerkMasterMindCommandFFSelfArea100Dummy	DNAM	0			Mysticism 2.4.2 CHT exact FormKey seed
000002CF	2CA221:MysticismMagic.esp	MGEF	MAG_ChameleonFFSelf50	FULL	0	Chameleon	擬態術	Mysticism 2.4.2 CHT exact FormKey seed
000002D0	2CA221:MysticismMagic.esp	MGEF	MAG_ChameleonFFSelf50	DNAM	0	For <dur> seconds, you are much harder to detect while sneaking.	在 <dur> 秒內，潛行時更難被發現。	Mysticism 2.5.0 custom; Skyrim 8.20 terminology
000002D1	2CF327:MysticismMagic.esp	MGEF	MAG_MuffleFFSelf100	FULL	0	Muffle	消除聲響	Mysticism 2.4.2 CHT exact FormKey seed
000002D2	2CF327:MysticismMagic.esp	MGEF	MAG_MuffleFFSelf100	DNAM	0			Mysticism 2.4.2 CHT exact FormKey seed
000002D3	2CF32F:MysticismMagic.esp	MGEF	MAG_NightEyeFFSelf	FULL	0	Night Eye	夜視	Mysticism 2.4.2 CHT exact FormKey seed
000002D4	2CF32F:MysticismMagic.esp	MGEF	MAG_NightEyeFFSelf	DNAM	0	You can see in the dark for <dur> seconds.	可以在黑暗中看得更清楚，持續 <dur> 秒。	Mysticism 2.4.2 CHT exact FormKey seed
000002D5	2CF334:MysticismMagic.esp	MGEF	MAG_ParalyzeRuneFFLocation	FULL	0	Paralyze Rune	麻痺法印	Mysticism 2.4.2 CHT exact FormKey seed
000002D6	2CF334:MysticismMagic.esp	MGEF	MAG_ParalyzeRuneFFLocation	DNAM	0	Creates a rune that explodes when enemies approach, paralyzing living targets up to level <mag> for <dur> seconds. Some enemies are immune to this effect.	施放一個敵人靠近時會爆炸的法印，麻痺最高 <mag> 級的活著目標，持續 <dur> 秒。一些敵人會免疫此效果。	Mysticism 2.4.2 CHT exact FormKey seed
000002D7	2CF336:MysticismMagic.esp	MGEF	MAG_ParalyzeRuneFFContact	FULL	0	Paralyze Rune	麻痺法印	Mysticism 2.4.2 CHT exact FormKey seed
000002D8	2CF336:MysticismMagic.esp	MGEF	MAG_ParalyzeRuneFFContact	DNAM	0			Mysticism 2.4.2 CHT exact FormKey seed
000002D9	2CF339:MysticismMagic.esp	MGEF	MAG_ParalyzeRuneFFContactDummy	FULL	0	Paralyze Rune	麻痺法印	Mysticism 2.4.2 CHT exact FormKey seed
000002DA	2CF339:MysticismMagic.esp	MGEF	MAG_ParalyzeRuneFFContactDummy	DNAM	0			Mysticism 2.4.2 CHT exact FormKey seed
000002DB	2DE645:MysticismMagic.esp	MGEF	MAG_RuneAbsorbHealthFFLocation100	FULL	0	Entropic Rune	熵能法印	Mysticism 2.4.2 CHT exact FormKey seed
000002DC	2DE645:MysticismMagic.esp	MGEF	MAG_RuneAbsorbHealthFFLocation100	DNAM	0			Mysticism 2.4.2 CHT exact FormKey seed
000002DD	2DE647:MysticismMagic.esp	MGEF	MAG_AbsorbStaminaConcAimed100	FULL	0	Absorb Stamina	吸取耐力	Mysticism 2.4.2 CHT exact FormKey seed
000002DE	2DE647:MysticismMagic.esp	MGEF	MAG_AbsorbStaminaConcAimed100	DNAM	0	Absorbs <mag> Stamina per second.	每秒吸取 <mag> 點耐力。	Mysticism 2.4.2 CHT exact FormKey seed
000002DF	2DE650:MysticismMagic.esp	MGEF	MAG_RuneAbsorbHealthFFLocation	FULL	0	Entropic Rune	熵能法印	Mysticism 2.4.2 CHT exact FormKey seed
000002E0	2DE650:MysticismMagic.esp	MGEF	MAG_RuneAbsorbHealthFFLocation	DNAM	0	Creates a rune that explodes when enemies approach, absorbing <mag> Health to living targets.	施放一個敵人靠近時會爆炸的法印，並吸取活著的敵人 <mag> 點生命。	Mysticism 2.4.2 CHT exact FormKey seed
000002E1	2DE655:MysticismMagic.esp	MGEF	MAG_AbsorbStaminaConcAimed50	FULL	0	Absorb Stamina	吸取耐力	Mysticism 2.4.2 CHT exact FormKey seed
000002E2	2DE655:MysticismMagic.esp	MGEF	MAG_AbsorbStaminaConcAimed50	DNAM	0	Absorbs <mag> Stamina per second.	每秒吸取 <mag> 點耐力。	Mysticism 2.4.2 CHT exact FormKey seed
000002E3	2E886D:MysticismMagic.esp	MGEF	MAG_FrostDamageFFAimed100	FULL	0	Frozen Lance	霜結之槍	Mysticism 2.4.2 CHT exact FormKey seed
000002E4	2E886D:MysticismMagic.esp	MGEF	MAG_FrostDamageFFAimed100	DNAM	0	An icy lance that deals <mag> damage to Health and half that to Stamina.	一根冰槍，對生命造成 <mag> 點傷害，對耐力造成其一半傷害。	Mysticism 2.4.2 CHT exact FormKey seed
000002E5	2E886F:MysticismMagic.esp	MGEF	MAG_FrostDamageFFAimedArea100	FULL	0	Frost Damage	寒霜傷害	Mysticism 2.4.2 CHT exact FormKey seed
000002E6	2E886F:MysticismMagic.esp	MGEF	MAG_FrostDamageFFAimedArea100	DNAM	0	Deals <mag> Frost damage to Health and Stamina in a large area.	大範圍區域內對生命與耐力造成 <mag> 點的寒霜傷害。	Mysticism 2.4.2 CHT exact FormKey seed
000002E7	2ED974:MysticismMagic.esp	MGEF	MAG_PoisonDamageFFSelfArea60	FULL	0	Black Marsh	黑沼死池術	Mysticism 2.4.2 CHT exact FormKey seed
000002E8	2ED974:MysticismMagic.esp	MGEF	MAG_PoisonDamageFFSelfArea60	DNAM	0			Mysticism 2.4.2 CHT exact FormKey seed
000002E9	2F2A78:MysticismMagic.esp	MGEF	MAG_FrostSlowFFAimedDummy	FULL	0	Slow	緩速	Mysticism 2.4.2 CHT exact FormKey seed
000002EA	2F2A78:MysticismMagic.esp	MGEF	MAG_FrostSlowFFAimedDummy	DNAM	0			Mysticism 2.4.2 CHT exact FormKey seed
000002EB	2FCC7E:MysticismMagic.esp	MGEF	MAG_RuneFireFFLocation75	FULL	0	Greater Fire Rune	進階暴炎法印	Mysticism 2.4.2 CHT exact FormKey seed
000002EC	2FCC7E:MysticismMagic.esp	MGEF	MAG_RuneFireFFLocation75	DNAM	0	Creates a rune that explodes when enemies approach, dealing <mag> Fire damage. Targets on fire take extra damage over time.	施放一個敵人靠近時會爆炸的法印，造成 <mag> 點火焰傷害。燃燒中的目標受到額外的持續傷害。	Mysticism 2.4.2 CHT exact FormKey seed
000002ED	2FCC7F:MysticismMagic.esp	MGEF	MAG_PoisonRuneFFLocation75	FULL	0	Deadly Poison Rune	致命毒害法印	Mysticism 2.4.2 CHT exact FormKey seed
000002EE	2FCC7F:MysticismMagic.esp	MGEF	MAG_PoisonRuneFFLocation75	DNAM	0	Creates a rune that explodes when enemies approach, dealing <mag> Poison damage per second for <10> seconds. 	施放一個敵人靠近時會爆炸的法印，每秒造成 <mag> 點毒素傷害，持續 <10> 秒。	Mysticism 2.4.2 CHT exact FormKey seed
000002EF	2FCC80:MysticismMagic.esp	MGEF	MAG_RuneShockFFLocation75	FULL	0	Greater Shock Rune	進階暴電法印	Mysticism 2.4.2 CHT exact FormKey seed
000002F0	2FCC80:MysticismMagic.esp	MGEF	MAG_RuneShockFFLocation75	DNAM	0	Creates a rune that explodes when enemies approach, dealing <mag> Shock damage to Health and Magicka.	施放一個敵人靠近時會爆炸的法印，對生命與法力造成 <mag> 點的閃電傷害。	Mysticism 2.4.2 CHT exact FormKey seed
000002F1	2FCC81:MysticismMagic.esp	MGEF	MAG_RuneFrostFFLocation75	FULL	0	Greater Frost Rune	進階暴霜法印	Mysticism 2.4.2 CHT exact FormKey seed
000002F2	2FCC81:MysticismMagic.esp	MGEF	MAG_RuneFrostFFLocation75	DNAM	0	Creates a rune that explodes when enemies approach, dealing <mag> Frost damage to Health and Stamina.	施放一個敵人靠近時會爆炸的法印，對生命與耐力造成 <mag> 點的寒霜傷害。	Mysticism 2.4.2 CHT exact FormKey seed
000002F3	30BF89:MysticismMagic.esp	MGEF	MAG_PerkImpactStaggerPushFFSelfArea	FULL	0	Perk Impact Stagger	Perk Impact Stagger	Mysticism 2.4.2 CHT exact FormKey seed
000002F4	30BF89:MysticismMagic.esp	MGEF	MAG_PerkImpactStaggerPushFFSelfArea	DNAM	0			Mysticism 2.4.2 CHT exact FormKey seed
000002F5	31618C:MysticismMagic.esp	MGEF	MAG_PerkIntenseFlamesConfDownFFSelfArea	FULL	0	Intense Flames Hysteria	Intense Flames Hysteria	Mysticism 2.4.2 CHT exact FormKey seed
000002F6	31618C:MysticismMagic.esp	MGEF	MAG_PerkIntenseFlamesConfDownFFSelfArea	DNAM	0			Mysticism 2.4.2 CHT exact FormKey seed
000002F7	31618D:MysticismMagic.esp	MGEF	MAG_PerkDisintegrateFFSelfArea	FULL	0	Disintegrate	粉身碎骨	Mysticism 2.4.2 CHT exact FormKey seed
000002F8	31618D:MysticismMagic.esp	MGEF	MAG_PerkDisintegrateFFSelfArea	DNAM	0			Mysticism 2.4.2 CHT exact FormKey seed
000002F9	320390:MysticismMagic.esp	MGEF	MAG_AbsorbHealthFFAimedDummy	FULL	0	Absorb Health	吸取生命	Mysticism 2.4.2 CHT exact FormKey seed
000002FA	320390:MysticismMagic.esp	MGEF	MAG_AbsorbHealthFFAimedDummy	DNAM	0			Mysticism 2.4.2 CHT exact FormKey seed
000002FB	320393:MysticismMagic.esp	MGEF	MAG_AbsorbHealthFFAimedAreaDummy	FULL	0	Entropic Tooltip	Entropic Tooltip	Mysticism 2.4.2 CHT exact FormKey seed
000002FC	320393:MysticismMagic.esp	MGEF	MAG_AbsorbHealthFFAimedAreaDummy	DNAM	0	A wave of raw magic that absorbs <mag> Health over <3> seconds. 	一波原始魔力，<3> 秒內吸取 <mag> 點生命。	Mysticism 2.4.2 CHT exact FormKey seed
000002FD	320394:MysticismMagic.esp	MGEF	MAG_RuneAbsorbHealthFFLocationDummy	FULL	0	Entropic Tooltip	Entropic Tooltip	Mysticism 2.4.2 CHT exact FormKey seed
000002FE	320394:MysticismMagic.esp	MGEF	MAG_RuneAbsorbHealthFFLocationDummy	DNAM	0	Creates a rune that explodes when enemies approach, absorbing <mag> Health over <3> seconds.	施放一個敵人靠近時會爆炸的法印，並<3> 秒內吸取敵人 <mag> 點生命。	Mysticism 2.4.2 CHT exact FormKey seed
000002FF	325495:MysticismMagic.esp	MGEF	MAG_RuneAbsorbHealthFFLocation100Dummy	FULL	0	Entropic Tooltip	Entropic Tooltip	Mysticism 2.4.2 CHT exact FormKey seed
00000300	325495:MysticismMagic.esp	MGEF	MAG_RuneAbsorbHealthFFLocation100Dummy	DNAM	0	Creates a rune that explodes when enemies approach, absorbing <mag> Health over <3> seconds.	施放一個敵人靠近時會爆炸的法印，並<3> 秒內吸取敵人 <mag> 點生命。	Mysticism 2.4.2 CHT exact FormKey seed
00000301	32A59F:MysticismMagic.esp	MGEF	MAG_FrostSlowFFContactDummy	FULL	0	Slow	緩速	Mysticism 2.4.2 CHT exact FormKey seed
00000302	32A59F:MysticismMagic.esp	MGEF	MAG_FrostSlowFFContactDummy	DNAM	0			Mysticism 2.4.2 CHT exact FormKey seed
00000303	36C2D9:MysticismMagic.esp	MGEF	MAG_PerkIntenseFlamesConcAimedCloak	FULL	0	Intense Flames Fear	Intense Flames Fear	Mysticism 2.4.2 CHT exact FormKey seed
00000304	36C2D9:MysticismMagic.esp	MGEF	MAG_PerkIntenseFlamesConcAimedCloak	DNAM	0			Mysticism 2.4.2 CHT exact FormKey seed
00000305	3857F1:MysticismMagic.esp	MGEF	MAG_FrostSlowConcAimedCloak	FULL	0	Slow	緩速	Mysticism 2.4.2 CHT exact FormKey seed
00000306	3857F1:MysticismMagic.esp	MGEF	MAG_FrostSlowConcAimedCloak	DNAM	0			Mysticism 2.4.2 CHT exact FormKey seed
00000307	3857FC:MysticismMagic.esp	MGEF	MAG_PerkDeepFreezeFFContact	FULL	0	Deep Freeze Paralyze	深度凍結麻痺	Mysticism 2.4.2 CHT exact FormKey seed
00000308	3857FC:MysticismMagic.esp	MGEF	MAG_PerkDeepFreezeFFContact	DNAM	0			Mysticism 2.4.2 CHT exact FormKey seed
00000309	38FA03:MysticismMagic.esp	MGEF	MAG_PerkImpactStaggerPushFFAimedArea	FULL	0	Perk Impact Stagger	Perk Impact Stagger	Mysticism 2.4.2 CHT exact FormKey seed
0000030A	38FA03:MysticismMagic.esp	MGEF	MAG_PerkImpactStaggerPushFFAimedArea	DNAM	0			Mysticism 2.4.2 CHT exact FormKey seed
0000030B	399C04:MysticismMagic.esp	MGEF	MAG_ShockDamageFFSelfArea60	FULL	0	Stormblast	天鳴雷轟術	Mysticism 2.4.2 CHT exact FormKey seed
0000030C	399C04:MysticismMagic.esp	MGEF	MAG_ShockDamageFFSelfArea60	DNAM	0			Mysticism 2.4.2 CHT exact FormKey seed
0000030D	39ED08:MysticismMagic.esp	MGEF	MAG_PerkDisintegrateFFAimedDummy	FULL	0	Disintegrate	粉身碎骨	Mysticism 2.4.2 CHT exact FormKey seed
0000030E	39ED08:MysticismMagic.esp	MGEF	MAG_PerkDisintegrateFFAimedDummy	DNAM	0			Mysticism 2.4.2 CHT exact FormKey seed
0000030F	39ED09:MysticismMagic.esp	MGEF	MAG_PerkDisintegrateFFAimedAreaDummy	FULL	0	Disintegrate	粉身碎骨	Mysticism 2.4.2 CHT exact FormKey seed
00000310	39ED09:MysticismMagic.esp	MGEF	MAG_PerkDisintegrateFFAimedAreaDummy	DNAM	0			Mysticism 2.4.2 CHT exact FormKey seed
00000311	39ED0A:MysticismMagic.esp	MGEF	MAG_PerkDisintegrateFFSelfAreaDummy	FULL	0	Disintegrate	粉身碎骨	Mysticism 2.4.2 CHT exact FormKey seed
00000312	39ED0A:MysticismMagic.esp	MGEF	MAG_PerkDisintegrateFFSelfAreaDummy	DNAM	0			Mysticism 2.4.2 CHT exact FormKey seed
00000313	3A3E11:MysticismMagic.esp	MGEF	MAG_PerkDisintegrateConcAimedDummy	FULL	0	Disintegrate	粉身碎骨	Mysticism 2.4.2 CHT exact FormKey seed
00000314	3A3E11:MysticismMagic.esp	MGEF	MAG_PerkDisintegrateConcAimedDummy	DNAM	0			Mysticism 2.4.2 CHT exact FormKey seed
00000315	3A3E12:MysticismMagic.esp	MGEF	MAG_PerkDisintegrateConcAimedCloak	FULL	0	Disintegrate	粉身碎骨	Mysticism 2.4.2 CHT exact FormKey seed
00000316	3A3E12:MysticismMagic.esp	MGEF	MAG_PerkDisintegrateConcAimedCloak	DNAM	0			Mysticism 2.4.2 CHT exact FormKey seed
00000317	3A3E13:MysticismMagic.esp	MGEF	MAG_PerkDisintegrateConcAimedCloakDummy	FULL	0	Disintegrate	粉身碎骨	Mysticism 2.4.2 CHT exact FormKey seed
00000318	3A3E13:MysticismMagic.esp	MGEF	MAG_PerkDisintegrateConcAimedCloakDummy	DNAM	0			Mysticism 2.4.2 CHT exact FormKey seed
00000319	3B3121:MysticismMagic.esp	MGEF	MAG_PerkIntenseFlamesConfDownFFContact	FULL	0	Intense Flames Fear	Intense Flames Fear	Mysticism 2.4.2 CHT exact FormKey seed
0000031A	3B3121:MysticismMagic.esp	MGEF	MAG_PerkIntenseFlamesConfDownFFContact	DNAM	0			Mysticism 2.4.2 CHT exact FormKey seed
0000031B	3B3122:MysticismMagic.esp	MGEF	MAG_PerkDisintegrateFFContact	FULL	0	Disintegrate	粉身碎骨	Mysticism 2.4.2 CHT exact FormKey seed
0000031C	3B3122:MysticismMagic.esp	MGEF	MAG_PerkDisintegrateFFContact	DNAM	0			Mysticism 2.4.2 CHT exact FormKey seed
0000031D	3B3123:MysticismMagic.esp	MGEF	MAG_PerkDisintegrateFFContactDummy	FULL	0	Disintegrate	粉身碎骨	Mysticism 2.4.2 CHT exact FormKey seed
0000031E	3B3123:MysticismMagic.esp	MGEF	MAG_PerkDisintegrateFFContactDummy	DNAM	0			Mysticism 2.4.2 CHT exact FormKey seed
0000031F	3BD32E:MysticismMagic.esp	MGEF	MAG_ShroudFFSelf50	FULL	0	Shroud	帷幕術	Mysticism 2.4.2 CHT exact FormKey seed
00000320	3BD32E:MysticismMagic.esp	MGEF	MAG_ShroudFFSelf50	DNAM	0	You become ethereal for <dur> seconds. Activating an object or attacking will break the spell.	進入虛無狀態 <dur> 秒。與物件互動或發動攻擊將中斷此法術。	Mysticism 2.4.2 CHT exact FormKey seed
00000321	3C2435:MysticismMagic.esp	MGEF	MAG_OpenLockFFSelf25	FULL	0	Open Lock	開鎖	Mysticism 2.4.2 CHT exact FormKey seed
00000322	3C2435:MysticismMagic.esp	MGEF	MAG_OpenLockFFSelf25	DNAM	0	You can open any lock of Apprentice difficulty or lower for <dur> seconds.	可開啟學徒級或以下的鎖，持續 <dur> 秒。	Mysticism 2.4.2 CHT exact FormKey seed
00000323	3C753C:MysticismMagic.esp	MGEF	MAG_OpenLockFFSelf00	FULL	0	Open Lock	開鎖	Mysticism 2.4.2 CHT exact FormKey seed
00000324	3C753C:MysticismMagic.esp	MGEF	MAG_OpenLockFFSelf00	DNAM	0	You can open any lock of Novice difficulty for <dur> seconds.	可開啟入門級或以下的鎖，持續 <dur> 秒。	Mysticism 2.4.2 CHT exact FormKey seed
00000325	3C753D:MysticismMagic.esp	MGEF	MAG_OpenLockFFSelf50	FULL	0	Open Lock	開鎖	Mysticism 2.4.2 CHT exact FormKey seed
00000326	3C753D:MysticismMagic.esp	MGEF	MAG_OpenLockFFSelf50	DNAM	0	You can open any lock of Adept difficulty or lower for <dur> seconds.	可開啟行家級或以下的鎖，持續 <dur> 秒。	Mysticism 2.4.2 CHT exact FormKey seed
00000327	3C753E:MysticismMagic.esp	MGEF	MAG_OpenLockFFSelf75	FULL	0	Open Lock	開鎖	Mysticism 2.4.2 CHT exact FormKey seed
00000328	3C753E:MysticismMagic.esp	MGEF	MAG_OpenLockFFSelf75	DNAM	0	You can open any lock of Expert difficulty or lower for <dur> seconds.	可開啟專家級或以下的鎖，持續 <dur> 秒。	Mysticism 2.4.2 CHT exact FormKey seed
00000329	3C7549:MysticismMagic.esp	MGEF	MAG_BurdenFFAimedArea75MoveSpeed03	FULL	0	Burden	重負	Mysticism 2.4.2 CHT exact FormKey seed
0000032A	3C7549:MysticismMagic.esp	MGEF	MAG_BurdenFFAimedArea75MoveSpeed03	DNAM	0			Mysticism 2.4.2 CHT exact FormKey seed
0000032B	3C754C:MysticismMagic.esp	MGEF	MAG_BurdenFFAimedArea75MoveSpeed01	FULL	0	Burden	重負	Mysticism 2.4.2 CHT exact FormKey seed
0000032C	3C754C:MysticismMagic.esp	MGEF	MAG_BurdenFFAimedArea75MoveSpeed01	DNAM	0	Reduces enemy Movement and Attack Speed in a large area by <mag>% for <dur> seconds.	降低大範圍內敵人移動速度和攻擊速度 <mag>%，持續 <dur> 秒。	Mysticism 2.4.2 CHT exact FormKey seed
0000032D	3C7553:MysticismMagic.esp	MGEF	MAG_DamageWeaponFFAimed25Dummy	FULL	0	Damage Weapon	損壞武器術	Mysticism 2.4.2 CHT exact FormKey seed
0000032E	3C7553:MysticismMagic.esp	MGEF	MAG_DamageWeaponFFAimed25Dummy	DNAM	0	Reduces enemy weapon damage by <mag>% for <dur> seconds.	降低敵人武器傷害 <mag>%，持續 <dur> 秒。	Mysticism 2.4.2 CHT exact FormKey seed
0000032F	3C7559:MysticismMagic.esp	MGEF	MAG_AbGreaterTelekinesisEffect	FULL	0	Greater Telekinesis Ability Effect	Greater Telekinesis Ability Effect	Mysticism 2.4.2 CHT exact FormKey seed
00000330	3C7559:MysticismMagic.esp	MGEF	MAG_AbGreaterTelekinesisEffect	DNAM	0			Mysticism 2.4.2 CHT exact FormKey seed
00000331	3D6894:MysticismMagic.esp	MGEF	MAG_CircleofProtectionFFSelf75Dummy	FULL	0	Circle of Protection	庇護領域術	Mysticism 2.4.2 CHT exact FormKey seed
00000332	3D6894:MysticismMagic.esp	MGEF	MAG_CircleofProtectionFFSelf75Dummy	DNAM	0	Creates a circle on the ground that lasts for <dur> seconds. Undead up to level <mag> inside the circle are turned for <dur> seconds.	在地面上創建一個領域，持續 <dur> 秒。領域內最高 <mag> 級不死者被驅離，持續 <dur> 秒。	Mysticism 2.4.2 CHT exact FormKey seed
00000333	3D6899:MysticismMagic.esp	MGEF	MAG_RegenHealthFFSelf25	FULL	0	Regenerate Health	再生生命	Mysticism 2.4.2 CHT exact FormKey seed
00000334	3D6899:MysticismMagic.esp	MGEF	MAG_RegenHealthFFSelf25	DNAM	0	Restores <mag> Health per second for <dur> seconds. 	每秒恢復 <mag> 點生命，持續 <dur> 秒。	Mysticism 2.4.2 CHT exact FormKey seed
00000335	3D689A:MysticismMagic.esp	MGEF	MAG_RegenHealthFFSelf75	FULL	0	Regenerate Health	再生生命	Mysticism 2.4.2 CHT exact FormKey seed
00000336	3D689A:MysticismMagic.esp	MGEF	MAG_RegenHealthFFSelf75	DNAM	0	Restores <mag> Health per second for <dur> seconds. 	每秒恢復 <mag> 點生命，持續 <dur> 秒。	Mysticism 2.4.2 CHT exact FormKey seed
00000337	3DB99B:MysticismMagic.esp	MGEF	MAG_WardConcSelf100	FULL	0	Spelldrinker	破魔術	Mysticism 2.4.2 CHT exact FormKey seed
00000338	3DB99B:MysticismMagic.esp	MGEF	MAG_WardConcSelf100	DNAM	0	Negates up to <mag> points of spell damage. 	吸收最多 <mag> 點法術傷害。	Mysticism 2.4.2 CHT exact FormKey seed
00000339	3DB99D:MysticismMagic.esp	MGEF	MAG_RestoreHealthConcAimed	FULL	0	Restore Health	回復生命	Mysticism 2.4.2 CHT exact FormKey seed
0000033A	3DB99D:MysticismMagic.esp	MGEF	MAG_RestoreHealthConcAimed	DNAM	0	Heals the target <mag> points, but not undead, atronachs or machines.	治療目標 <mag> 點生命，不死者、屬靈和機械構裝物除外。	Mysticism 2.4.2 CHT exact FormKey seed
0000033B	3E0AA3:MysticismMagic.esp	MGEF	MAG_RestoreHealthConcActor75	FULL	0	Restore Health	回復生命	Mysticism 2.4.2 CHT exact FormKey seed
0000033C	3E0AA3:MysticismMagic.esp	MGEF	MAG_RestoreHealthConcActor75	DNAM	0	Heals the target, restoring <mag> Health per second.	治療目標，每秒恢復 <mag> 點生命。	Mysticism 2.4.2 CHT exact FormKey seed
0000033D	3E0ABA:MysticismMagic.esp	MGEF	MAG_CalmRuneFFContact	FULL	0	Calm Rune	安撫法印	Mysticism 2.4.2 CHT exact FormKey seed
0000033E	3E0ABA:MysticismMagic.esp	MGEF	MAG_CalmRuneFFContact	DNAM	0			Mysticism 2.4.2 CHT exact FormKey seed
0000033F	3E0AC3:MysticismMagic.esp	MGEF	MAG_CalmRuneFFLocation	FULL	0	Calm Rune	安撫法印	Mysticism 2.4.2 CHT exact FormKey seed
00000340	3E0AC3:MysticismMagic.esp	MGEF	MAG_CalmRuneFFLocation	DNAM	0	Creates a rune that explodes when enemies approach, causing living targets up to level <mag> to stop fighting for <dur> seconds. 	施放一個敵人靠近時會爆炸的法印，使最高 <mag> 級的活著目標停止戰鬥，持續 <dur> 秒。	Mysticism 2.4.2 CHT exact FormKey seed
00000341	3E5BC7:MysticismMagic.esp	MGEF	MAG_SilenceRuneFFContact	FULL	0	Silence Rune	靜默法印	Mysticism 2.4.2 CHT exact FormKey seed
00000342	3E5BC7:MysticismMagic.esp	MGEF	MAG_SilenceRuneFFContact	DNAM	0			Mysticism 2.4.2 CHT exact FormKey seed
00000343	3E5BC8:MysticismMagic.esp	MGEF	MAG_SilenceRuneFFContactDummy	FULL	0	Silence Rune	靜默法印	Mysticism 2.4.2 CHT exact FormKey seed
00000344	3E5BC8:MysticismMagic.esp	MGEF	MAG_SilenceRuneFFContactDummy	DNAM	0			Mysticism 2.4.2 CHT exact FormKey seed
00000345	3E5BD1:MysticismMagic.esp	MGEF	MAG_SilenceRuneFFLocation	FULL	0	Silence Rune	靜默法印	Mysticism 2.4.2 CHT exact FormKey seed
00000346	3E5BD1:MysticismMagic.esp	MGEF	MAG_SilenceRuneFFLocation	DNAM	0	Creates a rune that explodes when enemies approach, preventing living targets up to level <mag> from casting spells for <dur> seconds. 	施放一個敵人靠近時會爆炸的法印，使最高 <mag> 級的活著目標不能施法，持續 <dur> 秒。	Mysticism 2.4.2 CHT exact FormKey seed
00000347	3E5BD4:MysticismMagic.esp	MGEF	MAG_CommandRuneFFContact	FULL	0	Command Rune	支配法印	Mysticism 2.4.2 CHT exact FormKey seed
00000348	3E5BD4:MysticismMagic.esp	MGEF	MAG_CommandRuneFFContact	DNAM	0			Mysticism 2.4.2 CHT exact FormKey seed
00000349	3E5BD6:MysticismMagic.esp	MGEF	MAG_CommandRuneFFContactDummy	FULL	0	Command	支配	Mysticism 2.4.2 CHT exact FormKey seed
0000034A	3E5BD6:MysticismMagic.esp	MGEF	MAG_CommandRuneFFContactDummy	DNAM	0			Mysticism 2.4.2 CHT exact FormKey seed
0000034B	3E5BE0:MysticismMagic.esp	MGEF	MAG_CommandRuneFFLocation	FULL	0	Command Rune	支配法印	Mysticism 2.4.2 CHT exact FormKey seed
0000034C	3E5BE0:MysticismMagic.esp	MGEF	MAG_CommandRuneFFLocation	DNAM	0	Creates a rune that explodes when enemies approach, causing living targets up to level <mag> to be placed under your command for <dur> seconds.	施放一個敵人靠近時會爆炸的法印，使最高 <mag> 級的活著目標受你支配，持續 <dur> 秒。	Mysticism 2.4.2 CHT exact FormKey seed
0000034D	3E5BE2:MysticismMagic.esp	MGEF	MAG_FearRuneFFContact	FULL	0	Fear Rune	懼逃法印	Mysticism 2.4.2 CHT exact FormKey seed
0000034E	3E5BE2:MysticismMagic.esp	MGEF	MAG_FearRuneFFContact	DNAM	0			Mysticism 2.4.2 CHT exact FormKey seed
0000034F	3E5BED:MysticismMagic.esp	MGEF	MAG_FearRuneFFLocation	FULL	0	Fear Rune	懼逃法印	Mysticism 2.4.2 CHT exact FormKey seed
00000350	3E5BED:MysticismMagic.esp	MGEF	MAG_FearRuneFFLocation	DNAM	0	Creates a rune that explodes when enemies approach, causing living targets up to level <mag> to flee from combat for <dur> seconds.	施放一個敵人靠近時會爆炸的法印，使最高 <mag> 級的活著目標逃避戰鬥，持續 <dur> 秒。	Mysticism 2.4.2 CHT exact FormKey seed
00000351	3E5C01:MysticismMagic.esp	MGEF	MAG_PerkMasterMindSilenceRuneFFContact	FULL	0	Silence Rune	靜默法印	Mysticism 2.4.2 CHT exact FormKey seed
00000352	3E5C01:MysticismMagic.esp	MGEF	MAG_PerkMasterMindSilenceRuneFFContact	DNAM	0			Mysticism 2.4.2 CHT exact FormKey seed
00000353	3E5C03:MysticismMagic.esp	MGEF	MAG_PerkMasterMindSilenceRuneFFContactDummy	FULL	0	Silence Rune	靜默法印	Mysticism 2.4.2 CHT exact FormKey seed
00000354	3E5C03:MysticismMagic.esp	MGEF	MAG_PerkMasterMindSilenceRuneFFContactDummy	DNAM	0			Mysticism 2.4.2 CHT exact FormKey seed
00000355	3E5C04:MysticismMagic.esp	MGEF	MAG_PerkMasterMindCalmRuneFFContact	FULL	0	Calm Rune	安撫法印	Mysticism 2.4.2 CHT exact FormKey seed
00000356	3E5C04:MysticismMagic.esp	MGEF	MAG_PerkMasterMindCalmRuneFFContact	DNAM	0			Mysticism 2.4.2 CHT exact FormKey seed
00000357	3E5C05:MysticismMagic.esp	MGEF	MAG_PerkMasterMindFearRuneFFContact	FULL	0	Fear Rune	懼逃法印	Mysticism 2.4.2 CHT exact FormKey seed
00000358	3E5C05:MysticismMagic.esp	MGEF	MAG_PerkMasterMindFearRuneFFContact	DNAM	0			Mysticism 2.4.2 CHT exact FormKey seed
00000359	3E5C06:MysticismMagic.esp	MGEF	MAG_PerkMasterMindCommandRuneFFContact	FULL	0	Command Rune	支配法印	Mysticism 2.4.2 CHT exact FormKey seed
0000035A	3E5C06:MysticismMagic.esp	MGEF	MAG_PerkMasterMindCommandRuneFFContact	DNAM	0			Mysticism 2.4.2 CHT exact FormKey seed
0000035B	3E5C07:MysticismMagic.esp	MGEF	MAG_PerkMasterMindCommandRuneFFContactDummy	FULL	0	Command	支配	Mysticism 2.4.2 CHT exact FormKey seed
0000035C	3E5C07:MysticismMagic.esp	MGEF	MAG_PerkMasterMindCommandRuneFFContactDummy	DNAM	0			Mysticism 2.4.2 CHT exact FormKey seed
0000035D	3E5C08:MysticismMagic.esp	MGEF	MAG_PerkMasterMindParalysisFFContactDummy	FULL	0	Paralysis Rune Dummy Effect	Paralysis Rune Dummy Effect	Mysticism 2.4.2 CHT exact FormKey seed
0000035E	3E5C08:MysticismMagic.esp	MGEF	MAG_PerkMasterMindParalysisFFContactDummy	DNAM	0			Mysticism 2.4.2 CHT exact FormKey seed
0000035F	3E5C09:MysticismMagic.esp	MGEF	MAG_PerkMasterMindParalysisFFContactRune	FULL	0	Paralysis Rune	麻痺法印	Mysticism 2.4.2 CHT exact FormKey seed
00000360	3E5C09:MysticismMagic.esp	MGEF	MAG_PerkMasterMindParalysisFFContactRune	DNAM	0			Mysticism 2.4.2 CHT exact FormKey seed
00000361	3E5C21:MysticismMagic.esp	MGEF	MAG_FireDamageFFSelfAreaDummy	FULL	0	Fire Storm Tooltip	Fire Storm Tooltip	Mysticism 2.4.2 CHT exact FormKey seed
00000362	3E5C21:MysticismMagic.esp	MGEF	MAG_FireDamageFFSelfAreaDummy	DNAM	0	Deals up to <mag> Fire damage in a massive area. Nearby targets take extra damage. Targets on fire take extra damage over time.	極大範圍內造成最多 <mag> 點火焰傷害。越近的目標受到越多傷害。燃燒中的目標受到額外的持續傷害。	Mysticism 2.4.2 CHT exact FormKey seed
00000363	40933B:MysticismMagic.esp	MGEF	MAG_SummonSkeletonWarrior	FULL	0	Conjure Skeleton Warrior	骷髏戰士召喚術	Mysticism 2.4.2 CHT exact FormKey seed
00000364	40933B:MysticismMagic.esp	MGEF	MAG_SummonSkeletonWarrior	DNAM	0	Summons a Skeleton Warrior for <dur> seconds.	召喚一具骷髏戰士，持續 <dur> 秒。	Mysticism 2.4.2 CHT exact FormKey seed
00000365	413540:MysticismMagic.esp	MGEF	MAG_SummonSkeleton	FULL	0	Conjure Skeleton	骷髏召喚術	Mysticism 2.4.2 CHT exact FormKey seed
00000366	413540:MysticismMagic.esp	MGEF	MAG_SummonSkeleton	DNAM	0	Summons a Skeleton for <dur> seconds.	召喚一具骷髏，持續 <dur> 秒。	Mysticism 2.4.2 CHT exact FormKey seed
00000367	413544:MysticismMagic.esp	MGEF	MAG_SummonSkeletonArcher	FULL	0	Conjure Skeleton Archer	骷髏弓箭手召喚術	Mysticism 2.4.2 CHT exact FormKey seed
00000368	413544:MysticismMagic.esp	MGEF	MAG_SummonSkeletonArcher	DNAM	0	Summons a Skeleton Archer for <dur> seconds.	召喚一具骷髏弓箭手，持續 <dur> 秒。	Mysticism 2.4.2 CHT exact FormKey seed
00000369	413548:MysticismMagic.esp	MGEF	MAG_SummonSkeletonMage	FULL	0	Conjure Skeleton Mage	骷髏法師召喚術	Mysticism 2.4.2 CHT exact FormKey seed
0000036A	413548:MysticismMagic.esp	MGEF	MAG_SummonSkeletonMage	DNAM	0	Summons a Skeleton Mage for <dur> seconds.	召喚一具骷髏法師，持續 <dur> 秒。	Mysticism 2.4.2 CHT exact FormKey seed
0000036B	41864B:MysticismMagic.esp	MGEF	MAG_SummonSkeletonChampion	FULL	0	Conjure Skeleton Champion	骷髏霸主召喚術	Mysticism 2.4.2 CHT exact FormKey seed
0000036C	41864B:MysticismMagic.esp	MGEF	MAG_SummonSkeletonChampion	DNAM	0	Summons a Skeleton Champion for <dur> seconds.	召喚一具骷髏霸主，持續 <dur> 秒。	Mysticism 2.4.2 CHT exact FormKey seed
0000036D	41D74E:MysticismMagic.esp	MGEF	MAG_SummonDremoraWarrior	FULL	0	Conjure Dremora Warrior	魔人戰士召喚術	Mysticism 2.4.2 CHT exact FormKey seed
0000036E	41D74E:MysticismMagic.esp	MGEF	MAG_SummonDremoraWarrior	DNAM	0	Summons a Dremora Warrior for <dur> seconds.	召喚一名魔人戰士，持續 <dur> 秒。	Mysticism 2.4.2 CHT exact FormKey seed
0000036F	427959:MysticismMagic.esp	MGEF	MAG_SummonDremoraWarlock	FULL	0	Conjure Dremora Warlock	魔人術士召喚術	Mysticism 2.4.2 CHT exact FormKey seed
00000370	427959:MysticismMagic.esp	MGEF	MAG_SummonDremoraWarlock	DNAM	0	Summons a Dremora Warlock for <dur> seconds.	召喚一名魔人術士，持續 <dur> 秒。	Mysticism 2.4.2 CHT exact FormKey seed
00000371	43BD61:MysticismMagic.esp	MGEF	MAG_SummonSpectralDireWolf	FULL	0	Conjure Spectral Dire Wolf	幽靈惡狼召喚術	Mysticism 2.4.2 CHT exact FormKey seed
00000372	43BD61:MysticismMagic.esp	MGEF	MAG_SummonSpectralDireWolf	DNAM	0	Summons a Spectral Dire Wolf for <dur> seconds.	召喚一頭幽靈惡狼，持續 <dur> 秒。	Mysticism 2.4.2 CHT exact FormKey seed
00000373	43BD65:MysticismMagic.esp	MGEF	MAG_SummonSpectralSabreCat	FULL	0	Conjure Spectral Sabre Cat	幽靈劍齒虎召喚術	Mysticism 2.4.2 CHT exact FormKey seed
00000374	43BD65:MysticismMagic.esp	MGEF	MAG_SummonSpectralSabreCat	DNAM	0	Summons a Spectral Sabre Cat for <dur> seconds.	召喚一頭幽靈劍齒虎，持續 <dur> 秒。	Mysticism 2.4.2 CHT exact FormKey seed
00000375	43BD69:MysticismMagic.esp	MGEF	MAG_SummonSpectralBear	FULL	0	Conjure Spectral Bear	幽靈熊召喚術	Mysticism 2.4.2 CHT exact FormKey seed
00000376	43BD69:MysticismMagic.esp	MGEF	MAG_SummonSpectralBear	DNAM	0	Summons a Spectral Bear for <dur> seconds.	召喚一頭幽靈熊，持續 <dur> 秒。	Mysticism 2.4.2 CHT exact FormKey seed
00000377	43BD6B:MysticismMagic.esp	MGEF	MAG_SummonSpectralSteed	FULL	0	Conjure Spectral Steed	幽靈戰馬召喚術	Mysticism 2.4.2 CHT exact FormKey seed
00000378	43BD6B:MysticismMagic.esp	MGEF	MAG_SummonSpectralSteed	DNAM	0	Summons a Spectral Steed for <dur> seconds.	召喚一頭幽靈戰馬，持續 <dur> 秒。	Mysticism 2.4.2 CHT exact FormKey seed
00000379	43BD71:MysticismMagic.esp	MGEF	MAG_SummonSpectralManbeast	FULL	0	Conjure Spectral Manbeast	幽靈獸化人召喚術	Mysticism 2.4.2 CHT exact FormKey seed
0000037A	43BD71:MysticismMagic.esp	MGEF	MAG_SummonSpectralManbeast	DNAM	0	Summons a Spectral Manbeast for <dur> seconds.	召喚一頭幽靈獸化人，持續 <dur> 秒。	Mysticism 2.4.2 CHT exact FormKey seed
0000037B	43BD79:MysticismMagic.esp	MGEF	MAG_SummonAncestralGuardian	FULL	0	Conjure Ancestral Guardian	先祖護衛者召喚術	Mysticism 2.4.2 CHT exact FormKey seed
0000037C	43BD79:MysticismMagic.esp	MGEF	MAG_SummonAncestralGuardian	DNAM	0	Summons an Ancestral Guardian for <dur> seconds.	召喚一名先祖護衛者，持續 <dur> 秒。	Mysticism 2.4.2 CHT exact FormKey seed
0000037D	43BD7F:MysticismMagic.esp	MGEF	MAG_SummonAncestralWizard	FULL	0	Conjure Ancestral Wizard	先祖法師召喚術	Mysticism 2.4.2 CHT exact FormKey seed
0000037E	43BD7F:MysticismMagic.esp	MGEF	MAG_SummonAncestralWizard	DNAM	0	Summons an Ancestral Wizard for <dur> seconds.	召喚一名先祖法師，持續 <dur> 秒。	Mysticism 2.4.2 CHT exact FormKey seed
0000037F	43BD86:MysticismMagic.esp	MGEF	MAG_SummonAncestralAssassin	FULL	0	Conjure Ancestral Assassin	先祖刺客召喚術	Mysticism 2.4.2 CHT exact FormKey seed
00000380	43BD86:MysticismMagic.esp	MGEF	MAG_SummonAncestralAssassin	DNAM	0	Summons an Ancestral Assassin for <dur> seconds.	召喚一名先祖刺客，持續 <dur> 秒。	Mysticism 2.4.2 CHT exact FormKey seed
00000381	43BD88:MysticismMagic.esp	MGEF	MAG_AncestralVisualsEffect	FULL	0	Ancestral Visuals	Ancestral Visuals	Mysticism 2.4.2 CHT exact FormKey seed
00000382	43BD88:MysticismMagic.esp	MGEF	MAG_AncestralVisualsEffect	DNAM	0			Mysticism 2.4.2 CHT exact FormKey seed
00000383	440E95:MysticismMagic.esp	MGEF	MAG_AbsorbMagickaConcAimed100	FULL	0	Absorb Magicka	吸取法力	Mysticism 2.4.2 CHT exact FormKey seed
00000384	440E95:MysticismMagic.esp	MGEF	MAG_AbsorbMagickaConcAimed100	DNAM	0	Absorbs <mag> Magicka per second.	每秒吸取 <mag> 點法力。	Mysticism 2.4.2 CHT exact FormKey seed
00000385	440E97:MysticismMagic.esp	MGEF	MAG_AbsorbHealthConcAimed100	FULL	0	Absorb Health	吸取生命	Mysticism 2.4.2 CHT exact FormKey seed
00000386	440E97:MysticismMagic.esp	MGEF	MAG_AbsorbHealthConcAimed100	DNAM	0	Absorbs <mag> Health per second from living targets.	每秒吸收活著的目標 <mag> 點生命。	Mysticism 2.4.2 CHT exact FormKey seed
00000387	445F9C:MysticismMagic.esp	MGEF	MAG_AbsorbMagickaConcAimed50	FULL	0	Absorb Magicka	吸取法力	Mysticism 2.4.2 CHT exact FormKey seed
00000388	445F9C:MysticismMagic.esp	MGEF	MAG_AbsorbMagickaConcAimed50	DNAM	0	Absorbs <mag> Magicka per second.	每秒吸取 <mag> 點法力。	Mysticism 2.4.2 CHT exact FormKey seed
00000389	445F9D:MysticismMagic.esp	MGEF	MAG_AbsorbHealthCloakFFSelf	FULL	0	Absorb Health	吸取生命	Mysticism 2.4.2 CHT exact FormKey seed
0000038A	445F9D:MysticismMagic.esp	MGEF	MAG_AbsorbHealthCloakFFSelf	DNAM	0	For <dur> seconds, absorbs <mag> Health per second from living targets in melee range.	每秒吸取近戰範圍內活著的目標 <mag> 點生命，持續 <dur> 秒。	Mysticism 2.4.2 CHT exact FormKey seed
0000038B	445F9E:MysticismMagic.esp	MGEF	MAG_AbsorbHealthConcAimedCloak	FULL	0	Drain Health	吸食生命	Mysticism 2.4.2 CHT exact FormKey seed
0000038C	445F9E:MysticismMagic.esp	MGEF	MAG_AbsorbHealthConcAimedCloak	DNAM	0			Mysticism 2.4.2 CHT exact FormKey seed
0000038D	445FA5:MysticismMagic.esp	MGEF	MAG_AbsorbMagickaCloakFFSelf	FULL	0	Absorb Magicka	吸取法力	Mysticism 2.4.2 CHT exact FormKey seed
0000038E	445FA5:MysticismMagic.esp	MGEF	MAG_AbsorbMagickaCloakFFSelf	DNAM	0			Mysticism 2.4.2 CHT exact FormKey seed
0000038F	445FA6:MysticismMagic.esp	MGEF	MAG_AbsorbMagickaConcAimedCloak01	FULL	0	Absorb Magicka	吸取法力	Mysticism 2.4.2 CHT exact FormKey seed
00000390	445FA6:MysticismMagic.esp	MGEF	MAG_AbsorbMagickaConcAimedCloak01	DNAM	0			Mysticism 2.4.2 CHT exact FormKey seed
00000391	445FAF:MysticismMagic.esp	MGEF	MAG_AbsorbStaminaCloakFFSelf	FULL	0	Absorb Stamina	吸取耐力	Mysticism 2.4.2 CHT exact FormKey seed
00000392	445FAF:MysticismMagic.esp	MGEF	MAG_AbsorbStaminaCloakFFSelf	DNAM	0			Mysticism 2.4.2 CHT exact FormKey seed
00000393	445FB0:MysticismMagic.esp	MGEF	MAG_AbsorbStaminaConcAimedCloak01	FULL	0	Absorb Stamina	吸取耐力	Mysticism 2.4.2 CHT exact FormKey seed
00000394	445FB0:MysticismMagic.esp	MGEF	MAG_AbsorbStaminaConcAimedCloak01	DNAM	0			Mysticism 2.4.2 CHT exact FormKey seed
00000395	445FB6:MysticismMagic.esp	MGEF	MAG_AbsorbHealthConcAimed50	FULL	0	Absorb Health	吸取生命	Mysticism 2.4.2 CHT exact FormKey seed
00000396	445FB6:MysticismMagic.esp	MGEF	MAG_AbsorbHealthConcAimed50	DNAM	0	Absorbs <mag> Health per second from living targets.	每秒吸收活著的目標 <mag> 點生命。	Mysticism 2.4.2 CHT exact FormKey seed
00000397	445FCF:MysticismMagic.esp	MGEF	MAG_FireDamageConcAimed100	FULL	0	Flames of Oblivion	湮滅烈焰	Mysticism 2.4.2 CHT exact FormKey seed
00000398	445FCF:MysticismMagic.esp	MGEF	MAG_FireDamageConcAimed100	DNAM	0	Deals <mag> Fire damage per second. Targets on fire take extra damage over time.	每秒造成 <mag> 點火焰傷害。燃燒中的目標受到額外的持續傷害。	Mysticism 2.4.2 CHT exact FormKey seed
00000399	445FF8:MysticismMagic.esp	MGEF	MAG_PerkImpactStaggerPushFFAimedArea100	FULL	0	Perk Impact Stagger	Perk Impact Stagger	Mysticism 2.4.2 CHT exact FormKey seed
0000039A	445FF8:MysticismMagic.esp	MGEF	MAG_PerkImpactStaggerPushFFAimedArea100	DNAM	0			Mysticism 2.4.2 CHT exact FormKey seed
0000039B	445FFA:MysticismMagic.esp	MGEF	MAG_PerkDisintegrateFFAimedArea100Dummy	FULL	0	Disintegrate	粉身碎骨	Mysticism 2.4.2 CHT exact FormKey seed
0000039C	445FFA:MysticismMagic.esp	MGEF	MAG_PerkDisintegrateFFAimedArea100Dummy	DNAM	0			Mysticism 2.4.2 CHT exact FormKey seed
0000039D	445FFB:MysticismMagic.esp	MGEF	MAG_PerkDisintegrateFFAimedArea100	FULL	0	Disintegrate	粉身碎骨	Mysticism 2.4.2 CHT exact FormKey seed
0000039E	445FFB:MysticismMagic.esp	MGEF	MAG_PerkDisintegrateFFAimedArea100	DNAM	0			Mysticism 2.4.2 CHT exact FormKey seed
0000039F	445FFC:MysticismMagic.esp	MGEF	MAG_FrostDamageConcAimed100	FULL	0	Frost Damage	寒霜傷害	Mysticism 2.4.2 CHT exact FormKey seed
000003A0	445FFC:MysticismMagic.esp	MGEF	MAG_FrostDamageConcAimed100	DNAM	0	Deals <mag> Frost damage per second to Health and Stamina.	每秒對生命與耐力造成 <mag> 點的寒霜傷害。	Mysticism 2.4.2 CHT exact FormKey seed
000003A1	446018:MysticismMagic.esp	MGEF	MAG_SummonDwarvenSpider	FULL	0	Conjure Dwarven Spider	矮人蜘蛛召喚術	Mysticism 2.4.2 CHT exact FormKey seed
000003A2	446018:MysticismMagic.esp	MGEF	MAG_SummonDwarvenSpider	DNAM	0	Summons a Dwarven Spider for <dur> seconds wherever the caster is pointing.	在施法者所指之處召喚一個矮人蜘蛛，持續 <dur> 秒。	Mysticism 2.4.2 CHT exact FormKey seed
000003A3	45536A:MysticismMagic.esp	MGEF	MAG_MarkFFSelf	FULL	0	Mark	標記術	Mysticism 2.4.2 CHT exact FormKey seed
000003A4	45536A:MysticismMagic.esp	MGEF	MAG_MarkFFSelf	DNAM	0	Marks a location for recall. 	標記一個地點給返回術。	Mysticism 2.4.2 CHT exact FormKey seed
000003A5	45536B:MysticismMagic.esp	MGEF	MAG_RecallFFSelf	FULL	0	Recall	返回術	Mysticism 2.4.2 CHT exact FormKey seed
000003A6	45536B:MysticismMagic.esp	MGEF	MAG_RecallFFSelf	DNAM	0	Teleports you to the marked location. 	將施法者傳送到標記的地點。	Mysticism 2.4.2 CHT exact FormKey seed
000003A7	455386:MysticismMagic.esp	MGEF	MAG_ShalidorsBeaconFFSelf01	FULL	0	Shalidor's Beacon	沙利多的信標	Mysticism 2.4.2 CHT exact FormKey seed
000003A8	455386:MysticismMagic.esp	MGEF	MAG_ShalidorsBeaconFFSelf01	DNAM	0	Teleports you to the College of Winterhold.	將施法者傳送到冬駐學院。	Mysticism 2.4.2 CHT exact FormKey seed
000003A9	45538A:MysticismMagic.esp	MGEF	MAG_SummonHighSeeker	FULL	0	Conjure High Seeker	高等識巡者召喚術	Mysticism 2.4.2 CHT exact FormKey seed
000003AA	45538A:MysticismMagic.esp	MGEF	MAG_SummonHighSeeker	DNAM	0	Summons a High Seeker for <dur> seconds.	召喚一個高等識巡者，持續 <dur> 秒。	Mysticism 2.4.2 CHT exact FormKey seed
000003AB	45F594:MysticismMagic.esp	MGEF	MAG_SummonAshHusk	FULL	0	Conjure Ash Husk	凝灰犬召喚術	Mysticism 2.4.2 CHT exact FormKey seed
000003AC	45F594:MysticismMagic.esp	MGEF	MAG_SummonAshHusk	DNAM	0	Summons an Ash Husk for <dur> seconds.	召喚一頭凝灰犬，持續 <dur> 秒。	Mysticism 2.4.2 CHT exact FormKey seed
000003AD	46E8A7:MysticismMagic.esp	MGEF	MAG_AbsorbHealthFFAimed75	FULL	0	Absorb Health	吸取生命	Mysticism 2.4.2 CHT exact FormKey seed
000003AE	46E8A7:MysticismMagic.esp	MGEF	MAG_AbsorbHealthFFAimed75	DNAM	0	Absorbs <mag> Health from living targets.	吸取活著的目標 <mag> 點生命。	Mysticism 2.4.2 CHT exact FormKey seed
000003AF	47DBDF:MysticismMagic.esp	MGEF	MAG_FrostRuneDamageFFContact2	FULL	0	Ice Hazard	寒霜災害	Mysticism 2.4.2 CHT exact FormKey seed
000003B0	47DBDF:MysticismMagic.esp	MGEF	MAG_FrostRuneDamageFFContact2	DNAM	0			Mysticism 2.4.2 CHT exact FormKey seed
000003B1	482CE3:MysticismMagic.esp	MGEF	MAG_RestoreHealthFFSelf100	FULL	0	Restore Health	回復生命	Mysticism 2.4.2 CHT exact FormKey seed
000003B2	482CE3:MysticismMagic.esp	MGEF	MAG_RestoreHealthFFSelf100	DNAM	0	Restores <mag> Health to yourself and nearby living allies.	恢復自身與附近同伴 <mag> 點生命。	Mysticism 2.4.2 CHT exact FormKey seed
000003B3	48CEF5:MysticismMagic.esp	MGEF	MAG_RegenHealthFFSelf25Dummy	FULL	0	Regeneration	再生術	Mysticism 2.4.2 CHT exact FormKey seed
000003B4	48CEF5:MysticismMagic.esp	MGEF	MAG_RegenHealthFFSelf25Dummy	DNAM	0			Mysticism 2.4.2 CHT exact FormKey seed
000003B5	48CEF7:MysticismMagic.esp	MGEF	MAG_RegenHealthFFSelfDummy	FULL	0	Restore Health	回復生命	Mysticism 2.4.2 CHT exact FormKey seed
000003B6	48CEF7:MysticismMagic.esp	MGEF	MAG_RegenHealthFFSelfDummy	DNAM	0			Mysticism 2.4.2 CHT exact FormKey seed
000003B7	48CEF9:MysticismMagic.esp	MGEF	MAG_CircleofWisdomFFContact50	FULL	0	Restore Magicka	恢復法力	Mysticism 2.5.0 custom; Skyrim 8.20 terminology
000003B8	48CEF9:MysticismMagic.esp	MGEF	MAG_CircleofWisdomFFContact50	DNAM	0			Mysticism 2.4.2 CHT exact FormKey seed
000003B9	48CF03:MysticismMagic.esp	MGEF	MAG_PoisonDamageFFTouch100	FULL	0	Poison Damage	毒素傷害	Mysticism 2.4.2 CHT exact FormKey seed
000003BA	48CF03:MysticismMagic.esp	MGEF	MAG_PoisonDamageFFTouch100	DNAM	0	Deals <mag> Poison damage per second for <10> seconds to enemies in melee range. 	對近戰範圍內的敵人造成每秒 <mag> 點的毒素傷害，持續 <10> 秒。	Mysticism 2.4.2 CHT exact FormKey seed
000003BB	48CF08:MysticismMagic.esp	MGEF	MAG_SunDamageFFTouch100	FULL	0	Sun Damage	日光傷害	Mysticism 2.4.2 CHT exact FormKey seed
000003BC	48CF08:MysticismMagic.esp	MGEF	MAG_SunDamageFFTouch100	DNAM	0	Deals <mag> damage to undead in melee range. Targets on fire take extra damage over time.	對近戰距離不死者造成 <mag> 點傷害。燃燒中的目標受到額外的持續傷害。	Mysticism 2.4.2 CHT exact FormKey seed
000003BD	48CF0A:MysticismMagic.esp	MGEF	MAG_SunLightFFSelfDummy	FULL	0	Sunlight FX	Sunlight FX	Mysticism 2.4.2 CHT exact FormKey seed
000003BE	48CF0A:MysticismMagic.esp	MGEF	MAG_SunLightFFSelfDummy	DNAM	0			Mysticism 2.4.2 CHT exact FormKey seed
000003BF	48CF0C:MysticismMagic.esp	MGEF	MAG_SunCloakFFSelfDummy02	FULL	0	Sunburst FX	Sunburst FX	Mysticism 2.4.2 CHT exact FormKey seed
000003C0	48CF0C:MysticismMagic.esp	MGEF	MAG_SunCloakFFSelfDummy02	DNAM	0			Mysticism 2.4.2 CHT exact FormKey seed
000003C1	4AB520:MysticismMagic.esp	MGEF	MAG_SilenceFFAimedArea50Dummy	FULL	0	Silence	沉默	Mysticism 2.4.2 CHT exact FormKey seed
000003C2	4AB520:MysticismMagic.esp	MGEF	MAG_SilenceFFAimedArea50Dummy	DNAM	0			Mysticism 2.4.2 CHT exact FormKey seed
000003C3	4AB521:MysticismMagic.esp	MGEF	MAG_SilenceFFAimedArea50	FULL	0	Silence	沉默	Mysticism 2.4.2 CHT exact FormKey seed
000003C4	4AB521:MysticismMagic.esp	MGEF	MAG_SilenceFFAimedArea50	DNAM	0	Living targets up to level <mag> in a large area won't cast spells for <dur> seconds.	大範圍內最高 <mag> 級的活著目標不能施法，持續 <dur> 秒。	Mysticism 2.4.2 CHT exact FormKey seed
000003C5	4AB523:MysticismMagic.esp	MGEF	MAG_PerkMasterMindSilenceFFAimedArea50Dummy	FULL	0	Master of the Mind	心靈掌控大師	Mysticism 2.4.2 CHT exact FormKey seed
000003C6	4AB523:MysticismMagic.esp	MGEF	MAG_PerkMasterMindSilenceFFAimedArea50Dummy	DNAM	0			Mysticism 2.4.2 CHT exact FormKey seed
000003C7	4AB525:MysticismMagic.esp	MGEF	MAG_FearFFAimedArea50	FULL	0	Fear	威懼	Mysticism 2.4.2 CHT exact FormKey seed
000003C8	4AB525:MysticismMagic.esp	MGEF	MAG_FearFFAimedArea50	DNAM	0	Living targets up to level <mag> in a large area flee from combat for <dur> seconds.	大範圍內最高 <mag> 級的活著目標逃避戰鬥，持續 <dur> 秒。	Mysticism 2.4.2 CHT exact FormKey seed
000003C9	4AB529:MysticismMagic.esp	MGEF	MAG_FrenzyFFAimed25	FULL	0	Frenzy	狂心	Mysticism 2.4.2 CHT exact FormKey seed
000003CA	4AB529:MysticismMagic.esp	MGEF	MAG_FrenzyFFAimed25	DNAM	0	Living targets up to level <mag> will attack anything nearby for <dur> seconds.	最高 <mag> 級的活著目標攻擊周遭任何目標，持續 <dur> 秒。	Mysticism 2.4.2 CHT exact FormKey seed
000003CB	4AB52B:MysticismMagic.esp	MGEF	MAG_FrenzyFFAimedArea75	FULL	0	Frenzy	狂心	Mysticism 2.4.2 CHT exact FormKey seed
000003CC	4AB52B:MysticismMagic.esp	MGEF	MAG_FrenzyFFAimedArea75	DNAM	0	Living targets up to level <mag> in a large area will attack anyone nearby for <dur> seconds.	大範圍內最高 <mag> 級的活著目標攻擊周圍的任何目標，持續 <dur> 秒。	Mysticism 2.4.2 CHT exact FormKey seed
000003CD	4AB52C:MysticismMagic.esp	MGEF	MAG_PerkMasterMindFrenzyFFAimed25	FULL	0	Master of the Mind	心靈掌控大師	Mysticism 2.4.2 CHT exact FormKey seed
000003CE	4AB52C:MysticismMagic.esp	MGEF	MAG_PerkMasterMindFrenzyFFAimed25	DNAM	0			Mysticism 2.4.2 CHT exact FormKey seed
000003CF	4AB52D:MysticismMagic.esp	MGEF	MAG_PerkMasterMindFrenzyFFAimedArea75	FULL	0	Master of the Mind	心靈掌控大師	Mysticism 2.4.2 CHT exact FormKey seed
000003D0	4AB52D:MysticismMagic.esp	MGEF	MAG_PerkMasterMindFrenzyFFAimedArea75	DNAM	0			Mysticism 2.4.2 CHT exact FormKey seed
000003D1	4B0636:MysticismMagic.esp	MGEF	MAG_CalmFFAimed25	FULL	0	Calm	安撫	Mysticism 2.4.2 CHT exact FormKey seed
000003D2	4B0636:MysticismMagic.esp	MGEF	MAG_CalmFFAimed25	DNAM	0	Living targets up to level <mag> won't fight for <dur> seconds.	最高 <mag> 級的活著目標停止戰鬥，持續 <dur> 秒。	Mysticism 2.4.2 CHT exact FormKey seed
000003D3	4B0637:MysticismMagic.esp	MGEF	MAG_CalmFFAimedArea75	FULL	0	Calm	安撫	Mysticism 2.4.2 CHT exact FormKey seed
000003D4	4B0637:MysticismMagic.esp	MGEF	MAG_CalmFFAimedArea75	DNAM	0	Living targets up to level <mag> in a large area won't fight for <dur> seconds.	大範圍內最高 <mag> 級的活著目標停止攻擊，持續 <dur> 秒。	Mysticism 2.4.2 CHT exact FormKey seed
000003D5	4B0638:MysticismMagic.esp	MGEF	MAG_PerkMasterMindCalmFFAimedArea75	FULL	0	Master of the Mind	心靈掌控大師	Mysticism 2.4.2 CHT exact FormKey seed
000003D6	4B0638:MysticismMagic.esp	MGEF	MAG_PerkMasterMindCalmFFAimedArea75	DNAM	0			Mysticism 2.4.2 CHT exact FormKey seed
000003D7	4B0639:MysticismMagic.esp	MGEF	MAG_PerkMasterMindCalmFFAimed25	FULL	0	Master of the Mind	心靈掌控大師	Mysticism 2.4.2 CHT exact FormKey seed
000003D8	4B0639:MysticismMagic.esp	MGEF	MAG_PerkMasterMindCalmFFAimed25	DNAM	0			Mysticism 2.4.2 CHT exact FormKey seed
000003D9	4B0642:MysticismMagic.esp	MGEF	MAG_FortifyUnarmedFFSelf100	FULL	0	Ebonheart	玄曜心	Mysticism 2.4.2 CHT exact FormKey seed
000003DA	4B0642:MysticismMagic.esp	MGEF	MAG_FortifyUnarmedFFSelf100	DNAM	0	Improves unarmed damage by <mag> points for <dur> seconds.	提高徒手傷害 <mag> 點，持續 <dur> 秒。	Mysticism 2.4.2 CHT exact FormKey seed
000003DB	4B0647:MysticismMagic.esp	MGEF	MAG_OpenLockFFSelf100	FULL	0	Open Lock	開鎖	Mysticism 2.4.2 CHT exact FormKey seed
000003DC	4B0647:MysticismMagic.esp	MGEF	MAG_OpenLockFFSelf100	DNAM	0	You can open any lock of Master difficulty or lower for <dur> seconds.	可開啟大師級或以下的鎖，持續 <dur> 秒。	Mysticism 2.4.2 CHT exact FormKey seed
000003DD	4B0650:MysticismMagic.esp	MGEF	MAG_SwiftSwimFFSelfCarryWeight	FULL	0	Swift Swim	速泳術	Mysticism 2.4.2 CHT exact FormKey seed
000003DE	4B0650:MysticismMagic.esp	MGEF	MAG_SwiftSwimFFSelfCarryWeight	DNAM	0			Mysticism 2.4.2 CHT exact FormKey seed
000003DF	4B0659:MysticismMagic.esp	MGEF	MAG_AshFormFFAimedArea100	FULL	0	Cinder Storm	漫天燼封術	Mysticism 2.4.2 CHT exact FormKey seed
000003E0	4B0659:MysticismMagic.esp	MGEF	MAG_AshFormFFAimedArea100	DNAM	0	Encases enemies in a massive area in ash for <dur> seconds. Attacking an encased enemy will end this spell.	用灰燼封住極大範圍內的敵人，持續 <dur> 秒。目標受到攻擊時便會解除法術效果。	Mysticism 2.4.2 CHT exact FormKey seed
000003E1	4B0663:MysticismMagic.esp	MGEF	MAG_BurdenFFContact75	FULL	0	Burden	重負	Mysticism 2.4.2 CHT exact FormKey seed
000003E2	4B0663:MysticismMagic.esp	MGEF	MAG_BurdenFFContact75	DNAM	0			Mysticism 2.4.2 CHT exact FormKey seed
000003E3	4B0664:MysticismMagic.esp	MGEF	MAG_BurdenFFContact75Dummy	FULL	0	Burden	重負	Mysticism 2.4.2 CHT exact FormKey seed
000003E4	4B0664:MysticismMagic.esp	MGEF	MAG_BurdenFFContact75Dummy	DNAM	0			Mysticism 2.4.2 CHT exact FormKey seed
000003E5	4B066D:MysticismMagic.esp	MGEF	MAG_UnusedBurdenRuneFFLocation	FULL	0	Burden Rune	重荷法印	Mysticism 2.4.2 CHT exact FormKey seed
000003E6	4B066D:MysticismMagic.esp	MGEF	MAG_UnusedBurdenRuneFFLocation	DNAM	0	Creates a rune that explodes when enemies approach, staggering enemies and reducing their Movement Speed by <mag>% for <dur> seconds.	施放一個敵人靠近時會爆炸的法印，使敵人失衡並降低其移動速度 <mag>%，持續 <dur> 秒。	Mysticism 2.4.2 CHT exact FormKey seed
000003E7	4B5787:MysticismMagic.esp	MGEF	MAG_AbGrandTelekinesisEffect	FULL	0	Telekinesis Ability Effect	Telekinesis Ability Effect	Mysticism 2.4.2 CHT exact FormKey seed
000003E8	4B5787:MysticismMagic.esp	MGEF	MAG_AbGrandTelekinesisEffect	DNAM	0			Mysticism 2.4.2 CHT exact FormKey seed
000003E9	4CECB4:MysticismMagic.esp	MGEF	MAG_TransliminationFFSelf	FULL	0	Liminal Bridge	限時橋	Mysticism 2.4.2 CHT exact FormKey seed
000003EA	4CECB4:MysticismMagic.esp	MGEF	MAG_TransliminationFFSelf	DNAM	0	Teleports the caster to their Planar Anchor.	將施法者傳送到其座標錨。	Mysticism 2.4.2 CHT exact FormKey seed
000003EB	4CECB5:MysticismMagic.esp	MGEF	MAG_PlanarAnchorFFSelf	FULL	0	Planar Anchor	座標錨	Mysticism 2.4.2 CHT exact FormKey seed
000003EC	4CECB5:MysticismMagic.esp	MGEF	MAG_PlanarAnchorFFSelf	DNAM	0	Creates an planar anchor that serves as a beacon for transliminal passage.	創建一個看不見的座標錨，用作跨領時的信標。	Mysticism 2.4.2 CHT exact FormKey seed
000003ED	4D8EFA:MysticismMagic.esp	MGEF	MAG_EnergyBindingTestEffect	FULL	0	Energy Binding	能量收束	Mysticism 2.4.2 CHT exact FormKey seed
000003EE	4D8EFA:MysticismMagic.esp	MGEF	MAG_EnergyBindingTestEffect	DNAM	0			Mysticism 2.4.2 CHT exact FormKey seed
000003EF	4E3123:MysticismMagic.esp	MGEF	MAG_RestoreHealthUndeadFFActor100	FULL	0	Dark Deal	黑暗契約	Mysticism 2.4.2 CHT exact FormKey seed
000003F0	4E3123:MysticismMagic.esp	MGEF	MAG_RestoreHealthUndeadFFActor100	DNAM	0	Heals Daedric and undead targets, restoring <mag> Health per second for <dur> seconds.	治療魔族及不死目標，每秒恢復 <mag> 點生命，持續 <dur> 秒。	Mysticism 2.4.2 CHT exact FormKey seed
000003F1	4E3126:MysticismMagic.esp	MGEF	MAG_DismissFFSelf	FULL	0	Dismiss	驅散術	Mysticism 2.4.2 CHT exact FormKey seed
000003F2	4E3126:MysticismMagic.esp	MGEF	MAG_DismissFFSelf	DNAM	0	Dismiss any summoned creatures under your control.	驅散所有你控制中的召喚生物。	Mysticism 2.4.2 CHT exact FormKey seed
000003F3	4E8251:MysticismMagic.esp	MGEF	MAG_AbFXSkeletonNecroPriestSummon	FULL	0	DA08 necro priest fx	DA08 necro priest fx	Mysticism 2.4.2 CHT exact FormKey seed
000003F4	4E8251:MysticismMagic.esp	MGEF	MAG_AbFXSkeletonNecroPriestSummon	DNAM	0			Mysticism 2.4.2 CHT exact FormKey seed
000003F5	4E8252:MysticismMagic.esp	MGEF	MAG_AbFXSkeletonNecroSummon	FULL	0	DA08 necro skeleton fx	DA08 necro skeleton fx	Mysticism 2.4.2 CHT exact FormKey seed
000003F6	4E8252:MysticismMagic.esp	MGEF	MAG_AbFXSkeletonNecroSummon	DNAM	0			Mysticism 2.4.2 CHT exact FormKey seed
000003F7	515B96:MysticismMagic.esp	MGEF	MAG_RestoreHealthFFSelf25	FULL	0	Restore Health	回復生命	Mysticism 2.4.2 CHT exact FormKey seed
000003F8	515B96:MysticismMagic.esp	MGEF	MAG_RestoreHealthFFSelf25	DNAM	0	Restores <mag> Health.	恢復 <mag> 點生命。	Mysticism 2.4.2 CHT exact FormKey seed
000003F9	60DD1A:MysticismMagic.esp	MGEF	MAG_AbsorbHealthConcAimed100Dummy02	FULL	0	Drain Life	生命掠奪	Mysticism 2.4.2 CHT exact FormKey seed
000003FA	60DD1A:MysticismMagic.esp	MGEF	MAG_AbsorbHealthConcAimed100Dummy02	DNAM	0			Mysticism 2.4.2 CHT exact FormKey seed
000003FB	60DD1B:MysticismMagic.esp	MGEF	MAG_AbsorbHealthConcAimed50Dummy	FULL	0	Absorb Health XP	Absorb Health XP	Mysticism 2.4.2 CHT exact FormKey seed
000003FC	60DD1B:MysticismMagic.esp	MGEF	MAG_AbsorbHealthConcAimed50Dummy	DNAM	0			Mysticism 2.4.2 CHT exact FormKey seed
000003FD	60DD1E:MysticismMagic.esp	MGEF	MAG_AbsorbMagickaConcAimed100Dummy	FULL	0	Sunder Soul	Sunder Soul	Mysticism 2.4.2 CHT exact FormKey seed
000003FE	60DD1E:MysticismMagic.esp	MGEF	MAG_AbsorbMagickaConcAimed100Dummy	DNAM	0			Mysticism 2.4.2 CHT exact FormKey seed
000003FF	60DD1F:MysticismMagic.esp	MGEF	MAG_AbsorbMagickaConcAimed50Dummy	FULL	0	Absorb Magicka	吸取法力	Mysticism 2.4.2 CHT exact FormKey seed
00000400	60DD1F:MysticismMagic.esp	MGEF	MAG_AbsorbMagickaConcAimed50Dummy	DNAM	0			Mysticism 2.4.2 CHT exact FormKey seed
00000401	60DD22:MysticismMagic.esp	MGEF	MAG_AbsorbStaminaConcAimed100Dummy	FULL	0	Bone Sap	噬骨術	Mysticism 2.4.2 CHT exact FormKey seed
00000402	60DD22:MysticismMagic.esp	MGEF	MAG_AbsorbStaminaConcAimed100Dummy	DNAM	0			Mysticism 2.4.2 CHT exact FormKey seed
00000403	60DD23:MysticismMagic.esp	MGEF	MAG_AbsorbStaminaConcAimed50Dummy	FULL	0	Absorb Stamina	吸取耐力	Mysticism 2.4.2 CHT exact FormKey seed
00000404	60DD23:MysticismMagic.esp	MGEF	MAG_AbsorbStaminaConcAimed50Dummy	DNAM	0			Mysticism 2.4.2 CHT exact FormKey seed
00000405	63142B:MysticismMagic.esp	MGEF	MAG_PerkRegenStaminaFFSelf	FULL	0	Regenerate Stamina	再生耐力	Mysticism 2.4.2 CHT exact FormKey seed
00000406	63142B:MysticismMagic.esp	MGEF	MAG_PerkRegenStaminaFFSelf	DNAM	0			Mysticism 2.4.2 CHT exact FormKey seed
00000407	63142C:MysticismMagic.esp	MGEF	MAG_PerkRespiteStaminaRegenerationFFSelf	FULL	0	Regenerate Stamina	再生耐力	Mysticism 2.4.2 CHT exact FormKey seed
00000408	63142C:MysticismMagic.esp	MGEF	MAG_PerkRespiteStaminaRegenerationFFSelf	DNAM	0			Mysticism 2.4.2 CHT exact FormKey seed
00000409	6FBCA1:MysticismMagic.esp	MGEF	MAG_abInvisibility	FULL	0	Invisibility	隱形	Mysticism 2.4.2 CHT exact FormKey seed
0000040A	6FBCA1:MysticismMagic.esp	MGEF	MAG_abInvisibility	DNAM	0			Mysticism 2.4.2 CHT exact FormKey seed
0000040B	700DA7:MysticismMagic.esp	MGEF	MAG_FortifyStealthFFSelf100	FULL	0	Chameleon	擬態術	Mysticism 2.4.2 CHT exact FormKey seed
0000040C	700DA7:MysticismMagic.esp	MGEF	MAG_FortifyStealthFFSelf100	DNAM	0			Mysticism 2.4.2 CHT exact FormKey seed
0000040D	705EAB:MysticismMagic.esp	MGEF	MAG_MuffleFFActor	FULL	0	Fade	Fade	Mysticism 2.4.2 CHT exact FormKey seed
0000040E	705EAB:MysticismMagic.esp	MGEF	MAG_MuffleFFActor	DNAM	0			Mysticism 2.4.2 CHT exact FormKey seed
0000040F	705EAE:MysticismMagic.esp	MGEF	MAG_InvisibilityFFSelfArea100	FULL	0	Vanish	消失術	Mysticism 2.4.2 CHT exact FormKey seed
00000410	705EAE:MysticismMagic.esp	MGEF	MAG_InvisibilityFFSelfArea100	DNAM	0	For <dur> seconds, nearby allies cannot be seen or heard. Activating an object or attacking will break this spell.	在 <dur> 秒內，附近的同伴不會被看見和聽到。攻擊和與物件互動會中斷此法術。	Mysticism 2.4.2 CHT exact FormKey seed
00000411	7388D2:MysticismMagic.esp	MGEF	MAG_SunDamageConcAimed00	FULL	0	Sun Damage	日光傷害	Mysticism 2.4.2 CHT exact FormKey seed
00000412	7388D2:MysticismMagic.esp	MGEF	MAG_SunDamageConcAimed00	DNAM	0	Deals <mag> damage per second to the undead. Targets on fire take extra damage over time.	對不死者每秒造成 <mag> 點傷害。燃燒中的目標受到額外的持續傷害。	Mysticism 2.4.2 CHT exact FormKey seed
00000413	7847E7:MysticismMagic.esp	MGEF	MAG_FireDamageFFTouch100	FULL	0	Fire Damage	火焰傷害	Mysticism 2.4.2 CHT exact FormKey seed
00000414	7847E7:MysticismMagic.esp	MGEF	MAG_FireDamageFFTouch100	DNAM	0	Deals <mag> Fire damage to enemies in melee range. Targets on fire take extra damage over time.	對近戰距離敵人造成 <mag> 點火焰傷害。燃燒中的目標受到額外的持續傷害。	Mysticism 2.4.2 CHT exact FormKey seed
00000415	78E9EA:MysticismMagic.esp	MGEF	MAG_WardConcSelf0DualCast	FULL	0	Lesser Ward Dual Cast	Lesser Ward Dual Cast	Mysticism 2.4.2 CHT exact FormKey seed
00000416	78E9EA:MysticismMagic.esp	MGEF	MAG_WardConcSelf0DualCast	DNAM	0			Mysticism 2.4.2 CHT exact FormKey seed
00000417	78E9ED:MysticismMagic.esp	MGEF	MAG_WardConcSelf25DualCast	FULL	0	Steadfast Ward Dual Cast	Steadfast Ward Dual Cast	Mysticism 2.4.2 CHT exact FormKey seed
00000418	78E9ED:MysticismMagic.esp	MGEF	MAG_WardConcSelf25DualCast	DNAM	0			Mysticism 2.4.2 CHT exact FormKey seed
00000419	78E9EF:MysticismMagic.esp	MGEF	MAG_WardConcSelf50DualCast	FULL	0	Greater Ward Dual Cast	Greater Ward Dual Cast	Mysticism 2.4.2 CHT exact FormKey seed
0000041A	78E9EF:MysticismMagic.esp	MGEF	MAG_WardConcSelf50DualCast	DNAM	0			Mysticism 2.4.2 CHT exact FormKey seed
0000041B	78E9F1:MysticismMagic.esp	MGEF	MAG_WardConcSelf75DualCast	FULL	0	Grand Ward Dual Cast	Grand Ward Dual Cast	Mysticism 2.4.2 CHT exact FormKey seed
0000041C	78E9F1:MysticismMagic.esp	MGEF	MAG_WardConcSelf75DualCast	DNAM	0			Mysticism 2.4.2 CHT exact FormKey seed
0000041D	78E9F3:MysticismMagic.esp	MGEF	MAG_WardConcSelf100DualCast	FULL	0	Spelldrinker Dual Cast	Spelldrinker Dual Cast	Mysticism 2.4.2 CHT exact FormKey seed
0000041E	78E9F3:MysticismMagic.esp	MGEF	MAG_WardConcSelf100DualCast	DNAM	0			Mysticism 2.4.2 CHT exact FormKey seed
0000041F	78E9F5:MysticismMagic.esp	MGEF	MAG_SunDamageConcAimed50	FULL	0	Sun Damage	日光傷害	Mysticism 2.4.2 CHT exact FormKey seed
00000420	78E9F5:MysticismMagic.esp	MGEF	MAG_SunDamageConcAimed50	DNAM	0	Deals <mag> damage per second to the undead. Targets on fire take extra damage over time.	對不死者每秒造成 <mag> 點傷害。燃燒中的目標受到額外的持續傷害。	Mysticism 2.4.2 CHT exact FormKey seed
00000421	7A7EFB:MysticismMagic.esp	MGEF	MAG_SoulTrapCloakFFSelf	FULL	0	Soul Harvest	靈魂收割	Mysticism 2.4.2 CHT exact FormKey seed
00000422	7A7EFB:MysticismMagic.esp	MGEF	MAG_SoulTrapCloakFFSelf	DNAM	0			Mysticism 2.4.2 CHT exact FormKey seed
00000423	7A7EFF:MysticismMagic.esp	MGEF	MAG_FortifyUnarmedFFSelf	FULL	0	Barkskin	木膚術	Mysticism 2.4.2 CHT exact FormKey seed
00000424	7A7EFF:MysticismMagic.esp	MGEF	MAG_FortifyUnarmedFFSelf	DNAM	0	Improves unarmed damage by <mag> points for <dur> seconds.	提高徒手傷害 <mag> 點，持續 <dur> 秒。	Mysticism 2.4.2 CHT exact FormKey seed
00000425	7B7209:MysticismMagic.esp	MGEF	MAG_WeakenWeaponsFFContact	FULL	0	Damage Weapons	損壞武器術	Mysticism 2.4.2 CHT exact FormKey seed
00000426	7B7209:MysticismMagic.esp	MGEF	MAG_WeakenWeaponsFFContact	DNAM	0			Mysticism 2.4.2 CHT exact FormKey seed
00000427	7BC310:MysticismMagic.esp	MGEF	MAG_SunDamageConcAimed100	FULL	0	Sun Damage	日光傷害	Mysticism 2.4.2 CHT exact FormKey seed
00000428	7BC310:MysticismMagic.esp	MGEF	MAG_SunDamageConcAimed100	DNAM	0	Deals <mag> damage per second to the undead. Targets on fire take extra damage over time.	對不死者每秒造成 <mag> 點傷害。燃燒中的目標受到額外的持續傷害。	Mysticism 2.4.2 CHT exact FormKey seed
00000429	7D071A:MysticismMagic.esp	MGEF	MAG_FortifySpeedFFSelf25	FULL	0	Windwalker	風行者	Mysticism 2.4.2 CHT exact FormKey seed
0000042A	7D071A:MysticismMagic.esp	MGEF	MAG_FortifySpeedFFSelf25	DNAM	0	Your Movement Speed is increased by <mag>% for <dur> seconds.	提高移動速度 <mag>%，持續 <dur> 秒。	Mysticism 2.4.2 CHT exact FormKey seed
0000042B	7D0720:MysticismMagic.esp	MGEF	MAG_SwiftSwimFFSelf	FULL	0	Fortify Movement Speed	強化移動速度	Mysticism 2.4.2 CHT exact FormKey seed
0000042C	7D0720:MysticismMagic.esp	MGEF	MAG_SwiftSwimFFSelf	DNAM	0			Mysticism 2.4.2 CHT exact FormKey seed
0000042D	7D0722:MysticismMagic.esp	MGEF	MAG_SwiftSwimFFSelfDummy	FULL	0	Swift Swim	速泳術	Mysticism 2.4.2 CHT exact FormKey seed
0000042E	7D0722:MysticismMagic.esp	MGEF	MAG_SwiftSwimFFSelfDummy	DNAM	0	You swim twice as fast for <dur> seconds.	游泳速度加倍，持續 <dur> 秒。	Mysticism 2.4.2 CHT exact FormKey seed
0000042F	7D5824:MysticismMagic.esp	MGEF	MAG_RestoreHealthConcSelf100	FULL	0	Restore Health	回復生命	Mysticism 2.4.2 CHT exact FormKey seed
00000430	7D5824:MysticismMagic.esp	MGEF	MAG_RestoreHealthConcSelf100	DNAM	0	Restores <mag> Health per second to yourself and nearby living allies.	每秒恢復自身與附近同伴 <mag> 點生命。	Mysticism 2.4.2 CHT exact FormKey seed
00000431	890D61:MysticismMagic.esp	MGEF	MAG_SunRuneFFLocation25	FULL	0	Sunlight Rune	日光法印	Mysticism 2.4.2 CHT exact FormKey seed
00000432	890D61:MysticismMagic.esp	MGEF	MAG_SunRuneFFLocation25	DNAM	0	Creates a rune that explodes when enemies approach, dealing <mag> damage to the undead. Targets on fire take extra damage over time.	施放一個敵人靠近時會爆炸的法印，對不死者造成 <mag> 點傷害。燃燒中的目標受到額外的持續傷害。	Mysticism 2.4.2 CHT exact FormKey seed
00000433	8C886C:MysticismMagic.esp	MGEF	MAG_PoisonDamageConcAimed00	FULL	0	Poison Damage	毒素傷害	Mysticism 2.4.2 CHT exact FormKey seed
00000434	8C886C:MysticismMagic.esp	MGEF	MAG_PoisonDamageConcAimed00	DNAM	0	Deals <mag> Poison damage per second. Poisoned targets take extra damage over time.	每秒造成 <mag> 點毒素傷害。中毒的目標受到額外的持續傷害。	Mysticism 2.4.2 CHT exact FormKey seed
00000435	91988E:MysticismMagic.esp	MGEF	MAG_WeaknessShockFFAimed50	FULL	0	Weakness to Shock	閃電弱化	Mysticism 2.4.2 CHT exact FormKey seed
00000436	91988E:MysticismMagic.esp	MGEF	MAG_WeaknessShockFFAimed50	DNAM	0	Reduces enemy Shock Resistance by <mag>% for <dur> seconds.	降低敵人閃電抗性 <mag>%，持續 <dur> 秒。	Mysticism 2.4.2 CHT exact FormKey seed
00000437	9420A2:MysticismMagic.esp	MGEF	MAG_PoisonDamageConcAimed50	FULL	0	Poison Damage	毒素傷害	Mysticism 2.4.2 CHT exact FormKey seed
00000438	9420A2:MysticismMagic.esp	MGEF	MAG_PoisonDamageConcAimed50	DNAM	0	Deals <mag> Poison damage per second. Poisoned targets take extra damage over time.	每秒造成 <mag> 點毒素傷害。中毒的目標受到額外的持續傷害。	Mysticism 2.4.2 CHT exact FormKey seed
00000439	9606AB:MysticismMagic.esp	MGEF	MAG_PoisonDamageConcAimed100	FULL	0	Poison Damage	毒素傷害	Mysticism 2.4.2 CHT exact FormKey seed
0000043A	9606AB:MysticismMagic.esp	MGEF	MAG_PoisonDamageConcAimed100	DNAM	0	Deals <mag> Poison damage per second. Poisoned targets take extra damage over time.	每秒造成 <mag> 點毒素傷害。中毒的目標受到額外的持續傷害。	Mysticism 2.4.2 CHT exact FormKey seed
0000043B	96A8B0:MysticismMagic.esp	MGEF	MAG_PoisonDamageFFSelfAreaVisual	FULL	0	Greater Poison Cloak	進階毒素斗篷術	Mysticism 2.4.2 CHT exact FormKey seed
0000043C	96A8B0:MysticismMagic.esp	MGEF	MAG_PoisonDamageFFSelfAreaVisual	DNAM	0			Mysticism 2.4.2 CHT exact FormKey seed
0000043D	96A8B5:MysticismMagic.esp	MGEF	MAG_PoisonDamageBarrierConcAimed	FULL	0	Poison Damage	毒素傷害	Mysticism 2.4.2 CHT exact FormKey seed
0000043E	96A8B5:MysticismMagic.esp	MGEF	MAG_PoisonDamageBarrierConcAimed	DNAM	0	Creates a wall that deals <mag> Poison damage per second. Poisoned targets take extra damage over time.	創造一堵魔牆，每秒造成 <mag> 點毒素傷害。中毒的目標受到額外的持續傷害。	Mysticism 2.4.2 CHT exact FormKey seed
0000043F	96F9BB:MysticismMagic.esp	MGEF	MAG_HazardPoisonBarrierFFContact	FULL	0	Poison Hazard	Poison Hazard	Mysticism 2.4.2 CHT exact FormKey seed
00000440	96F9BB:MysticismMagic.esp	MGEF	MAG_HazardPoisonBarrierFFContact	DNAM	0			Mysticism 2.4.2 CHT exact FormKey seed
00000441	99D2C2:MysticismMagic.esp	MGEF	MAG_TurnUndeadRuneFFLocation	FULL	0	Turn Undead Rune	驅邪法印	Mysticism 2.4.2 CHT exact FormKey seed
00000442	99D2C2:MysticismMagic.esp	MGEF	MAG_TurnUndeadRuneFFLocation	DNAM	0	Creates a rune on the ground that explodes when enemies approach. Undead up to level <mag> are turned for <dur> seconds.	施放一個敵人靠近時會爆炸的法印，最高 <mag> 級的不死者被驅離，持續 <dur> 秒。	Mysticism 2.4.2 CHT exact FormKey seed
00000443	99D2C5:MysticismMagic.esp	MGEF	MAG_TurnUndeadFFTouch100	FULL	0	Daybreak	穹蒼晨星術	Mysticism 2.4.2 CHT exact FormKey seed
00000444	99D2C5:MysticismMagic.esp	MGEF	MAG_TurnUndeadFFTouch100	DNAM	0	Touch undead up to level <mag> in melee range to turn them for <dur> seconds.	近距離觸碰不死者，最高 <mag> 級的被驅離，持續 <dur> 秒。	Mysticism 2.4.2 CHT exact FormKey seed
00000445	9A74C8:MysticismMagic.esp	MGEF	MAG_RegenHealthFFSelf50	FULL	0	Regenerate Health	再生生命	Mysticism 2.4.2 CHT exact FormKey seed
00000446	9A74C8:MysticismMagic.esp	MGEF	MAG_RegenHealthFFSelf50	DNAM	0	Restores <mag> Health per second for <dur> seconds. 	每秒恢復 <mag> 點生命，持續 <dur> 秒。	Mysticism 2.4.2 CHT exact FormKey seed
00000447	9A74CA:MysticismMagic.esp	MGEF	MAG_RegenHealthFFSelf100	FULL	0	Regenerate Health	再生生命	Mysticism 2.4.2 CHT exact FormKey seed
00000448	9A74CA:MysticismMagic.esp	MGEF	MAG_RegenHealthFFSelf100	DNAM	0	Restores <mag> Health per second for <dur> seconds. 	每秒恢復 <mag> 點生命，持續 <dur> 秒。	Mysticism 2.4.2 CHT exact FormKey seed
00000449	9AC5CC:MysticismMagic.esp	MGEF	MAG_SunRuneFFLocation75	FULL	0	Radiant Sunlight Rune	烈日法印	Mysticism 2.4.2 CHT exact FormKey seed
0000044A	9AC5CC:MysticismMagic.esp	MGEF	MAG_SunRuneFFLocation75	DNAM	0	Creates a rune that explodes when enemies approach, dealing <mag> damage to the undead. Targets on fire take extra damage over time.	施放一個敵人靠近時會爆炸的法印，對不死者造成 <mag> 點傷害。燃燒中的目標受到額外的持續傷害。	Mysticism 2.4.2 CHT exact FormKey seed
0000044B	9AC5DB:MysticismMagic.esp	MGEF	MAG_RestoreHealthConcActor50	FULL	0	Restore Health	回復生命	Mysticism 2.4.2 CHT exact FormKey seed
0000044C	9AC5DB:MysticismMagic.esp	MGEF	MAG_RestoreHealthConcActor50	DNAM	0	Heals the target, restoring <mag> Health per second.	治療目標，每秒恢復 <mag> 點生命。	Mysticism 2.4.2 CHT exact FormKey seed
0000044D	9AC5DE:MysticismMagic.esp	MGEF	MAG_RestoreHealthConcActor100	FULL	0	Restore Health	回復生命	Mysticism 2.4.2 CHT exact FormKey seed
0000044E	9AC5DE:MysticismMagic.esp	MGEF	MAG_RestoreHealthConcActor100	DNAM	0	Heals the target, restoring <mag> Health per second.	治療目標，每秒恢復 <mag> 點生命。	Mysticism 2.4.2 CHT exact FormKey seed
0000044F	9C09E4:MysticismMagic.esp	MGEF	MAG_SunDamageBarrierConcAimed	FULL	0	Wall of Sunfire	陽炎障壁術	Mysticism 2.4.2 CHT exact FormKey seed
00000450	9C09E4:MysticismMagic.esp	MGEF	MAG_SunDamageBarrierConcAimed	DNAM	0	Creates a wall that deals <mag> damage per second to the undead for <dur> seconds. Targets on fire take extra damage over time.	創造一道魔牆，持續 <dur> 秒；每秒對不死生物造成 <mag> 點傷害。燃燒中的目標會受到額外持續傷害。	Mysticism 2.5.0 custom; Skyrim 8.20 terminology
00000451	9E4107:MysticismMagic.esp	MGEF	MAG_SunDamageHazardFFContact	FULL	0	Sun Hazard	Sun Hazard	Mysticism 2.4.2 CHT exact FormKey seed
00000452	9E4107:MysticismMagic.esp	MGEF	MAG_SunDamageHazardFFContact	DNAM	0			Mysticism 2.4.2 CHT exact FormKey seed
00000453	9F8522:MysticismMagic.esp	MGEF	MAG_SoulTrapConcAimedCloak	FULL	0	Soul Harvest	靈魂收割	Mysticism 2.4.2 CHT exact FormKey seed
00000454	9F8522:MysticismMagic.esp	MGEF	MAG_SoulTrapConcAimedCloak	DNAM	0			Mysticism 2.4.2 CHT exact FormKey seed
00000455	A07826:MysticismMagic.esp	MGEF	MAG_FrostDamageFFTouch100	FULL	0	Freezing Touch	冰結之觸	Mysticism 2.4.2 CHT exact FormKey seed
00000456	A07826:MysticismMagic.esp	MGEF	MAG_FrostDamageFFTouch100	DNAM	0	Deals <mag> Frost damage to Health and Stamina to enemies in melee range.	對近戰距離敵人的生命和耐力造成 <mag> 點寒霜傷害。	Mysticism 2.4.2 CHT exact FormKey seed
00000457	A07828:MysticismMagic.esp	MGEF	MAG_ShockDamageFFTouch100	FULL	0	Shock Damage	閃電傷害	Mysticism 2.4.2 CHT exact FormKey seed
00000458	A07828:MysticismMagic.esp	MGEF	MAG_ShockDamageFFTouch100	DNAM	0	Deals <mag> Shock damage to Health and Magicka to enemies in melee range.	對近戰距離敵人的生命和法力造成 <mag> 點閃電傷害。	Mysticism 2.4.2 CHT exact FormKey seed
00000459	A0782B:MysticismMagic.esp	MGEF	MAG_AbsorbHealthFFTouch100	FULL	0	Absorb Health	吸取生命	Mysticism 2.4.2 CHT exact FormKey seed
0000045A	A0782B:MysticismMagic.esp	MGEF	MAG_AbsorbHealthFFTouch100	DNAM	0	Absorbs <mag> Health from living enemies in melee range. 	吸取近距離活著的敵人 <mag> 點生命。	Mysticism 2.4.2 CHT exact FormKey seed
0000045B	A2AF47:MysticismMagic.esp	MGEF	MAG_ShockDamageFFSelfArea40	FULL	0	Stormblast	天鳴雷轟術	Mysticism 2.4.2 CHT exact FormKey seed
0000045C	A2AF47:MysticismMagic.esp	MGEF	MAG_ShockDamageFFSelfArea40	DNAM	0			Mysticism 2.4.2 CHT exact FormKey seed
0000045D	A2AF48:MysticismMagic.esp	MGEF	MAG_ShockDamageFFSelfArea20	FULL	0	Stormblast	天鳴雷轟術	Mysticism 2.4.2 CHT exact FormKey seed
0000045E	A2AF48:MysticismMagic.esp	MGEF	MAG_ShockDamageFFSelfArea20	DNAM	0			Mysticism 2.4.2 CHT exact FormKey seed
0000045F	A2AF49:MysticismMagic.esp	MGEF	MAG_ShockDamageFFSelfAreaDummy	FULL	0	Stormblast	天鳴雷轟術	Mysticism 2.4.2 CHT exact FormKey seed
00000460	A2AF49:MysticismMagic.esp	MGEF	MAG_ShockDamageFFSelfAreaDummy	DNAM	0	Deals up to <mag> Shock damage to Health and Magicka in a massive area. Nearby targets take extra damage. 	極大範圍內對生命與法力造成最多 <mag> 點的閃電傷害。越近的目標受到越多傷害。	Mysticism 2.4.2 CHT exact FormKey seed
00000461	A2AF4A:MysticismMagic.esp	MGEF	MAG_PoisonDamageFFSelfArea40	FULL	0	Black Marsh	黑沼死池術	Mysticism 2.4.2 CHT exact FormKey seed
00000462	A2AF4A:MysticismMagic.esp	MGEF	MAG_PoisonDamageFFSelfArea40	DNAM	0			Mysticism 2.4.2 CHT exact FormKey seed
00000463	A2AF4B:MysticismMagic.esp	MGEF	MAG_PoisonDamageFFSelfArea20	FULL	0	Black Marsh	黑沼死池術	Mysticism 2.4.2 CHT exact FormKey seed
00000464	A2AF4B:MysticismMagic.esp	MGEF	MAG_PoisonDamageFFSelfArea20	DNAM	0			Mysticism 2.4.2 CHT exact FormKey seed
00000465	A2AF4C:MysticismMagic.esp	MGEF	MAG_PoisonDamageFFSelfAreaDummy	FULL	0	Black Marsh	黑沼死池術	Mysticism 2.4.2 CHT exact FormKey seed
00000466	A2AF4C:MysticismMagic.esp	MGEF	MAG_PoisonDamageFFSelfAreaDummy	DNAM	0	Deals up to <mag> Poison damage per second for <10> seconds in a massive area. Nearby targets take extra damage.	極大範圍內造成每秒最多 <mag> 點毒素傷害，持續 <10> 秒。越近的目標受到越多傷害。	Mysticism 2.4.2 CHT exact FormKey seed
00000467	A2AF4D:MysticismMagic.esp	MGEF	MAG_SunDamageFFSelfArea40	FULL	0	Sun Damage	日光傷害	Mysticism 2.4.2 CHT exact FormKey seed
00000468	A2AF4D:MysticismMagic.esp	MGEF	MAG_SunDamageFFSelfArea40	DNAM	0			Mysticism 2.4.2 CHT exact FormKey seed
00000469	A2AF4E:MysticismMagic.esp	MGEF	MAG_SunDamageFFSelfArea20	FULL	0	Sun Damage	日光傷害	Mysticism 2.4.2 CHT exact FormKey seed
0000046A	A2AF4E:MysticismMagic.esp	MGEF	MAG_SunDamageFFSelfArea20	DNAM	0			Mysticism 2.4.2 CHT exact FormKey seed
0000046B	A2AF4F:MysticismMagic.esp	MGEF	MAG_SunDamageFFSelfAreaDummy	FULL	0	Sun Damage	日光傷害	Mysticism 2.4.2 CHT exact FormKey seed
0000046C	A2AF4F:MysticismMagic.esp	MGEF	MAG_SunDamageFFSelfAreaDummy	DNAM	0	Deals up to <mag> damage to undead in a massive area. Nearby targets take extra damage. Targets on fire take extra damage over time.	極大範圍內對不死者造成最多 <mag> 點傷害。越近的目標受到越多傷害。燃燒中的目標受到額外的持續傷害。	Mysticism 2.4.2 CHT exact FormKey seed
0000046D	A4E652:MysticismMagic.esp	MGEF	MAG_SunDamageFFContact	FULL	0	Sunlight Rune	日光法印	Mysticism 2.4.2 CHT exact FormKey seed
0000046E	A4E652:MysticismMagic.esp	MGEF	MAG_SunDamageFFContact	DNAM	0			Mysticism 2.4.2 CHT exact FormKey seed
0000046F	A67B66:MysticismMagic.esp	MGEF	MAG_TurnUndeadFFContact	FULL	0	Turn Undead	驅離不死者	Mysticism 2.4.2 CHT exact FormKey seed
00000470	A67B66:MysticismMagic.esp	MGEF	MAG_TurnUndeadFFContact	DNAM	0			Mysticism 2.4.2 CHT exact FormKey seed
00000471	A9A56F:MysticismMagic.esp	MGEF	MAG_MuffleFFSelf50	FULL	0	Muffle	消除聲響	Mysticism 2.4.2 CHT exact FormKey seed
00000472	A9A56F:MysticismMagic.esp	MGEF	MAG_MuffleFFSelf50	DNAM	0			Mysticism 2.4.2 CHT exact FormKey seed
00000473	A9A570:MysticismMagic.esp	MGEF	MAG_MuffleFFSelf75	FULL	0	Muffle	消除聲響	Mysticism 2.4.2 CHT exact FormKey seed
00000474	A9A570:MysticismMagic.esp	MGEF	MAG_MuffleFFSelf75	DNAM	0			Mysticism 2.4.2 CHT exact FormKey seed
00000475	A9A572:MysticismMagic.esp	MGEF	MAG_InvisibilityFFActor75	FULL	0	Invisibility	隱形	Mysticism 2.4.2 CHT exact FormKey seed
00000476	A9A572:MysticismMagic.esp	MGEF	MAG_InvisibilityFFActor75	DNAM	0	For <dur> seconds, your target cannot be seen or heard. Activating an object or attacking will break this spell.	在 <dur> 秒內，目標不會被看見和聽到。攻擊和與物件互動會中斷此法術。	Mysticism 2.4.2 CHT exact FormKey seed
00000477	A9A574:MysticismMagic.esp	MGEF	MAG_MuffleFFSelfArea	FULL	0	Muffle	消除聲響	Mysticism 2.4.2 CHT exact FormKey seed
00000478	A9A574:MysticismMagic.esp	MGEF	MAG_MuffleFFSelfArea	DNAM	0			Mysticism 2.4.2 CHT exact FormKey seed
00000479	AC7E87:MysticismMagic.esp	MGEF	MAG_BurdenFFAimed25MoveSpeed01	FULL	0	Burden	重負	Mysticism 2.4.2 CHT exact FormKey seed
0000047A	AC7E87:MysticismMagic.esp	MGEF	MAG_BurdenFFAimed25MoveSpeed01	DNAM	0	Reduces enemy Movement and Attack Speed by <mag>% for <dur> seconds.	降低敵人移動速度和攻擊速度 <mag>%，持續 <dur> 秒。	Mysticism 2.4.2 CHT exact FormKey seed
0000047B	AC7E88:MysticismMagic.esp	MGEF	MAG_DamageArmorFFAimedArea75	FULL	0	Damage Armor	損壞護甲術	Mysticism 2.4.2 CHT exact FormKey seed
0000047C	AC7E88:MysticismMagic.esp	MGEF	MAG_DamageArmorFFAimedArea75	DNAM	0	Reduces enemy Armor Rating in a large area by <mag> for <dur> seconds.	降低大範圍內敵人護具防禦力 <mag>，持續 <dur> 秒。	Mysticism 2.4.2 CHT exact FormKey seed
0000047D	AC7E89:MysticismMagic.esp	MGEF	MAG_DamageWeaponFFAimedArea75	FULL	0	Damage Weapon	損壞武器術	Mysticism 2.4.2 CHT exact FormKey seed
0000047E	AC7E89:MysticismMagic.esp	MGEF	MAG_DamageWeaponFFAimedArea75	DNAM	0			Mysticism 2.4.2 CHT exact FormKey seed
0000047F	AD718E:MysticismMagic.esp	MGEF	MAG_RestoreStaminaFFSelf	FULL	0	Restore Stamina	恢復耐力	Mysticism 2.4.2 CHT exact FormKey seed
00000480	AD718E:MysticismMagic.esp	MGEF	MAG_RestoreStaminaFFSelf	DNAM	0	Restores <mag> Health per second for <dur> seconds.	每秒恢復 <mag> 點生命，持續 <dur> 秒。	Mysticism 2.4.2 CHT exact FormKey seed
00000481	AD7190:MysticismMagic.esp	MGEF	MAG_PerkRespiteFFSelf	FULL	0	Respite	緩解舒張	Mysticism 2.4.2 CHT exact FormKey seed
00000482	AD7190:MysticismMagic.esp	MGEF	MAG_PerkRespiteFFSelf	DNAM	0			Mysticism 2.4.2 CHT exact FormKey seed
00000483	ADC291:MysticismMagic.esp	MGEF	MAG_DamageWeaponFFAimedArea75Dummy	FULL	0	Damage Weapon	損壞武器術	Mysticism 2.4.2 CHT exact FormKey seed
00000484	ADC291:MysticismMagic.esp	MGEF	MAG_DamageWeaponFFAimedArea75Dummy	DNAM	0	Reduces enemy weapon damage in a large area by <mag>% for <dur> seconds.	降低大範圍內敵人武器傷害 <mag>%，持續 <dur> 秒。	Mysticism 2.4.2 CHT exact FormKey seed
00000485	AFF9A7:MysticismMagic.esp	MGEF	MAG_TurnUndeadFFTouch	FULL	0	Turn Greater Undead	高階驅邪術	Mysticism 2.4.2 CHT exact FormKey seed
00000486	AFF9A7:MysticismMagic.esp	MGEF	MAG_TurnUndeadFFTouch	DNAM	0	Touch undead up to level <mag> in melee range to turn them for <dur> seconds.	近距離觸碰不死者，最高 <mag> 級的被驅離，持續 <dur> 秒。	Mysticism 2.4.2 CHT exact FormKey seed
00000487	B18EAC:MysticismMagic.esp	MGEF	MAG_RestoreHealthConcSelfArea	FULL	0	Restore Health	回復生命	Mysticism 2.4.2 CHT exact FormKey seed
00000488	B18EAC:MysticismMagic.esp	MGEF	MAG_RestoreHealthConcSelfArea	DNAM	0			Mysticism 2.4.2 CHT exact FormKey seed
00000489	B18EAD:MysticismMagic.esp	MGEF	MAG_RestoreHealthFFSelfArea	FULL	0	Restore Health	回復生命	Mysticism 2.4.2 CHT exact FormKey seed
0000048A	B18EAD:MysticismMagic.esp	MGEF	MAG_RestoreHealthFFSelfArea	DNAM	0			Mysticism 2.4.2 CHT exact FormKey seed
0000048B	B1DFB9:MysticismMagic.esp	MGEF	MAG_SunlightCircleFFSelfDummy	FULL	0	Circle of Sunlight	日光領域術	Mysticism 2.4.2 CHT exact FormKey seed
0000048C	B1DFB9:MysticismMagic.esp	MGEF	MAG_SunlightCircleFFSelfDummy	DNAM	0	Creates a ritual circle for <30> seconds. Undead who enter the circle burn for <mag> damage per second for <10> seconds.	創建一個領域，持續 <30> 秒。不死者進入領域時，每秒受到 <mag> 點傷害，持續 <10> 秒。	Mysticism 2.4.2 CHT exact FormKey seed
0000048D	B230C1:MysticismMagic.esp	MGEF	MAG_AbIllusionPosVisuals	FULL	0	Illusion Visuals	Illusion Visuals	Mysticism 2.4.2 CHT exact FormKey seed
0000048E	B230C1:MysticismMagic.esp	MGEF	MAG_AbIllusionPosVisuals	DNAM	0			Mysticism 2.4.2 CHT exact FormKey seed
0000048F	B230C5:MysticismMagic.esp	MGEF	MAG_AbIllusionNegVisuals	FULL	0	Illusion Visuals	Illusion Visuals	Mysticism 2.4.2 CHT exact FormKey seed
00000490	B230C5:MysticismMagic.esp	MGEF	MAG_AbIllusionNegVisuals	DNAM	0			Mysticism 2.4.2 CHT exact FormKey seed
00000491	B3C5D1:MysticismMagic.esp	MGEF	MAG_CommandFFAimedAreaDummy100	FULL	0	Control Dummy Effect	Control Dummy Effect	Mysticism 2.4.2 CHT exact FormKey seed
00000492	B3C5D1:MysticismMagic.esp	MGEF	MAG_CommandFFAimedAreaDummy100	DNAM	0	Living targets up to level <mag>	最高 <mag> 級的活著目標	Mysticism 2.4.2 CHT exact FormKey seed
00000493	B467E5:MysticismMagic.esp	MGEF	MAG_SilenceFFAimed25	FULL	0	Silence	沉默	Mysticism 2.4.2 CHT exact FormKey seed
00000494	B467E5:MysticismMagic.esp	MGEF	MAG_SilenceFFAimed25	DNAM	0	Living targets up to level <mag> won't cast spells for <dur> seconds.	最高 <mag> 級的活著目標不能施法，持續 <dur> 秒。	Mysticism 2.4.2 CHT exact FormKey seed
00000495	B467F0:MysticismMagic.esp	MGEF	MAG_CommandFFTouchDummy	FULL	0	Command Dummy Effect	Command Dummy Effect	Mysticism 2.4.2 CHT exact FormKey seed
00000496	B467F0:MysticismMagic.esp	MGEF	MAG_CommandFFTouchDummy	DNAM	0	Touch a living target up to level <mag> to place them under your command for <dur> seconds.	接觸最高 <mag> 級的活著目標，使其受你支配，持續 <dur> 秒。	Mysticism 2.4.2 CHT exact FormKey seed
00000497	B4B8FB:MysticismMagic.esp	MGEF	MAG_CourageFFSelfMagicka	FULL	0	Fortify Magicka	強化法力	Mysticism 2.4.2 CHT exact FormKey seed
00000498	B4B8FB:MysticismMagic.esp	MGEF	MAG_CourageFFSelfMagicka	DNAM	0			Mysticism 2.4.2 CHT exact FormKey seed
00000499	B4B8FE:MysticismMagic.esp	MGEF	MAG_PerkMasterMindCourageFFSelfMagicka	FULL	0	Fortify Magicka	強化法力	Mysticism 2.4.2 CHT exact FormKey seed
0000049A	B4B8FE:MysticismMagic.esp	MGEF	MAG_PerkMasterMindCourageFFSelfMagicka	DNAM	0			Mysticism 2.4.2 CHT exact FormKey seed
0000049B	B4B900:MysticismMagic.esp	MGEF	MAG_TurnUndeadFFAimed100	FULL	0	Turn Undead	驅離不死者	Mysticism 2.4.2 CHT exact FormKey seed
0000049C	B4B900:MysticismMagic.esp	MGEF	MAG_TurnUndeadFFAimed100	DNAM	0	Undead up to level <mag> are turned for <dur> seconds.	最高 <mag> 級的不死者被驅離，持續 <dur> 秒。	Mysticism 2.4.2 CHT exact FormKey seed
0000049D	B64E08:MysticismMagic.esp	MGEF	MAG_GhostwalkFFSelf01	FULL	0	Invisibility	隱形	Mysticism 2.4.2 CHT exact FormKey seed
0000049E	B64E08:MysticismMagic.esp	MGEF	MAG_GhostwalkFFSelf01	DNAM	0	You are invisible for <dur> seconds. Activating an object or attacking will temporarily break this spell.	你在 <dur> 秒內隱形。與物件互動或發動攻擊將暫時中斷此法術。	Mysticism 2.5.0 custom; Skyrim 8.20 terminology
0000049F	B64E09:MysticismMagic.esp	MGEF	MAG_EtherealizeFFSelf100	FULL	0	Invisibility	隱形	Mysticism 2.4.2 CHT exact FormKey seed
000004A0	B64E09:MysticismMagic.esp	MGEF	MAG_EtherealizeFFSelf100	DNAM	0			Mysticism 2.4.2 CHT exact FormKey seed
000004A1	BD4421:MysticismMagic.esp	MGEF	MAG_FrostDamageFFHazardAreaDummy	FULL	0	Blizzard	暴雪氣旋術	Mysticism 2.4.2 CHT exact FormKey seed
000004A2	BD4421:MysticismMagic.esp	MGEF	MAG_FrostDamageFFHazardAreaDummy	DNAM	0			Mysticism 2.4.2 CHT exact FormKey seed
000004A3	BD4422:MysticismMagic.esp	MGEF	MAG_FrostDamageBlizzardFFContact	FULL	0	Ice Hazard	寒霜災害	Mysticism 2.4.2 CHT exact FormKey seed
000004A4	BD4422:MysticismMagic.esp	MGEF	MAG_FrostDamageBlizzardFFContact	DNAM	0			Mysticism 2.4.2 CHT exact FormKey seed
000004A5	BDE626:MysticismMagic.esp	MGEF	MAG_ScreenShakeEffect	FULL	0	ScreenShake	ScreenShake	Mysticism 2.4.2 CHT exact FormKey seed
000004A6	BDE626:MysticismMagic.esp	MGEF	MAG_ScreenShakeEffect	DNAM	0			Mysticism 2.4.2 CHT exact FormKey seed
000004A7	BF2A2A:MysticismMagic.esp	MGEF	MAG_FortifySpeedFFSelCarryWeight	FULL	0	Windwalker	風行者	Mysticism 2.4.2 CHT exact FormKey seed
000004A8	BF2A2A:MysticismMagic.esp	MGEF	MAG_FortifySpeedFFSelCarryWeight	DNAM	0			Mysticism 2.4.2 CHT exact FormKey seed
000004A9	C1B22C:MysticismMagic.esp	MGEF	MAG_AbsorbMagickaCloakFFSelfDummy	FULL	0	Absorb Magicka	吸取法力	Mysticism 2.4.2 CHT exact FormKey seed
000004AA	C1B22C:MysticismMagic.esp	MGEF	MAG_AbsorbMagickaCloakFFSelfDummy	DNAM	0	For <dur> seconds, absorbs <mag> Magicka per second from targets in melee range.	每秒吸取近戰範圍目標 <mag> 點法力，持續 <dur> 秒。	Mysticism 2.4.2 CHT exact FormKey seed
000004AB	C25432:MysticismMagic.esp	MGEF	MAG_AbsorbMagickaConcCloakSelf	FULL	0	Siphon Magicka	法力虹吸術	Mysticism 2.4.2 CHT exact FormKey seed
000004AC	C25432:MysticismMagic.esp	MGEF	MAG_AbsorbMagickaConcCloakSelf	DNAM	0			Mysticism 2.4.2 CHT exact FormKey seed
000004AD	C2A533:MysticismMagic.esp	MGEF	MAG_RestoreStaminaConcSelf	FULL	0	Restore Stamina	恢復耐力	Mysticism 2.4.2 CHT exact FormKey seed
000004AE	C2A533:MysticismMagic.esp	MGEF	MAG_RestoreStaminaConcSelf	DNAM	0			Mysticism 2.4.2 CHT exact FormKey seed
000004AF	C2F634:MysticismMagic.esp	MGEF	MAG_RestoreStaminaConcSelf100	FULL	0	Restore Stamina	恢復耐力	Mysticism 2.4.2 CHT exact FormKey seed
000004B0	C2F634:MysticismMagic.esp	MGEF	MAG_RestoreStaminaConcSelf100	DNAM	0			Mysticism 2.4.2 CHT exact FormKey seed
000004B1	C43A36:MysticismMagic.esp	MGEF	MAG_FireDamageFFTouch75	FULL	0	Fire Damage	火焰傷害	Mysticism 2.4.2 CHT exact FormKey seed
000004B2	C43A36:MysticismMagic.esp	MGEF	MAG_FireDamageFFTouch75	DNAM	0	Deals <mag> Fire damage to enemies in melee range. Targets on fire take extra damage over time.	對近戰距離敵人造成 <mag> 點火焰傷害。燃燒中的目標受到額外的持續傷害。	Mysticism 2.4.2 CHT exact FormKey seed
000004B3	C4DC39:MysticismMagic.esp	MGEF	MAG_ShroudFFSelf100	FULL	0	Shroud	帷幕術	Mysticism 2.4.2 CHT exact FormKey seed
000004B4	C4DC39:MysticismMagic.esp	MGEF	MAG_ShroudFFSelf100	DNAM	0	You become ethereal for <dur> seconds. Activating an object or attacking will break the spell.	進入虛無狀態 <dur> 秒。與物件互動或發動攻擊將中斷此法術。	Mysticism 2.4.2 CHT exact FormKey seed
000004B5	C4DC3B:MysticismMagic.esp	MGEF	MAG_IllusionVisualsPosFFSelfArea100Dummy	FULL	0	Illusion Visuals	Illusion Visuals	Mysticism 2.4.2 CHT exact FormKey seed
000004B6	C4DC3B:MysticismMagic.esp	MGEF	MAG_IllusionVisualsPosFFSelfArea100Dummy	DNAM	0			Mysticism 2.4.2 CHT exact FormKey seed
000004B7	C6203D:MysticismMagic.esp	MGEF	MAG_IllusionVisualsNegFFSelfArea100Dummy	FULL	0	Illusion Visuals	Illusion Visuals	Mysticism 2.4.2 CHT exact FormKey seed
000004B8	C6203D:MysticismMagic.esp	MGEF	MAG_IllusionVisualsNegFFSelfArea100Dummy	DNAM	0			Mysticism 2.4.2 CHT exact FormKey seed
000004B9	C6203E:MysticismMagic.esp	MGEF	MAG_IllusionVisualsParalyzeFFSelfArea100Dummy	FULL	0	Illusion Visuals	Illusion Visuals	Mysticism 2.4.2 CHT exact FormKey seed
000004BA	C6203E:MysticismMagic.esp	MGEF	MAG_IllusionVisualsParalyzeFFSelfArea100Dummy	DNAM	0			Mysticism 2.4.2 CHT exact FormKey seed
000004BB	C62058:MysticismMagic.esp	MGEF	MAG_PerkMasterMindFearFFAimedArea50	FULL	0	Master of the Mind	心靈掌控大師	Mysticism 2.4.2 CHT exact FormKey seed
000004BC	C62058:MysticismMagic.esp	MGEF	MAG_PerkMasterMindFearFFAimedArea50	DNAM	0			Mysticism 2.4.2 CHT exact FormKey seed
000004BD	C671A4:MysticismMagic.esp	MGEF	MAG_PerkMasterMindSilenceFFAimedArea50	FULL	0	Master of the Mind	心靈掌控大師	Mysticism 2.4.2 CHT exact FormKey seed
000004BE	C671A4:MysticismMagic.esp	MGEF	MAG_PerkMasterMindSilenceFFAimedArea50	DNAM	0			Mysticism 2.4.2 CHT exact FormKey seed
000004BF	C671A6:MysticismMagic.esp	MGEF	MAG_PerkMasterMindSilenceFFAimed25	FULL	0	Master of the Mind	心靈掌控大師	Mysticism 2.4.2 CHT exact FormKey seed
000004C0	C671A6:MysticismMagic.esp	MGEF	MAG_PerkMasterMindSilenceFFAimed25	DNAM	0			Mysticism 2.4.2 CHT exact FormKey seed
000004C1	C857B5:MysticismMagic.esp	MGEF	MAG_DetectAllEnemyInteriorConcSelf	FULL	0	Detect All Enemy Interior	Detect All Enemy Interior	Mysticism 2.4.2 CHT exact FormKey seed
000004C2	C857B5:MysticismMagic.esp	MGEF	MAG_DetectAllEnemyInteriorConcSelf	DNAM	0	You can see all nearby targets, including Daedra and automatons, through walls.	能透過牆壁看見附近所有目標；包含機械構裝物和魔族。	Mysticism 2.4.2 CHT exact FormKey seed
000004C3	C857B6:MysticismMagic.esp	MGEF	MAG_DetectAllEnemyExteriorConcSelf	FULL	0	Detect All Enemy Exterior	Detect All Enemy Exterior	Mysticism 2.4.2 CHT exact FormKey seed
000004C4	C857B6:MysticismMagic.esp	MGEF	MAG_DetectAllEnemyExteriorConcSelf	DNAM	0			Mysticism 2.4.2 CHT exact FormKey seed
000004C5	C857B7:MysticismMagic.esp	MGEF	MAG_DetectAllFriendExteriorConcSelf	FULL	0	Detect All Friend Exterior	Detect All Friend Exterior	Mysticism 2.4.2 CHT exact FormKey seed
000004C6	C857B7:MysticismMagic.esp	MGEF	MAG_DetectAllFriendExteriorConcSelf	DNAM	0			Mysticism 2.4.2 CHT exact FormKey seed
000004C7	C857B8:MysticismMagic.esp	MGEF	MAG_DetectAllFriendInteriorConcSelf	FULL	0	Detect All Friend Interior	Detect All Friend Interior	Mysticism 2.4.2 CHT exact FormKey seed
000004C8	C857B8:MysticismMagic.esp	MGEF	MAG_DetectAllFriendInteriorConcSelf	DNAM	0			Mysticism 2.4.2 CHT exact FormKey seed
000004C9	C857BF:MysticismMagic.esp	MGEF	MAG_BurdenFFAimed25MoveSpeed03	FULL	0	Burden	重負	Mysticism 2.4.2 CHT exact FormKey seed
000004CA	C857BF:MysticismMagic.esp	MGEF	MAG_BurdenFFAimed25MoveSpeed03	DNAM	0			Mysticism 2.4.2 CHT exact FormKey seed
000004CB	C857C0:MysticismMagic.esp	MGEF	MAG_DetectDeadCorpseInteriorConcSelf	FULL	0	Detect Dead Corpse Interior	Detect Dead Corpse Interior	Mysticism 2.4.2 CHT exact FormKey seed
000004CC	C857C0:MysticismMagic.esp	MGEF	MAG_DetectDeadCorpseInteriorConcSelf	DNAM	0			Mysticism 2.4.2 CHT exact FormKey seed
000004CD	C857C1:MysticismMagic.esp	MGEF	MAG_DetectDeadCorpseExteriorConcSelf	FULL	0	Detect Dead Corpse Exterior	Detect Dead Corpse Exterior	Mysticism 2.4.2 CHT exact FormKey seed
000004CE	C857C1:MysticismMagic.esp	MGEF	MAG_DetectDeadCorpseExteriorConcSelf	DNAM	0			Mysticism 2.4.2 CHT exact FormKey seed
000004CF	C8A8C3:MysticismMagic.esp	MGEF	MAG_DetectAllCorpseExteriorConcSelf	FULL	0	Detect All Corpse Exterior	Detect All Corpse Exterior	Mysticism 2.4.2 CHT exact FormKey seed
000004D0	C8A8C3:MysticismMagic.esp	MGEF	MAG_DetectAllCorpseExteriorConcSelf	DNAM	0			Mysticism 2.4.2 CHT exact FormKey seed
000004D1	C8A8C5:MysticismMagic.esp	MGEF	MAG_DetectAllCorpseInteriorConcSelf	FULL	0	Detect All Corpse Interior	Detect All Corpse Interior	Mysticism 2.4.2 CHT exact FormKey seed
000004D2	C8A8C5:MysticismMagic.esp	MGEF	MAG_DetectAllCorpseInteriorConcSelf	DNAM	0			Mysticism 2.4.2 CHT exact FormKey seed
000004D3	C99C26:MysticismMagic.esp	MGEF	MAG_ResistFireFFSelf50Dummy	FULL	0	Resist Fire	火焰抗性	Mysticism 2.4.2 CHT exact FormKey seed
000004D4	C99C26:MysticismMagic.esp	MGEF	MAG_ResistFireFFSelf50Dummy	DNAM	0			Mysticism 2.4.2 CHT exact FormKey seed
000004D5	C99C27:MysticismMagic.esp	MGEF	MAG_ResistFireFFSelf100Dummy	FULL	0	Resist Fire	火焰抗性	Mysticism 2.4.2 CHT exact FormKey seed
000004D6	C99C27:MysticismMagic.esp	MGEF	MAG_ResistFireFFSelf100Dummy	DNAM	0			Mysticism 2.4.2 CHT exact FormKey seed
000004D7	CA3E2A:MysticismMagic.esp	MGEF	MAG_RegenHealthFFSelf50Dummy	FULL	0	Regeneration	再生術	Mysticism 2.4.2 CHT exact FormKey seed
000004D8	CA3E2A:MysticismMagic.esp	MGEF	MAG_RegenHealthFFSelf50Dummy	DNAM	0			Mysticism 2.4.2 CHT exact FormKey seed
000004D9	CA3E2B:MysticismMagic.esp	MGEF	MAG_RegenHealthFFSelf75Dummy	FULL	0	Regeneration	再生術	Mysticism 2.4.2 CHT exact FormKey seed
000004DA	CA3E2B:MysticismMagic.esp	MGEF	MAG_RegenHealthFFSelf75Dummy	DNAM	0			Mysticism 2.4.2 CHT exact FormKey seed
000004DB	CA3E2C:MysticismMagic.esp	MGEF	MAG_RegenHealthFFSelf100Dummy	FULL	0	Regeneration	再生術	Mysticism 2.4.2 CHT exact FormKey seed
000004DC	CA3E2C:MysticismMagic.esp	MGEF	MAG_RegenHealthFFSelf100Dummy	DNAM	0			Mysticism 2.4.2 CHT exact FormKey seed
000004DD	CA3E2D:MysticismMagic.esp	MGEF	MAG_FortifyHealthFFSelf50Dummy	FULL	0	Fortify Health	強化生命	Mysticism 2.4.2 CHT exact FormKey seed
000004DE	CA3E2D:MysticismMagic.esp	MGEF	MAG_FortifyHealthFFSelf50Dummy	DNAM	0			Mysticism 2.4.2 CHT exact FormKey seed
000004DF	CA8F2F:MysticismMagic.esp	MGEF	MAG_FortifyHealthFFSelf100Dummy	FULL	0	Fortify Health	強化生命	Mysticism 2.4.2 CHT exact FormKey seed
000004E0	CA8F2F:MysticismMagic.esp	MGEF	MAG_FortifyHealthFFSelf100Dummy	DNAM	0			Mysticism 2.4.2 CHT exact FormKey seed
000004E1	CB8236:MysticismMagic.esp	MGEF	MAG_abAttunementEffect	FULL	0	Fortify Health	強化生命	Mysticism 2.4.2 CHT exact FormKey seed
000004E2	CB8236:MysticismMagic.esp	MGEF	MAG_abAttunementEffect	DNAM	0			Mysticism 2.4.2 CHT exact FormKey seed
000004E3	CC2438:MysticismMagic.esp	MGEF	MAG_CircleofProtectionFFSelf75DummyAlt	FULL	0	Circle of Protection	庇護領域術	Mysticism 2.4.2 CHT exact FormKey seed
000004E4	CC2438:MysticismMagic.esp	MGEF	MAG_CircleofProtectionFFSelf75DummyAlt	DNAM	0			Mysticism 2.4.2 CHT exact FormKey seed
000004E5	CC7539:MysticismMagic.esp	MGEF	MAG_TurnUndeadFFSelfArea100Dummy	FULL	0	Turn Undead Visuals	Turn Undead Visuals	Mysticism 2.4.2 CHT exact FormKey seed
000004E6	CC7539:MysticismMagic.esp	MGEF	MAG_TurnUndeadFFSelfArea100Dummy	DNAM	0			Mysticism 2.4.2 CHT exact FormKey seed
000004E7	CCC63A:MysticismMagic.esp	MGEF	MAG_PerkRespiteConcSelfArea	FULL	0	Restore Stamina	恢復耐力	Mysticism 2.4.2 CHT exact FormKey seed
000004E8	CCC63A:MysticismMagic.esp	MGEF	MAG_PerkRespiteConcSelfArea	DNAM	0			Mysticism 2.4.2 CHT exact FormKey seed
000004E9	CCC63B:MysticismMagic.esp	MGEF	MAG_PerkRespiteFFSelfArea	FULL	0	Respite	緩解舒張	Mysticism 2.4.2 CHT exact FormKey seed
000004EA	CCC63B:MysticismMagic.esp	MGEF	MAG_PerkRespiteFFSelfArea	DNAM	0			Mysticism 2.4.2 CHT exact FormKey seed
000004EB	CCC640:MysticismMagic.esp	MGEF	MAG_CircleofProtectionFFSelf75DualCast	FULL	0	Circle of Protection	庇護領域術	Mysticism 2.4.2 CHT exact FormKey seed
000004EC	CCC640:MysticismMagic.esp	MGEF	MAG_CircleofProtectionFFSelf75DualCast	DNAM	0			Mysticism 2.4.2 CHT exact FormKey seed
000004ED	CD685A:MysticismMagic.esp	MGEF	MAG_FireCloakFFSelfDummy	FULL	0	Flame Cloak	火焰斗篷術	Mysticism 2.4.2 CHT exact FormKey seed
000004EE	CD685A:MysticismMagic.esp	MGEF	MAG_FireCloakFFSelfDummy	DNAM	0			Mysticism 2.4.2 CHT exact FormKey seed
000004EF	CDB977:MysticismMagic.esp	MGEF	MAG_abFrostSlowEffect50	FULL	0	Slow	緩速	Mysticism 2.4.2 CHT exact FormKey seed
000004F0	CDB977:MysticismMagic.esp	MGEF	MAG_abFrostSlowEffect50	DNAM	0			Mysticism 2.4.2 CHT exact FormKey seed
000004F1	CDB978:MysticismMagic.esp	MGEF	MAG_FrostDamageFFTouch50	FULL	0	Freezing Touch	冰結之觸	Mysticism 2.4.2 CHT exact FormKey seed
000004F2	CDB978:MysticismMagic.esp	MGEF	MAG_FrostDamageFFTouch50	DNAM	0	Deals <mag> Frost damage to Health and Stamina to enemies in melee range.	對近戰距離敵人的生命和耐力造成 <mag> 點寒霜傷害。	Mysticism 2.4.2 CHT exact FormKey seed
000004F3	CDB979:MysticismMagic.esp	MGEF	MAG_abFrostSlowEffectDummy	FULL	0	Slow	緩速	Mysticism 2.4.2 CHT exact FormKey seed
000004F4	CDB979:MysticismMagic.esp	MGEF	MAG_abFrostSlowEffectDummy	DNAM	0			Mysticism 2.4.2 CHT exact FormKey seed
000004F5	CDB97B:MysticismMagic.esp	MGEF	MAG_abFrostSlowEffect25	FULL	0	Slow	緩速	Mysticism 2.4.2 CHT exact FormKey seed
000004F6	CDB97B:MysticismMagic.esp	MGEF	MAG_abFrostSlowEffect25	DNAM	0			Mysticism 2.4.2 CHT exact FormKey seed
000004F7	CDB98A:MysticismMagic.esp	MGEF	MAG_FrostCloakFFSelfDummy	FULL	0	Frost Cloak	冰霜斗篷術	Mysticism 2.4.2 CHT exact FormKey seed
000004F8	CDB98A:MysticismMagic.esp	MGEF	MAG_FrostCloakFFSelfDummy	DNAM	0			Mysticism 2.4.2 CHT exact FormKey seed
000004F9	CEAC97:MysticismMagic.esp	MGEF	MAG_FrostDamageFFHazardAreaDualCast	FULL	0	Blizzard	暴雪氣旋術	Mysticism 2.4.2 CHT exact FormKey seed
000004FA	CEAC97:MysticismMagic.esp	MGEF	MAG_FrostDamageFFHazardAreaDualCast	DNAM	0			Mysticism 2.4.2 CHT exact FormKey seed
000004FB	CEAC98:MysticismMagic.esp	MGEF	MAG_FrostDamageBlizzardFFContactDualCast	FULL	0	Ice Hazard	寒霜災害	Mysticism 2.4.2 CHT exact FormKey seed
000004FC	CEAC98:MysticismMagic.esp	MGEF	MAG_FrostDamageBlizzardFFContactDualCast	DNAM	0			Mysticism 2.4.2 CHT exact FormKey seed
000004FD	CEAC9B:MysticismMagic.esp	MGEF	MAG_abBlizzardDamageEffect	FULL	0	Blizzard	暴雪氣旋術	Mysticism 2.4.2 CHT exact FormKey seed
000004FE	CEAC9B:MysticismMagic.esp	MGEF	MAG_abBlizzardDamageEffect	DNAM	0			Mysticism 2.4.2 CHT exact FormKey seed
000004FF	CEAC9D:MysticismMagic.esp	MGEF	MAG_FrostDamageFFActor	FULL	0	Ice Spike	冰錐術	Mysticism 2.4.2 CHT exact FormKey seed
00000500	CEAC9D:MysticismMagic.esp	MGEF	MAG_FrostDamageFFActor	DNAM	0	Deals <mag> Frost Damage to Health and Stamina.	對生命與耐力造成 <mag> 點的寒霜傷害。	Mysticism 2.4.2 CHT exact FormKey seed
00000501	CF4EA1:MysticismMagic.esp	MGEF	MAG_abFingerExplosionEffect	FULL	0	Finger of the Mountain	山嶺雷指	Mysticism 2.4.2 CHT exact FormKey seed
00000502	CF4EA1:MysticismMagic.esp	MGEF	MAG_abFingerExplosionEffect	DNAM	0			Mysticism 2.4.2 CHT exact FormKey seed
00000503	CF9FA4:MysticismMagic.esp	MGEF	MAG_abStormblastExplosionEffect	FULL	0	Stormblast	天鳴雷轟術	Mysticism 2.4.2 CHT exact FormKey seed
00000504	CF9FA4:MysticismMagic.esp	MGEF	MAG_abStormblastExplosionEffect	DNAM	0			Mysticism 2.4.2 CHT exact FormKey seed
00000505	CF9FA9:MysticismMagic.esp	MGEF	MAG_ShockDamageFFTouch50	FULL	0	Shock Damage	閃電傷害	Mysticism 2.4.2 CHT exact FormKey seed
00000506	CF9FA9:MysticismMagic.esp	MGEF	MAG_ShockDamageFFTouch50	DNAM	0	Deals <mag> Shock damage to Health and Magicka to enemies in melee range.	對近戰距離敵人的生命和法力造成 <mag> 點閃電傷害。	Mysticism 2.4.2 CHT exact FormKey seed
00000507	CF9FAF:MysticismMagic.esp	MGEF	MAG_ShockCloakFFSelfDummy	FULL	0	Shock Cloak	閃電斗篷術	Mysticism 2.4.2 CHT exact FormKey seed
00000508	CF9FAF:MysticismMagic.esp	MGEF	MAG_ShockCloakFFSelfDummy	DNAM	0			Mysticism 2.4.2 CHT exact FormKey seed
00000509	CFF0D7:MysticismMagic.esp	MGEF	MAG_ResistFrostFFSelf50Dummy	FULL	0	Resist Frost	寒霜抗性	Mysticism 2.4.2 CHT exact FormKey seed
0000050A	CFF0D7:MysticismMagic.esp	MGEF	MAG_ResistFrostFFSelf50Dummy	DNAM	0			Mysticism 2.4.2 CHT exact FormKey seed
0000050B	CFF0D8:MysticismMagic.esp	MGEF	MAG_ResistFrostFFSelf100Dummy	FULL	0	Resist Frost	寒霜抗性	Mysticism 2.4.2 CHT exact FormKey seed
0000050C	CFF0D8:MysticismMagic.esp	MGEF	MAG_ResistFrostFFSelf100Dummy	DNAM	0			Mysticism 2.4.2 CHT exact FormKey seed
0000050D	CFF0D9:MysticismMagic.esp	MGEF	MAG_ResistShockFFSelf50Dummy	FULL	0	Resist Shock	閃電抗性	Mysticism 2.4.2 CHT exact FormKey seed
0000050E	CFF0D9:MysticismMagic.esp	MGEF	MAG_ResistShockFFSelf50Dummy	DNAM	0			Mysticism 2.4.2 CHT exact FormKey seed
0000050F	CFF0DA:MysticismMagic.esp	MGEF	MAG_ResistPoisonFFSelf50Dummy	FULL	0	Resist Poison	毒素抗性	Mysticism 2.4.2 CHT exact FormKey seed
00000510	CFF0DA:MysticismMagic.esp	MGEF	MAG_ResistPoisonFFSelf50Dummy	DNAM	0			Mysticism 2.4.2 CHT exact FormKey seed
00000511	D092DB:MysticismMagic.esp	MGEF	MAG_IllusionVisualsCommandFFSelfArea100Dummy	FULL	0	Command Visuals	Command Visuals	Mysticism 2.4.2 CHT exact FormKey seed
00000512	D092DB:MysticismMagic.esp	MGEF	MAG_IllusionVisualsCommandFFSelfArea100Dummy	DNAM	0	Living targets up to level <mag> in a massive area are placed under your command for <dur> seconds.	極大範圍內最高 <mag> 級的活著目標受你支配，持續 <dur> 秒。	Mysticism 2.4.2 CHT exact FormKey seed
00000513	D227DC:MysticismMagic.esp	MGEF	MAG_ShockDamageFFSelfAreaDummy01	FULL	0	Stormblast	天鳴雷轟術	Mysticism 2.4.2 CHT exact FormKey seed
00000514	D227DC:MysticismMagic.esp	MGEF	MAG_ShockDamageFFSelfAreaDummy01	DNAM	0			Mysticism 2.4.2 CHT exact FormKey seed
00000515	D278E2:MysticismMagic.esp	MGEF	MAG_PoisonDamageFFTouch50	FULL	0	Poison Damage	毒素傷害	Mysticism 2.4.2 CHT exact FormKey seed
00000516	D278E2:MysticismMagic.esp	MGEF	MAG_PoisonDamageFFTouch50	DNAM	0	Deals <mag> Poison damage per second for <10> seconds to enemies in melee range. 	對近戰範圍內的敵人造成每秒 <mag> 點的毒素傷害，持續 <10> 秒。	Mysticism 2.4.2 CHT exact FormKey seed
00000517	D2C9E6:MysticismMagic.esp	MGEF	MAG_PoisonCloakFFSelfDummy	FULL	0	Poison Cloak	毒素斗篷術	Mysticism 2.4.2 CHT exact FormKey seed
00000518	D2C9E6:MysticismMagic.esp	MGEF	MAG_PoisonCloakFFSelfDummy	DNAM	0			Mysticism 2.4.2 CHT exact FormKey seed
00000519	D2C9E9:MysticismMagic.esp	MGEF	MAG_ResistShockFFSelf100Dummy	FULL	0	Resist Shock	閃電抗性	Mysticism 2.4.2 CHT exact FormKey seed
0000051A	D2C9E9:MysticismMagic.esp	MGEF	MAG_ResistShockFFSelf100Dummy	DNAM	0			Mysticism 2.4.2 CHT exact FormKey seed
0000051B	D2C9EC:MysticismMagic.esp	MGEF	MAG_ResistPoisonFFSelf100Dummy	FULL	0	Resist Poison	毒素抗性	Mysticism 2.4.2 CHT exact FormKey seed
0000051C	D2C9EC:MysticismMagic.esp	MGEF	MAG_ResistPoisonFFSelf100Dummy	DNAM	0			Mysticism 2.4.2 CHT exact FormKey seed
0000051D	D3BD22:MysticismMagic.esp	MGEF	MAG_WardConcSelf0Dummy	FULL	0	Lesser Ward XP	Lesser Ward XP	Mysticism 2.4.2 CHT exact FormKey seed
0000051E	D3BD22:MysticismMagic.esp	MGEF	MAG_WardConcSelf0Dummy	DNAM	0			Mysticism 2.4.2 CHT exact FormKey seed
0000051F	D40E23:MysticismMagic.esp	MGEF	MAG_WardConcSelf25Dummy	FULL	0	Steadfast Ward XP	Steadfast Ward XP	Mysticism 2.4.2 CHT exact FormKey seed
00000520	D40E23:MysticismMagic.esp	MGEF	MAG_WardConcSelf25Dummy	DNAM	0			Mysticism 2.4.2 CHT exact FormKey seed
00000521	D40E24:MysticismMagic.esp	MGEF	MAG_WardConcSelf50Dummy	FULL	0	Greater Ward XP	Greater Ward XP	Mysticism 2.4.2 CHT exact FormKey seed
00000522	D40E24:MysticismMagic.esp	MGEF	MAG_WardConcSelf50Dummy	DNAM	0			Mysticism 2.4.2 CHT exact FormKey seed
00000523	D40E25:MysticismMagic.esp	MGEF	MAG_WardConcSelf75Dummy	FULL	0	Grand Ward XP	Grand Ward XP	Mysticism 2.4.2 CHT exact FormKey seed
00000524	D40E25:MysticismMagic.esp	MGEF	MAG_WardConcSelf75Dummy	DNAM	0			Mysticism 2.4.2 CHT exact FormKey seed
00000525	D40E26:MysticismMagic.esp	MGEF	MAG_WardConcSelf100Dummy	FULL	0	Spelldrinker XP	Spelldrinker XP	Mysticism 2.4.2 CHT exact FormKey seed
00000526	D40E26:MysticismMagic.esp	MGEF	MAG_WardConcSelf100Dummy	DNAM	0			Mysticism 2.4.2 CHT exact FormKey seed
00000527	D45F27:MysticismMagic.esp	MGEF	MAG_SunDamageFFTouch50	FULL	0	Sun Damage	日光傷害	Mysticism 2.4.2 CHT exact FormKey seed
00000528	D45F27:MysticismMagic.esp	MGEF	MAG_SunDamageFFTouch50	DNAM	0	Deals <mag> damage to undead in melee range. Targets on fire take extra damage over time.	對近戰距離不死者造成 <mag> 點傷害。燃燒中的目標受到額外的持續傷害。	Mysticism 2.4.2 CHT exact FormKey seed
00000529	D45F2B:MysticismMagic.esp	MGEF	MAG_SunDamageFFSelfAreaDummy01	FULL	0	Sun Damage	日光傷害	Mysticism 2.4.2 CHT exact FormKey seed
0000052A	D45F2B:MysticismMagic.esp	MGEF	MAG_SunDamageFFSelfAreaDummy01	DNAM	0			Mysticism 2.4.2 CHT exact FormKey seed
0000052B	D45F2D:MysticismMagic.esp	MGEF	MAG_abChargedNovaExplosionEffect	FULL	0	Charged Nova	耀光晨爆術	Mysticism 2.4.2 CHT exact FormKey seed
0000052C	D45F2D:MysticismMagic.esp	MGEF	MAG_abChargedNovaExplosionEffect	DNAM	0			Mysticism 2.4.2 CHT exact FormKey seed
0000052D	D4B02E:MysticismMagic.esp	MGEF	MAG_SunDamageFFAimed25	FULL	0	Sun Damage	日光傷害	Mysticism 2.4.2 CHT exact FormKey seed
0000052E	D4B02E:MysticismMagic.esp	MGEF	MAG_SunDamageFFAimed25	DNAM	0	Deals <mag> damage to the undead. Targets on fire take extra damage over time.	對不死者造成 <mag> 點傷害。燃燒中的目標受到額外的持續傷害。	Mysticism 2.4.2 CHT exact FormKey seed
0000052F	D4B02F:MysticismMagic.esp	MGEF	MAG_SunDamageFFAimedArea50	FULL	0	Sun Damage	日光傷害	Mysticism 2.4.2 CHT exact FormKey seed
00000530	D4B02F:MysticismMagic.esp	MGEF	MAG_SunDamageFFAimedArea50	DNAM	0	Deals <mag> damage to the undead in a large area. Targets on fire take extra damage over time.	對大範圍內不死者造成 <mag> 點傷害。燃燒中的目標受到額外的持續傷害。	Mysticism 2.4.2 CHT exact FormKey seed
00000531	D4B030:MysticismMagic.esp	MGEF	MAG_SunCloakFFSelfDummy	FULL	0	Stendarr'ss Aura	斯丹達爾聖域術	Mysticism 2.4.2 CHT exact FormKey seed
00000532	D4B030:MysticismMagic.esp	MGEF	MAG_SunCloakFFSelfDummy	DNAM	0			Mysticism 2.4.2 CHT exact FormKey seed
00000533	D50165:MysticismMagic.esp	MGEF	MAG_AbsorbHealthFFTouch75	FULL	0	Absorb Health	吸取生命	Mysticism 2.4.2 CHT exact FormKey seed
00000534	D50165:MysticismMagic.esp	MGEF	MAG_AbsorbHealthFFTouch75	DNAM	0	Absorbs <mag> Health from enemies in melee range. 	吸取近距離敵人 <mag> 點生命。	Mysticism 2.4.2 CHT exact FormKey seed
00000535	D5A367:MysticismMagic.esp	MGEF	MAG_AbsorbHealthConcAimed100Dummy	FULL	0	Absorb Health XP	Absorb Health XP	Mysticism 2.4.2 CHT exact FormKey seed
00000536	D5A367:MysticismMagic.esp	MGEF	MAG_AbsorbHealthConcAimed100Dummy	DNAM	0			Mysticism 2.4.2 CHT exact FormKey seed
00000537	D5A368:MysticismMagic.esp	MGEF	MAG_AbsorbHealthConcAimedCloakDummy	FULL	0	Drain Health	吸食生命	Mysticism 2.4.2 CHT exact FormKey seed
00000538	D5A368:MysticismMagic.esp	MGEF	MAG_AbsorbHealthConcAimedCloakDummy	DNAM	0			Mysticism 2.4.2 CHT exact FormKey seed
00000539	D5A36A:MysticismMagic.esp	MGEF	MAG_AbsorbMagickaConcAimedCloak03	FULL	0	Absorb Magicka	吸取法力	Mysticism 2.4.2 CHT exact FormKey seed
0000053A	D5A36A:MysticismMagic.esp	MGEF	MAG_AbsorbMagickaConcAimedCloak03	DNAM	0			Mysticism 2.4.2 CHT exact FormKey seed
0000053B	D5A36B:MysticismMagic.esp	MGEF	MAG_AbsorbMagickaCloakFFSelfDummy01	FULL	0	Absorb Magicka	吸取法力	Mysticism 2.4.2 CHT exact FormKey seed
0000053C	D5A36B:MysticismMagic.esp	MGEF	MAG_AbsorbMagickaCloakFFSelfDummy01	DNAM	0			Mysticism 2.4.2 CHT exact FormKey seed
0000053D	D5A36C:MysticismMagic.esp	MGEF	MAG_AbsorbStaminaCloakFFSelfDummy01	FULL	0	Absorb Stamina	吸取耐力	Mysticism 2.4.2 CHT exact FormKey seed
0000053E	D5A36C:MysticismMagic.esp	MGEF	MAG_AbsorbStaminaCloakFFSelfDummy01	DNAM	0			Mysticism 2.4.2 CHT exact FormKey seed
0000053F	D5A36F:MysticismMagic.esp	MGEF	MAG_AbsorbStaminaCloakFFSelfDummy	FULL	0	Absorb Stamina	吸取耐力	Mysticism 2.4.2 CHT exact FormKey seed
00000540	D5A36F:MysticismMagic.esp	MGEF	MAG_AbsorbStaminaCloakFFSelfDummy	DNAM	0	For <dur> seconds, absorbs <mag> Stamina per second from targets in melee range.	每秒吸取近戰範圍目標 <mag> 點耐力，持續 <dur> 秒。	Mysticism 2.4.2 CHT exact FormKey seed
00000541	D5F470:MysticismMagic.esp	MGEF	MAG_AbsorbStaminaConcAimedCloak03	FULL	0	Absorb Stamina	吸取耐力	Mysticism 2.4.2 CHT exact FormKey seed
00000542	D5F470:MysticismMagic.esp	MGEF	MAG_AbsorbStaminaConcAimedCloak03	DNAM	0			Mysticism 2.4.2 CHT exact FormKey seed
00000543	D5F474:MysticismMagic.esp	MGEF	MAG_AbsorbHealthCloakFFSelfDummy01	FULL	0	Absorb Health	吸取生命	Mysticism 2.4.2 CHT exact FormKey seed
00000544	D5F474:MysticismMagic.esp	MGEF	MAG_AbsorbHealthCloakFFSelfDummy01	DNAM	0			Mysticism 2.4.2 CHT exact FormKey seed
00000545	D7DABF:MysticismMagic.esp	MGEF	MAG_SeekerRightHandEffect	FULL	0	Poison Damage	毒素傷害	Mysticism 2.4.2 CHT exact FormKey seed
00000546	D7DABF:MysticismMagic.esp	MGEF	MAG_SeekerRightHandEffect	DNAM	0			Mysticism 2.4.2 CHT exact FormKey seed
00000547	D91ECB:MysticismMagic.esp	MGEF	MAG_SoulTrapCloakFFSelfDummy01	FULL	0	Soul Harvest	靈魂收割	Mysticism 2.4.2 CHT exact FormKey seed
00000548	D91ECB:MysticismMagic.esp	MGEF	MAG_SoulTrapCloakFFSelfDummy01	DNAM	0	For <dur> seconds, if a nearby enemy dies, you trap their soul inside a soul gem.	在 <dur> 秒內，附近的目標死亡時，可為一塊靈魂石充能。	Mysticism 2.4.2 CHT exact FormKey seed
00000549	D91ECD:MysticismMagic.esp	MGEF	MAG_SoulTrapCloakFFSelfDummy02	FULL	0	Soul Harvest	靈魂收割	Mysticism 2.4.2 CHT exact FormKey seed
0000054A	D91ECD:MysticismMagic.esp	MGEF	MAG_SoulTrapCloakFFSelfDummy02	DNAM	0			Mysticism 2.4.2 CHT exact FormKey seed
0000054B	DB04CE:MysticismMagic.esp	MGEF	MAG_HealSummonConcSelfArea50	FULL	0	Restore Health	回復生命	Mysticism 2.4.2 CHT exact FormKey seed
0000054C	DB04CE:MysticismMagic.esp	MGEF	MAG_HealSummonConcSelfArea50	DNAM	0	Restores <mag> Health per second to nearby summoned creatures and reanimated zombies. 	每秒恢復附近的召喚生物及復活亡靈 <mag> 點生命。	Mysticism 2.4.2 CHT exact FormKey seed
0000054D	DB04CF:MysticismMagic.esp	MGEF	MAG_HealSummonConcSelfArea100	FULL	0	Restore Health	回復生命	Mysticism 2.4.2 CHT exact FormKey seed
0000054E	DB04CF:MysticismMagic.esp	MGEF	MAG_HealSummonConcSelfArea100	DNAM	0	Restores <mag> Health per second to nearby summoned creatures and reanimated zombies. 	每秒恢復附近的召喚生物及復活亡靈 <mag> 點生命。	Mysticism 2.4.2 CHT exact FormKey seed
0000054F	DB55D3:MysticismMagic.esp	MGEF	MAG_DamageConstructFFAimedArea100	FULL	0	Damage Construct	構裝體損壞術	Mysticism 2.4.2 CHT exact FormKey seed
00000550	DB55D3:MysticismMagic.esp	MGEF	MAG_DamageConstructFFAimedArea100	DNAM	0	Deals <mag> Magic damage per second for <dur> seconds to Dwarven automatons. 	每秒對矮人機械造成 <mag> 點魔法傷害，持續 <dur> 秒。	Mysticism 2.4.2 CHT exact FormKey seed
00000551	DC48D9:MysticismMagic.esp	MGEF	MAG_BoundShieldFFSelf	FULL	0	Bound Shield	盾牌塑形術	Mysticism 2.4.2 CHT exact FormKey seed
00000552	DC48D9:MysticismMagic.esp	MGEF	MAG_BoundShieldFFSelf	DNAM	0	Summons a Bound Shield for <dur> seconds.	召喚一個魔力塑形盾牌，持續 <dur> 秒。	Mysticism 2.4.2 CHT exact FormKey seed
00000553	DC48DB:MysticismMagic.esp	MGEF	MAG_BoundShieldFFSelfMystic	FULL	0	Bound Shield	盾牌塑形術	Mysticism 2.4.2 CHT exact FormKey seed
00000554	DC48DB:MysticismMagic.esp	MGEF	MAG_BoundShieldFFSelfMystic	DNAM	0			Mysticism 2.4.2 CHT exact FormKey seed
00000555	DC99E0:MysticismMagic.esp	MGEF	MAG_BoundGreatswordFFSelf	FULL	0	Bound Greatsword	巨劍塑形術	Mysticism 2.4.2 CHT exact FormKey seed
00000556	DC99E0:MysticismMagic.esp	MGEF	MAG_BoundGreatswordFFSelf	DNAM	0	Summons a Bound Greatsword for <dur> seconds.	召喚一把魔力塑形巨劍，持續 <dur> 秒。	Mysticism 2.4.2 CHT exact FormKey seed
00000557	DC99E5:MysticismMagic.esp	MGEF	MAG_EnchBoundGreatswordFX	FULL	0	Bound Greatsword	巨劍塑形術	Mysticism 2.4.2 CHT exact FormKey seed
00000558	DC99E5:MysticismMagic.esp	MGEF	MAG_EnchBoundGreatswordFX	DNAM	0			Mysticism 2.4.2 CHT exact FormKey seed
00000559	DD3BE8:MysticismMagic.esp	MGEF	MAG_EnchBoundWarAxeFX	FULL	0	Bound War Axe	魔力塑形戰斧	Mysticism 2.4.2 CHT exact FormKey seed
0000055A	DD3BE8:MysticismMagic.esp	MGEF	MAG_EnchBoundWarAxeFX	DNAM	0			Mysticism 2.4.2 CHT exact FormKey seed
0000055B	DD3BEC:MysticismMagic.esp	MGEF	MAG_BoundWarAxeFFSelf	FULL	0	Bound War Axe	戰斧塑形術	Mysticism 2.4.2 CHT exact FormKey seed
0000055C	DD3BEC:MysticismMagic.esp	MGEF	MAG_BoundWarAxeFFSelf	DNAM	0	Summons a Bound War Axe for <dur> seconds.	召喚一把魔力塑形戰斧，持續 <dur> 秒。	Mysticism 2.4.2 CHT exact FormKey seed
0000055D	DED0F2:MysticismMagic.esp	MGEF	MAG_EnchBoundWarhammerFX	FULL	0	Bound Warhammer FX	Bound Warhammer FX	Mysticism 2.4.2 CHT exact FormKey seed
0000055E	DED0F2:MysticismMagic.esp	MGEF	MAG_EnchBoundWarhammerFX	DNAM	0			Mysticism 2.4.2 CHT exact FormKey seed
0000055F	DED0F5:MysticismMagic.esp	MGEF	MAG_BoundWarhammerFFSelf	FULL	0	Bound Warhammer	魔力塑形戰錘	Mysticism 2.4.2 CHT exact FormKey seed
00000560	DED0F5:MysticismMagic.esp	MGEF	MAG_BoundWarhammerFFSelf	DNAM	0	Summons a Bound Warhammer for <dur> seconds.	召喚一把魔力塑形戰錘，持續 <dur> 秒。	Mysticism 2.4.2 CHT exact FormKey seed
00000561	DFC3FB:MysticismMagic.esp	MGEF	MAG_EnchBoundMaceFX	FULL	0	Bound Mace	塑形釘槌	Mysticism 2.4.2 CHT exact FormKey seed
00000562	DFC3FB:MysticismMagic.esp	MGEF	MAG_EnchBoundMaceFX	DNAM	0			Mysticism 2.4.2 CHT exact FormKey seed
00000563	E014FF:MysticismMagic.esp	MGEF	MAG_BoundMaceFFSelf	FULL	0	Bound Mace	塑形釘槌	Mysticism 2.4.2 CHT exact FormKey seed
00000564	E014FF:MysticismMagic.esp	MGEF	MAG_BoundMaceFFSelf	DNAM	0	Summons a Bound Mace for <dur> seconds.	召喚一把魔力塑形釘錘，持續 <dur> 秒。	Mysticism 2.4.2 CHT exact FormKey seed
00000565	E1590E:MysticismMagic.esp	MGEF	MAG_BoundWarAxeFFSelfMystic	FULL	0	Bound War Axe	戰斧塑形術	Mysticism 2.4.2 CHT exact FormKey seed
00000566	E1590E:MysticismMagic.esp	MGEF	MAG_BoundWarAxeFFSelfMystic	DNAM	0			Mysticism 2.4.2 CHT exact FormKey seed
00000567	E1590F:MysticismMagic.esp	MGEF	MAG_BoundMaceFFSelfMystic	FULL	0	Bound Mace	塑形釘槌	Mysticism 2.4.2 CHT exact FormKey seed
00000568	E1590F:MysticismMagic.esp	MGEF	MAG_BoundMaceFFSelfMystic	DNAM	0			Mysticism 2.4.2 CHT exact FormKey seed
00000569	E15910:MysticismMagic.esp	MGEF	MAG_BoundGreatswordFFSelfMystic	FULL	0	Bound Greatsword	巨劍塑形術	Mysticism 2.4.2 CHT exact FormKey seed
0000056A	E15910:MysticismMagic.esp	MGEF	MAG_BoundGreatswordFFSelfMystic	DNAM	0			Mysticism 2.4.2 CHT exact FormKey seed
0000056B	E15911:MysticismMagic.esp	MGEF	MAG_BoundWarhammerFFSelfMystic	FULL	0	Bound Warhammer	魔力塑形戰錘	Mysticism 2.4.2 CHT exact FormKey seed
0000056C	E15911:MysticismMagic.esp	MGEF	MAG_BoundWarhammerFFSelfMystic	DNAM	0			Mysticism 2.4.2 CHT exact FormKey seed
0000056D	E15912:MysticismMagic.esp	MGEF	MAG_BoundShieldFFSelfDummy	FULL	0	Bound Shield	盾牌塑形術	Mysticism 2.4.2 CHT exact FormKey seed
0000056E	E15912:MysticismMagic.esp	MGEF	MAG_BoundShieldFFSelfDummy	DNAM	0			Mysticism 2.4.2 CHT exact FormKey seed
0000056F	E2EEAA:MysticismMagic.esp	MGEF	MAG_FamiliarVisualsEffect	FULL	0	Familiar Visuals	Familiar Visuals	Mysticism 2.4.2 CHT exact FormKey seed
00000570	E2EEAA:MysticismMagic.esp	MGEF	MAG_FamiliarVisualsEffect	DNAM	0			Mysticism 2.4.2 CHT exact FormKey seed
00000571	E3E1B0:MysticismMagic.esp	MGEF	MAG_SummonBodyBlueHolder	FULL	0	Summon Body Blue	Summon Body Blue	Mysticism 2.4.2 CHT exact FormKey seed
00000572	E3E1B0:MysticismMagic.esp	MGEF	MAG_SummonBodyBlueHolder	DNAM	0			Mysticism 2.4.2 CHT exact FormKey seed
00000573	E432B4:MysticismMagic.esp	MGEF	MAG_BanishDaedraFFActor50	FULL	0	Banish	遣返湮滅	Mysticism 2.4.2 CHT exact FormKey seed
00000574	E432B4:MysticismMagic.esp	MGEF	MAG_BanishDaedraFFActor50	DNAM	0	Daedra up to level <mag> are sent back to Oblivion.	最高 <mag> 級的魔族遣回湮滅位面。	Mysticism 2.4.2 CHT exact FormKey seed
00000575	E432B5:MysticismMagic.esp	MGEF	MAG_BanishDaedraFFActor100Dummy	FULL	0	Banish	遣返湮滅	Mysticism 2.4.2 CHT exact FormKey seed
00000576	E432B5:MysticismMagic.esp	MGEF	MAG_BanishDaedraFFActor100Dummy	DNAM	0			Mysticism 2.4.2 CHT exact FormKey seed
00000577	E7ADBC:MysticismMagic.esp	MGEF	MAG_SummonAshGuardian	FULL	0	Conjure Ash Guardian	凝灰岩衛召喚術	Mysticism 2.4.2 CHT exact FormKey seed
00000578	E7ADBC:MysticismMagic.esp	MGEF	MAG_SummonAshGuardian	DNAM	0	Summons an Ash Guardian for <dur> seconds. Requires a Heart Stone.	召喚一名凝灰岩衛，持續 <dur> 秒。需要一個炙心核。	Mysticism 2.4.2 CHT exact FormKey seed
00000579	E7FEC4:MysticismMagic.esp	MGEF	MAG_SummonDeathHound	FULL	0	Conjure Death Hound	殭犬召喚術	Mysticism 2.4.2 CHT exact FormKey seed
0000057A	E7FEC4:MysticismMagic.esp	MGEF	MAG_SummonDeathHound	DNAM	0	Summons a Death Hound for <dur> seconds.	召喚一頭殭犬，持續 <dur> 秒。	Mysticism 2.4.2 CHT exact FormKey seed
0000057B	E7FEC9:MysticismMagic.esp	MGEF	MAG_SummonVolkiharHound	FULL	0	Conjure Volkihar Hound	沃奇哈獵犬召喚術	Mysticism 2.4.2 CHT exact FormKey seed
0000057C	E7FEC9:MysticismMagic.esp	MGEF	MAG_SummonVolkiharHound	DNAM	0	Summons a Volkihar Hound for <dur> seconds.	召喚一頭沃奇哈獵犬，持續 <dur> 秒。	Mysticism 2.4.2 CHT exact FormKey seed
0000057D	E7FECF:MysticismMagic.esp	MGEF	MAG_SummonGargoyle	FULL	0	Conjure Gargoyle	召喚石像鬼	Mysticism 2.4.2 CHT exact FormKey seed
0000057E	E7FECF:MysticismMagic.esp	MGEF	MAG_SummonGargoyle	DNAM	0	Summons a Gargoyle for <dur> seconds.	召喚一具石像鬼，約 <dur> 秒。	Mysticism 2.4.2 CHT exact FormKey seed
0000057F	E7FED4:MysticismMagic.esp	MGEF	MAG_SummonGargoyleBrute	FULL	0	Conjure Gargoyle	召喚石像鬼	Mysticism 2.4.2 CHT exact FormKey seed
00000580	E7FED4:MysticismMagic.esp	MGEF	MAG_SummonGargoyleBrute	DNAM	0	Summons a Gargoyle Brute for <dur> seconds.	召喚一具石像鬼擬態者，約 <dur> 秒。	Mysticism 2.4.2 CHT exact FormKey seed
00000581	ECBDF7:MysticismMagic.esp	MGEF	MAG_ShalidorsBeaconFFSelf02	FULL	0	Teleporation	傳送	Mysticism 2.4.2 CHT exact FormKey seed
00000582	ECBDF7:MysticismMagic.esp	MGEF	MAG_ShalidorsBeaconFFSelf02	DNAM	0			Mysticism 2.4.2 CHT exact FormKey seed
00000583	F08A1D:MysticismMagic.esp	MGEF	MAG_CircleofWisdomFFSelf50DualCast	FULL	0	Fortify Magicka Regeneration	強化法力再生	Mysticism 2.4.2 CHT exact FormKey seed
00000584	F08A1D:MysticismMagic.esp	MGEF	MAG_CircleofWisdomFFSelf50DualCast	DNAM	0			Mysticism 2.4.2 CHT exact FormKey seed
00000585	F08A1F:MysticismMagic.esp	MGEF	MAG_CircleofWisdomFFSelf50PerkDualCast	FULL	0	Fortify Magicka Regeneration	強化法力再生	Mysticism 2.4.2 CHT exact FormKey seed
00000586	F08A1F:MysticismMagic.esp	MGEF	MAG_CircleofWisdomFFSelf50PerkDualCast	DNAM	0			Mysticism 2.4.2 CHT exact FormKey seed
00000587	F08A20:MysticismMagic.esp	MGEF	MAG_CircleofWisdomFFSelf50Dummy	FULL	0	Fortify Magicka Regeneration	強化法力再生	Mysticism 2.4.2 CHT exact FormKey seed
00000588	F08A20:MysticismMagic.esp	MGEF	MAG_CircleofWisdomFFSelf50Dummy	DNAM	0	Creates a circle on the ground that lasts for <dur> seconds. Standing inside the circle restores <10> Magicka per second.	在地面上創建一個領域，持續 <dur> 秒。站在領域內每秒恢復 <10> 點法力。	Mysticism 2.5.0 custom; Skyrim 8.20 terminology
00000589	F08A28:MysticismMagic.esp	MGEF	MAG_CircleDispelSingleCastEffect	FULL	0	Circle Dispel Single Cast	Circle Dispel Single Cast	Mysticism 2.4.2 CHT exact FormKey seed
0000058A	F08A28:MysticismMagic.esp	MGEF	MAG_CircleDispelSingleCastEffect	DNAM	0			Mysticism 2.4.2 CHT exact FormKey seed
0000058B	F08A2A:MysticismMagic.esp	MGEF	MAG_CircleDispelDualCastEffect	FULL	0	Circle Dispel Dual Cast	Circle Dispel Dual Cast	Mysticism 2.4.2 CHT exact FormKey seed
0000058C	F08A2A:MysticismMagic.esp	MGEF	MAG_CircleDispelDualCastEffect	DNAM	0			Mysticism 2.4.2 CHT exact FormKey seed
0000058D	F08A2E:MysticismMagic.esp	MGEF	MAG_CircleofWisdomFFSelf50XP01	FULL	0	Fortify Magicka Regeneration	強化法力再生	Mysticism 2.4.2 CHT exact FormKey seed
0000058E	F08A2E:MysticismMagic.esp	MGEF	MAG_CircleofWisdomFFSelf50XP01	DNAM	0			Mysticism 2.4.2 CHT exact FormKey seed
0000058F	F08A31:MysticismMagic.esp	MGEF	MAG_CircleofWisdomFFSelf50Dummy01	FULL	0	Fortify Magicka Regeneration	強化法力再生	Mysticism 2.4.2 CHT exact FormKey seed
00000590	F08A31:MysticismMagic.esp	MGEF	MAG_CircleofWisdomFFSelf50Dummy01	DNAM	0			Mysticism 2.4.2 CHT exact FormKey seed
00000591	F12C33:MysticismMagic.esp	MGEF	MAG_CircleofWisdomFFSelf50Dummy02	FULL	0	Fortify Magicka Regeneration	強化法力再生	Mysticism 2.4.2 CHT exact FormKey seed
00000592	F12C33:MysticismMagic.esp	MGEF	MAG_CircleofWisdomFFSelf50Dummy02	DNAM	0			Mysticism 2.4.2 CHT exact FormKey seed
00000593	F12C34:MysticismMagic.esp	MGEF	MAG_CircleofWisdomFFSelf50Dummy03	FULL	0	Fortify Magicka Regeneration	強化法力再生	Mysticism 2.4.2 CHT exact FormKey seed
00000594	F12C34:MysticismMagic.esp	MGEF	MAG_CircleofWisdomFFSelf50Dummy03	DNAM	0			Mysticism 2.4.2 CHT exact FormKey seed
00000595	F21F3A:MysticismMagic.esp	MGEF	MAG_CircleofStrengthFFContact50	FULL	0	Restore Stamina	恢復耐力	Mysticism 2.5.0 custom; Skyrim 8.20 terminology
00000596	F21F3A:MysticismMagic.esp	MGEF	MAG_CircleofStrengthFFContact50	DNAM	0			Mysticism 2.4.2 CHT exact FormKey seed
00000597	F21F42:MysticismMagic.esp	MGEF	MAG_CircleofStrengthFFSelf50	FULL	0	Fortify Stamina Regeneration	強化耐力再生	Mysticism 2.4.2 CHT exact FormKey seed
00000598	F21F42:MysticismMagic.esp	MGEF	MAG_CircleofStrengthFFSelf50	DNAM	0			Mysticism 2.4.2 CHT exact FormKey seed
00000599	F21F43:MysticismMagic.esp	MGEF	MAG_CircleofStrengthFFSelf50DualCast	FULL	0	Fortify Stamina Regeneration	強化耐力再生	Mysticism 2.4.2 CHT exact FormKey seed
0000059A	F21F43:MysticismMagic.esp	MGEF	MAG_CircleofStrengthFFSelf50DualCast	DNAM	0			Mysticism 2.4.2 CHT exact FormKey seed
0000059B	F21F44:MysticismMagic.esp	MGEF	MAG_CircleofStrengthFFSelf50PerkDualCast	FULL	0	Fortify Stamina Regeneration	強化耐力再生	Mysticism 2.4.2 CHT exact FormKey seed
0000059C	F21F44:MysticismMagic.esp	MGEF	MAG_CircleofStrengthFFSelf50PerkDualCast	DNAM	0			Mysticism 2.4.2 CHT exact FormKey seed
0000059D	24C228:MysticismMagic.esp	MGEF	MAG_AshParalysisSpellEffect03	FULL	0	Ash Form	燼封術	Mysticism 2.4.2 CHT exact phrase seed
0000059E	24C228:MysticismMagic.esp	MGEF	MAG_AshParalysisSpellEffect03	DNAM	0	Encases enemies in ash for <dur> seconds. Attacking an encased enemy will end this spell.	用灰燼封住敵人，持續 <dur> 秒。目標受到攻擊時便會解除法術效果。	Mysticism 2.4.2 CHT exact phrase seed
0000059F	F36367:MysticismMagic.esp	MGEF	MAG_CircleofWisdomFFSelf100Dummy01	FULL	0	Fortify Magicka Regeneration	強化法力再生	Mysticism 2.4.2 CHT exact FormKey seed
000005A0	F36367:MysticismMagic.esp	MGEF	MAG_CircleofWisdomFFSelf100Dummy01	DNAM	0			Mysticism 2.4.2 CHT exact FormKey seed
000005A1	F36368:MysticismMagic.esp	MGEF	MAG_CircleofWisdomFFSelf100Dummy02	FULL	0	Fortify Magicka Regeneration	強化法力再生	Mysticism 2.4.2 CHT exact FormKey seed
000005A2	F36368:MysticismMagic.esp	MGEF	MAG_CircleofWisdomFFSelf100Dummy02	DNAM	0			Mysticism 2.4.2 CHT exact FormKey seed
000005A3	F36369:MysticismMagic.esp	MGEF	MAG_CircleofWisdomFFSelf100Dummy03	FULL	0	Fortify Magicka Regeneration	強化法力再生	Mysticism 2.4.2 CHT exact FormKey seed
000005A4	F36369:MysticismMagic.esp	MGEF	MAG_CircleofWisdomFFSelf100Dummy03	DNAM	0			Mysticism 2.4.2 CHT exact FormKey seed
000005A5	F3636A:MysticismMagic.esp	MGEF	MAG_CircleofWisdomFFSelf100XP01	FULL	0	Fortify Magicka Regeneration	強化法力再生	Mysticism 2.4.2 CHT exact FormKey seed
000005A6	F3636A:MysticismMagic.esp	MGEF	MAG_CircleofWisdomFFSelf100XP01	DNAM	0			Mysticism 2.4.2 CHT exact FormKey seed
000005A7	F3636E:MysticismMagic.esp	MGEF	MAG_CircleofLifeFFContact50	FULL	0	Restore Health	回復生命	Mysticism 2.4.2 CHT exact FormKey seed
000005A8	F3636E:MysticismMagic.esp	MGEF	MAG_CircleofLifeFFContact50	DNAM	0			Mysticism 2.4.2 CHT exact FormKey seed
000005A9	F36372:MysticismMagic.esp	MGEF	MAG_CircleofLifeFFSelf50	FULL	0	Restore Health	回復生命	Mysticism 2.4.2 CHT exact FormKey seed
000005AA	F36372:MysticismMagic.esp	MGEF	MAG_CircleofLifeFFSelf50	DNAM	0			Mysticism 2.4.2 CHT exact FormKey seed
000005AB	F36376:MysticismMagic.esp	MGEF	MAG_CircleofLifeFFSelf50DualCast	FULL	0	Restore Health	回復生命	Mysticism 2.4.2 CHT exact FormKey seed
000005AC	F36376:MysticismMagic.esp	MGEF	MAG_CircleofLifeFFSelf50DualCast	DNAM	0			Mysticism 2.4.2 CHT exact FormKey seed
000005AD	F36377:MysticismMagic.esp	MGEF	MAG_CircleofLifeFFSelf50PerkDualCast	FULL	0	Restore Health	回復生命	Mysticism 2.4.2 CHT exact FormKey seed
000005AE	F36377:MysticismMagic.esp	MGEF	MAG_CircleofLifeFFSelf50PerkDualCast	DNAM	0			Mysticism 2.4.2 CHT exact FormKey seed
000005AF	F36378:MysticismMagic.esp	MGEF	MAG_CircleofLifeFFSelf50Dummy	FULL	0	Restore Health	回復生命	Mysticism 2.4.2 CHT exact FormKey seed
000005B0	F36378:MysticismMagic.esp	MGEF	MAG_CircleofLifeFFSelf50Dummy	DNAM	0	Creates a circle on the ground that lasts for <dur> seconds. Restores <mag> Health per second inside the circle.	在地面上創建一個領域，持續 <dur> 秒。在領域時每秒恢復 <mag> 點生命。	Mysticism 2.4.2 CHT exact FormKey seed
000005B1	F3637A:MysticismMagic.esp	MGEF	MAG_CircleofLifeFFSelf50Dummy01	FULL	0	Restore Health	回復生命	Mysticism 2.4.2 CHT exact FormKey seed
000005B2	F3637A:MysticismMagic.esp	MGEF	MAG_CircleofLifeFFSelf50Dummy01	DNAM	0			Mysticism 2.4.2 CHT exact FormKey seed
000005B3	F3637B:MysticismMagic.esp	MGEF	MAG_CircleofLifeFFSelf50Dummy02	FULL	0	Restore Health	回復生命	Mysticism 2.4.2 CHT exact FormKey seed
000005B4	F3637B:MysticismMagic.esp	MGEF	MAG_CircleofLifeFFSelf50Dummy02	DNAM	0			Mysticism 2.4.2 CHT exact FormKey seed
000005B5	F3637C:MysticismMagic.esp	MGEF	MAG_CircleofLifeFFSelf50Dummy03	FULL	0	Restore Health	回復生命	Mysticism 2.4.2 CHT exact FormKey seed
000005B6	F3637C:MysticismMagic.esp	MGEF	MAG_CircleofLifeFFSelf50Dummy03	DNAM	0			Mysticism 2.4.2 CHT exact FormKey seed
000005B7	F3637D:MysticismMagic.esp	MGEF	MAG_CircleofLifeFFSelf50XP01	FULL	0	Restore Health	回復生命	Mysticism 2.4.2 CHT exact FormKey seed
000005B8	F3637D:MysticismMagic.esp	MGEF	MAG_CircleofLifeFFSelf50XP01	DNAM	0			Mysticism 2.4.2 CHT exact FormKey seed
000005B9	F3B482:MysticismMagic.esp	MGEF	MAG_CircleofLifeFFContact100	FULL	0	Restore Health	回復生命	Mysticism 2.4.2 CHT exact FormKey seed
000005BA	F3B482:MysticismMagic.esp	MGEF	MAG_CircleofLifeFFContact100	DNAM	0			Mysticism 2.4.2 CHT exact FormKey seed
000005BB	F3B486:MysticismMagic.esp	MGEF	MAG_CircleofLifeFFSelf100	FULL	0	Restore Health	回復生命	Mysticism 2.4.2 CHT exact FormKey seed
000005BC	F3B486:MysticismMagic.esp	MGEF	MAG_CircleofLifeFFSelf100	DNAM	0			Mysticism 2.4.2 CHT exact FormKey seed
000005BD	F3B487:MysticismMagic.esp	MGEF	MAG_CircleofLifeFFSelf100DualCast	FULL	0	Restore Health	回復生命	Mysticism 2.4.2 CHT exact FormKey seed
000005BE	F3B487:MysticismMagic.esp	MGEF	MAG_CircleofLifeFFSelf100DualCast	DNAM	0			Mysticism 2.4.2 CHT exact FormKey seed
000005BF	F3B488:MysticismMagic.esp	MGEF	MAG_CircleofLifeFFSelf100PerkDualCast	FULL	0	Restore Health	回復生命	Mysticism 2.4.2 CHT exact FormKey seed
000005C0	F3B488:MysticismMagic.esp	MGEF	MAG_CircleofLifeFFSelf100PerkDualCast	DNAM	0			Mysticism 2.4.2 CHT exact FormKey seed
000005C1	F3B489:MysticismMagic.esp	MGEF	MAG_CircleofLifeFFSelf100Dummy	FULL	0	Restore Health	回復生命	Mysticism 2.4.2 CHT exact FormKey seed
000005C2	F3B489:MysticismMagic.esp	MGEF	MAG_CircleofLifeFFSelf100Dummy	DNAM	0	Creates a circle on the ground that lasts for <dur> seconds. Restores <mag> Health per second inside the circle.	在地面上創建一個領域，持續 <dur> 秒。在領域時每秒恢復 <mag> 點生命。	Mysticism 2.4.2 CHT exact FormKey seed
000005C3	F3B48A:MysticismMagic.esp	MGEF	MAG_CircleofLifeFFSelf100Dummy01	FULL	0	Restore Health	回復生命	Mysticism 2.4.2 CHT exact FormKey seed
000005C4	F3B48A:MysticismMagic.esp	MGEF	MAG_CircleofLifeFFSelf100Dummy01	DNAM	0			Mysticism 2.4.2 CHT exact FormKey seed
000005C5	F3B48B:MysticismMagic.esp	MGEF	MAG_CircleofLifeFFSelf100Dummy02	FULL	0	Restore Health	回復生命	Mysticism 2.4.2 CHT exact FormKey seed
000005C6	F3B48B:MysticismMagic.esp	MGEF	MAG_CircleofLifeFFSelf100Dummy02	DNAM	0			Mysticism 2.4.2 CHT exact FormKey seed
000005C7	F3B48C:MysticismMagic.esp	MGEF	MAG_CircleofLifeFFSelf100Dummy03	FULL	0	Restore Health	回復生命	Mysticism 2.4.2 CHT exact FormKey seed
000005C8	F3B48C:MysticismMagic.esp	MGEF	MAG_CircleofLifeFFSelf100Dummy03	DNAM	0			Mysticism 2.4.2 CHT exact FormKey seed
000005C9	F3B490:MysticismMagic.esp	MGEF	MAG_CircleofLifeFFSelf100XP01	FULL	0	Restore Health	回復生命	Mysticism 2.4.2 CHT exact FormKey seed
000005CA	F3B490:MysticismMagic.esp	MGEF	MAG_CircleofLifeFFSelf100XP01	DNAM	0			Mysticism 2.4.2 CHT exact FormKey seed
000005CB	F3B493:MysticismMagic.esp	MGEF	MAG_CircleofLifeFFSelf100Dummy04	FULL	0	Restore Health	回復生命	Mysticism 2.4.2 CHT exact FormKey seed
000005CC	F3B493:MysticismMagic.esp	MGEF	MAG_CircleofLifeFFSelf100Dummy04	DNAM	0			Mysticism 2.4.2 CHT exact FormKey seed
000005CD	F3B496:MysticismMagic.esp	MGEF	MAG_CircleofLifeFFSelf100Dummy05	FULL	0	Restore Health	回復生命	Mysticism 2.4.2 CHT exact FormKey seed
000005CE	F3B496:MysticismMagic.esp	MGEF	MAG_CircleofLifeFFSelf100Dummy05	DNAM	0			Mysticism 2.4.2 CHT exact FormKey seed
000005CF	F3B497:MysticismMagic.esp	MGEF	MAG_CircleofLifeFFSelf50Dummy04	FULL	0	Restore Health	回復生命	Mysticism 2.4.2 CHT exact FormKey seed
000005D0	F3B497:MysticismMagic.esp	MGEF	MAG_CircleofLifeFFSelf50Dummy04	DNAM	0			Mysticism 2.4.2 CHT exact FormKey seed
000005D1	F3B498:MysticismMagic.esp	MGEF	MAG_CircleofLifeFFSelf50Dummy05	FULL	0	Restore Health	回復生命	Mysticism 2.4.2 CHT exact FormKey seed
000005D2	F3B498:MysticismMagic.esp	MGEF	MAG_CircleofLifeFFSelf50Dummy05	DNAM	0			Mysticism 2.4.2 CHT exact FormKey seed
000005D3	F3B499:MysticismMagic.esp	MGEF	MAG_CircleofWisdomFFSelf100Dummy04	FULL	0	Fortify Magicka Regeneration	強化法力再生	Mysticism 2.4.2 CHT exact FormKey seed
000005D4	F3B499:MysticismMagic.esp	MGEF	MAG_CircleofWisdomFFSelf100Dummy04	DNAM	0			Mysticism 2.4.2 CHT exact FormKey seed
000005D5	F3B49A:MysticismMagic.esp	MGEF	MAG_CircleofWisdomFFSelf50Dummy04	FULL	0	Fortify Magicka Regeneration	強化法力再生	Mysticism 2.4.2 CHT exact FormKey seed
000005D6	F3B49A:MysticismMagic.esp	MGEF	MAG_CircleofWisdomFFSelf50Dummy04	DNAM	0			Mysticism 2.4.2 CHT exact FormKey seed
000005D7	F3B49B:MysticismMagic.esp	MGEF	MAG_CircleofStrengthFFSelf100Dummy04	FULL	0	Fortify Stamina Regeneration	強化耐力再生	Mysticism 2.4.2 CHT exact FormKey seed
000005D8	F3B49B:MysticismMagic.esp	MGEF	MAG_CircleofStrengthFFSelf100Dummy04	DNAM	0			Mysticism 2.4.2 CHT exact FormKey seed
000005D9	F3B49C:MysticismMagic.esp	MGEF	MAG_CircleofStrengthFFSelf50Dummy04	FULL	0	Fortify Stamina Regeneration	強化耐力再生	Mysticism 2.4.2 CHT exact FormKey seed
000005DA	F3B49C:MysticismMagic.esp	MGEF	MAG_CircleofStrengthFFSelf50Dummy04	DNAM	0			Mysticism 2.4.2 CHT exact FormKey seed
000005DB	F4F8B8:MysticismMagic.esp	MGEF	MAG_StaffEnchFFAimed	FULL	0	Staff Enchantment	法杖附魔	Mysticism 2.4.2 CHT exact FormKey seed
000005DC	F4F8B8:MysticismMagic.esp	MGEF	MAG_StaffEnchFFAimed	DNAM	0			Mysticism 2.4.2 CHT exact FormKey seed
000005DD	F4F8B9:MysticismMagic.esp	MGEF	MAG_StaffEnchFFLocation	FULL	0	Staff Enchantment	法杖附魔	Mysticism 2.4.2 CHT exact FormKey seed
000005DE	F4F8B9:MysticismMagic.esp	MGEF	MAG_StaffEnchFFLocation	DNAM	0			Mysticism 2.4.2 CHT exact FormKey seed
000005DF	F4F8BA:MysticismMagic.esp	MGEF	MAG_StaffEnchFFActor	FULL	0	Staff Enchantment	法杖附魔	Mysticism 2.4.2 CHT exact FormKey seed
000005E0	F4F8BA:MysticismMagic.esp	MGEF	MAG_StaffEnchFFActor	DNAM	0			Mysticism 2.4.2 CHT exact FormKey seed
000005E1	F4F8BD:MysticismMagic.esp	MGEF	MAG_StaffEnchConcAimed	FULL	0	Staff Enchantment	法杖附魔	Mysticism 2.4.2 CHT exact FormKey seed
000005E2	F4F8BD:MysticismMagic.esp	MGEF	MAG_StaffEnchConcAimed	DNAM	0			Mysticism 2.4.2 CHT exact FormKey seed
000005E3	F4F8C3:MysticismMagic.esp	MGEF	MAG_ControllerGeneralEffect	FULL	0	General Controller Effect	General Controller Effect	Mysticism 2.4.2 CHT exact FormKey seed
000005E4	F4F8C3:MysticismMagic.esp	MGEF	MAG_ControllerGeneralEffect	DNAM	0			Mysticism 2.4.2 CHT exact FormKey seed
000005E5	F549C5:MysticismMagic.esp	MGEF	MAG_StaffEnchFFLocationRune	FULL	0	Staff Enchantment	法杖附魔	Mysticism 2.4.2 CHT exact FormKey seed
000005E6	F549C5:MysticismMagic.esp	MGEF	MAG_StaffEnchFFLocationRune	DNAM	0			Mysticism 2.4.2 CHT exact FormKey seed
000005E7	F549C6:MysticismMagic.esp	MGEF	MAG_StaffEnchConcActor	FULL	0	Staff Enchantment	法杖附魔	Mysticism 2.4.2 CHT exact FormKey seed
000005E8	F549C6:MysticismMagic.esp	MGEF	MAG_StaffEnchConcActor	DNAM	0			Mysticism 2.4.2 CHT exact FormKey seed
000005E9	F59AC8:MysticismMagic.esp	MGEF	MAG_StaffEnchConcAimedAlt	FULL	0	Staff Enchantment	法杖附魔	Mysticism 2.4.2 CHT exact FormKey seed
000005EA	F59AC8:MysticismMagic.esp	MGEF	MAG_StaffEnchConcAimedAlt	DNAM	0			Mysticism 2.4.2 CHT exact FormKey seed
000005EB	F8C5DB:MysticismMagic.esp	MGEF	MAG_FrostSlowFFContact01	FULL	0	Slow	緩速	Mysticism 2.4.2 CHT exact FormKey seed
000005EC	F8C5DB:MysticismMagic.esp	MGEF	MAG_FrostSlowFFContact01	DNAM	0			Mysticism 2.4.2 CHT exact FormKey seed
000005ED	FB4DDD:MysticismMagic.esp	MGEF	MAG_SunDamageConcAimedCloak01	FULL	0	Sun Damage	日光傷害	Mysticism 2.4.2 CHT exact FormKey seed
000005EE	FB4DDD:MysticismMagic.esp	MGEF	MAG_SunDamageConcAimedCloak01	DNAM	0			Mysticism 2.4.2 CHT exact FormKey seed
000005EF	FC40DE:MysticismMagic.esp	MGEF	MAG_CommandDaedraFFActor01	FULL	0	Command	支配	Mysticism 2.4.2 CHT exact FormKey seed
000005F0	FC40DE:MysticismMagic.esp	MGEF	MAG_CommandDaedraFFActor01	DNAM	0			Mysticism 2.4.2 CHT exact FormKey seed
000005F1	FF19DF:MysticismMagic.esp	MGEF	MAG_DamageHealthConcSelf100	FULL	0	Damage Health	減損生命	Mysticism 2.4.2 CHT exact FormKey seed
000005F2	FF19DF:MysticismMagic.esp	MGEF	MAG_DamageHealthConcSelf100	DNAM	0			Mysticism 2.4.2 CHT exact FormKey seed
000005F3	23CF1D:MysticismMagic.esp	MGEF	MAG_AshParalysisSpellEffect01	FULL	0	Ash Form	燼封術	Mysticism 2.4.2 CHT exact phrase seed
000005F4	23CF1D:MysticismMagic.esp	MGEF	MAG_AshParalysisSpellEffect01	DNAM	0	Encases enemies in ash for <dur> seconds. Attacking an encased enemy will end this spell.	用灰燼封住敵人，持續 <dur> 秒。目標受到攻擊時便會解除法術效果。	Mysticism 2.4.2 CHT exact phrase seed
000005F5	23CF16:MysticismMagic.esp	MGEF	MAG_CourageFFSelfXP00	FULL	0	Courage	勇氣	Mysticism 2.5.0 custom; Skyrim 8.20 terminology
000005F6	23CF16:MysticismMagic.esp	MGEF	MAG_CourageFFSelfXP00	DNAM	0			Mysticism 2.4.2 CHT exact phrase seed
000005F7	23CF17:MysticismMagic.esp	MGEF	MAG_CourageFFSelfXP50	FULL	0	Courage	勇氣	Mysticism 2.5.0 custom; Skyrim 8.20 terminology
000005F8	23CF17:MysticismMagic.esp	MGEF	MAG_CourageFFSelfXP50	DNAM	0			Mysticism 2.4.2 CHT exact phrase seed
000005F9	23CF18:MysticismMagic.esp	MGEF	MAG_CourageFFSelfXP100	FULL	0	Courage	勇氣	Mysticism 2.5.0 custom; Skyrim 8.20 terminology
000005FA	23CF18:MysticismMagic.esp	MGEF	MAG_CourageFFSelfXP100	DNAM	0			Mysticism 2.4.2 CHT exact phrase seed
000005FB	23CF19:MysticismMagic.esp	MGEF	MAG_PerkMasterMindCourageFFSelfXP00	FULL	0	Master of the Mind	心靈掌控大師	Mysticism 2.4.2 CHT exact phrase seed
000005FC	23CF19:MysticismMagic.esp	MGEF	MAG_PerkMasterMindCourageFFSelfXP00	DNAM	0			Mysticism 2.4.2 CHT exact phrase seed
000005FD	23CF1A:MysticismMagic.esp	MGEF	MAG_PerkMasterMindCourageFFSelfXP50	FULL	0	Master of the Mind	心靈掌控大師	Mysticism 2.4.2 CHT exact phrase seed
000005FE	23CF1A:MysticismMagic.esp	MGEF	MAG_PerkMasterMindCourageFFSelfXP50	DNAM	0			Mysticism 2.4.2 CHT exact phrase seed
000005FF	23CF1B:MysticismMagic.esp	MGEF	MAG_PerkMasterMindCourageFFSelfXP100	FULL	0	Master of the Mind	心靈掌控大師	Mysticism 2.4.2 CHT exact phrase seed
00000600	23CF1B:MysticismMagic.esp	MGEF	MAG_PerkMasterMindCourageFFSelfXP100	DNAM	0			Mysticism 2.4.2 CHT exact phrase seed
00000601	24C226:MysticismMagic.esp	MGEF	MAG_AshParalysisSpellEffect02	FULL	0	Ash Form	燼封術	Mysticism 2.4.2 CHT exact phrase seed
00000602	24C226:MysticismMagic.esp	MGEF	MAG_AshParalysisSpellEffect02	DNAM	0	Encases enemies in ash for <dur> seconds. Attacking an encased enemy will end this spell.	用灰燼封住敵人，持續 <dur> 秒。目標受到攻擊時便會解除法術效果。	Mysticism 2.4.2 CHT exact phrase seed
00000603	029B4A:Skyrim.esm	ENCH	MAG_ParalyzeStaffEnch	FULL	0	Paralyze	麻痺術	Mysticism 2.4.2 CHT exact FormKey seed
00000604	029B4F:Skyrim.esm	ENCH	MAG_BanishDaedraStaffEnch	FULL	0	Banish Daedra	魔族遣返術	Mysticism 2.4.2 CHT exact FormKey seed
00000605	029B52:Skyrim.esm	ENCH	MAG_ConjureFrostAtronachStaffEnch	FULL	0	Conjure Frost Atronach	寒霜屬靈召喚術	Mysticism 2.4.2 CHT exact FormKey seed
00000606	029B53:Skyrim.esm	ENCH	MAG_RevenantStaffEnch	FULL	0	Revenant	屍儡驅使術	Mysticism 2.4.2 CHT exact FormKey seed
00000607	029B54:Skyrim.esm	ENCH	MAG_ConjureDremoraWarlockStaffEnch	FULL	0	Conjure Dremora Warlock	魔人術士召喚術	Mysticism 2.4.2 CHT exact FormKey seed
00000608	029B56:Skyrim.esm	ENCH	MAG_DreadZombieStaffEnch	FULL	0	Dread Zombie	屍儡差遣術	Mysticism 2.4.2 CHT exact FormKey seed
00000609	029B57:Skyrim.esm	ENCH	MAG_ConjureStormAtronachStaffEnch	FULL	0	Conjure Storm Atronach	風暴屬靈召喚術	Mysticism 2.4.2 CHT exact FormKey seed
0000060A	029B58:Skyrim.esm	ENCH	MAG_ExpelDaedraStaffEnch	FULL	0	Expel Daedra	魔族逐返術	Mysticism 2.4.2 CHT exact FormKey seed
0000060B	029B59:Skyrim.esm	ENCH	MAG_FireballStaffEnch	FULL	0	Fireball	火球術	Mysticism 2.4.2 CHT exact FormKey seed
0000060C	029B5A:Skyrim.esm	ENCH	MAG_IceStormStaffEnch	FULL	0	Ice Storm	冰霜氣團術	Mysticism 2.4.2 CHT exact FormKey seed
0000060D	029B5B:Skyrim.esm	ENCH	MAG_FrostbiteStaffEnch	FULL	0	Frostbite	冰寒術	Mysticism 2.4.2 CHT exact FormKey seed
0000060E	029B5C:Skyrim.esm	ENCH	MAG_ChainLightningStaffEnch	FULL	0	Chain Lightning	閃電連鎖術	Mysticism 2.4.2 CHT exact FormKey seed
0000060F	029B5D:Skyrim.esm	ENCH	MAG_WallOfFlamesStaffEnch	FULL	0	Wall Of Flames	烈焰障壁術	Mysticism 2.4.2 CHT exact FormKey seed
00000610	029B5E:Skyrim.esm	ENCH	MAG_WallOfFrostStaffEnch	FULL	0	Wall Of Frost	冰棘障壁術	Mysticism 2.4.2 CHT exact FormKey seed
00000611	029B5F:Skyrim.esm	ENCH	MAG_WallOfStormsStaffEnch	FULL	0	Wall Of Storms	電弧障壁術	Mysticism 2.4.2 CHT exact FormKey seed
00000612	029B64:Skyrim.esm	ENCH	MAG_HushStaffEnch	FULL	0	Hush	啞口術	Mysticism 2.4.2 CHT exact FormKey seed
00000613	029B65:Skyrim.esm	ENCH	MAG_RageStaffEnch	FULL	0	Rage	狂暴術	Mysticism 2.4.2 CHT exact FormKey seed
00000614	029B6D:Skyrim.esm	ENCH	MAG_TerrorStaffEnch	FULL	0	Terror	恐懼	Mysticism 2.4.2 CHT exact FormKey seed
00000615	029B6E:Skyrim.esm	ENCH	MAG_HealOtherStaffEnch	FULL	0	Heal Other	高效他人治療術	Mysticism 2.4.2 CHT exact FormKey seed
00000616	029B72:Skyrim.esm	ENCH	MAG_TurnGreaterUndeadStaffEnch	FULL	0	Turn Greater Undead	高階驅邪術	Mysticism 2.4.2 CHT exact FormKey seed
00000617	029B96:Skyrim.esm	ENCH	MAG_TurnUndeadStaffEnch	FULL	0	Turn Undead	進階驅邪術	Mysticism 2.4.2 CHT exact FormKey seed
00000618	029B98:Skyrim.esm	ENCH	MAG_RepelUndeadStaffEnch	FULL	0	Repel Undead	進階辟邪術	Mysticism 2.4.2 CHT exact FormKey seed
00000619	04C6CB:Skyrim.esm	ENCH	MAG_FireBoltStaffEnch	FULL	0	Firebolt	火彈術	Mysticism 2.4.2 CHT exact FormKey seed
0000061A	04DED7:Skyrim.esm	ENCH	MAG_IceSpikeStaffEnch	FULL	0	Ice Spike	冰錐術	Mysticism 2.4.2 CHT exact FormKey seed
0000061B	04DED9:Skyrim.esm	ENCH	MAG_LightningBoltStaffEnch	FULL	0	Lightning Bolt	閃電術	Mysticism 2.4.2 CHT exact FormKey seed
0000061C	04DEDA:Skyrim.esm	ENCH	MAG_FlamesStaffEnch	FULL	0	Flames	火燃術	Mysticism 2.4.2 CHT exact FormKey seed
0000061D	04DEDC:Skyrim.esm	ENCH	MAG_SparksStaffEnch	FULL	0	Sparks	電擊術	Mysticism 2.4.2 CHT exact FormKey seed
0000061E	04DEDD:Skyrim.esm	ENCH	MAG_MagelightStaffEnch	FULL	0	Magelight	魔光術	Mysticism 2.4.2 CHT exact FormKey seed
0000061F	069CE7:Skyrim.esm	ENCH	MAG_BoundSwordEnchantment	FULL	0	Bound Sword	長劍塑形術	Mysticism 2.4.2 CHT exact FormKey seed
00000620	0B602D:Skyrim.esm	ENCH	MAG_RaiseZombieStaffEnch	FULL	0	Raise Zombie	屍儡喚醒術	Mysticism 2.4.2 CHT exact FormKey seed
00000621	0B602E:Skyrim.esm	ENCH	MAG_ConjureSpectralWolfStaffEnch	FULL	0	Conjure Spectral Wolf	幽靈狼召喚術	Mysticism 2.4.2 CHT exact FormKey seed
00000622	0B602F:Skyrim.esm	ENCH	MAG_SilenceStaffEnch	FULL	0	Silence	靜默術	Mysticism 2.4.2 CHT exact FormKey seed
00000623	0B6030:Skyrim.esm	ENCH	MAG_FrenzyStaffEnch	FULL	0	Frenzy	狂心術	Mysticism 2.4.2 CHT exact FormKey seed
00000624	0B62DA:Skyrim.esm	ENCH	MAG_ReanimateCorpseStaffEnch	FULL	0	Reanimate Corpse	屍儡喚起術	Mysticism 2.4.2 CHT exact FormKey seed
00000625	0B62DB:Skyrim.esm	ENCH	MAG_ConjureFlameAtronachStaffEnch	FULL	0	Conjure Flame Atronach	烈焰屬靈召喚術	Mysticism 2.4.2 CHT exact FormKey seed
00000626	0B62DC:Skyrim.esm	ENCH	MAG_SoulTrapStaffEnch	FULL	0	Soul Trap	縛魂術	Mysticism 2.4.2 CHT exact FormKey seed
00000627	0B62DD:Skyrim.esm	ENCH	MAG_FireRuneStaffEnch	FULL	0	Fire Rune	暴炎法印	Mysticism 2.4.2 CHT exact FormKey seed
00000628	0B62DE:Skyrim.esm	ENCH	MAG_FrostRuneStaffEnch	FULL	0	Frost Rune	暴霜法印	Mysticism 2.4.2 CHT exact FormKey seed
00000629	0B62DF:Skyrim.esm	ENCH	MAG_LightningRuneStaffEnch	FULL	0	Lightning Rune	暴電法印	Mysticism 2.4.2 CHT exact FormKey seed
0000062A	0B62E0:Skyrim.esm	ENCH	MAG_FearStaffEnch	FULL	0	Fear	威懼	Mysticism 2.4.2 CHT exact FormKey seed
0000062B	0B62E1:Skyrim.esm	ENCH	MAG_SootheStaffEnch	FULL	0	Soothe	舒緩術	Mysticism 2.4.2 CHT exact FormKey seed
0000062C	0B62E2:Skyrim.esm	ENCH	MAG_HealingHandsStaffEnch	FULL	0	Healing Hands	他人治療術	Mysticism 2.4.2 CHT exact FormKey seed
0000062D	0B62E3:Skyrim.esm	ENCH	MAG_TurnLesserUndeadStaffEnch	FULL	0	Turn Lesser Undead	初階驅邪術	Mysticism 2.4.2 CHT exact FormKey seed
0000062E	0B72A2:Skyrim.esm	ENCH	MAG_SlowFrostRune	FULL	0	Slow	緩速	Mysticism 2.4.2 CHT exact FormKey seed
0000062F	0C5BE3:Skyrim.esm	ENCH	MAG_BoundBowEnchantment	FULL	0	Bound Bow	戰弓塑形術	Mysticism 2.4.2 CHT exact FormKey seed
00000630	10FCF3:Skyrim.esm	ENCH	MAG_IncinerateStaffEnch	FULL	0	Incinerate	火炮術	Mysticism 2.4.2 CHT exact FormKey seed
00000631	10FCF5:Skyrim.esm	ENCH	MAG_ThunderboltStaffEnch	FULL	0	Thunderbolt	雷電術	Mysticism 2.4.2 CHT exact FormKey seed
00000632	10FCF6:Skyrim.esm	ENCH	MAG_IcySpearStaffEncht	FULL	0	Icy Spear	冰矛術	Mysticism 2.4.2 CHT exact FormKey seed
00000633	0177BB:Dragonborn.esm	ENCH	MAG_FrenzyRuneEnch	FULL	0	Frenzy Rune	狂心法印	Mysticism 2.4.2 CHT exact FormKey seed
00000634	03D37C:Dragonborn.esm	ENCH	MAG_BoundDaggerEnchantment	FULL	0	Bound Dagger	匕首塑形術	Mysticism 2.4.2 CHT exact FormKey seed
00000635	00FFFC:MysticismMagic.esp	ENCH	MAG_ConjureDremoraHunterStaffEnch	FULL	0	Conjure Dremora Hunter	魔人獵人召喚術	Mysticism 2.4.2 CHT exact FormKey seed
00000636	00FFFD:MysticismMagic.esp	ENCH	MAG_ConjureDremoraSorcererStaffEnch	FULL	0	Conjure Dremora Sorcerer	魔人巫士召喚術	Mysticism 2.4.2 CHT exact FormKey seed
00000637	01F301:MysticismMagic.esp	ENCH	MAG_ConjureWrathmanMarksmanStaffEnch	FULL	0	Conjure Wrathman Marksman	怒骸神射手召靈術	Mysticism 2.4.2 CHT exact FormKey seed
00000638	01F302:MysticismMagic.esp	ENCH	MAG_ConjureWrathmanWarlockStaffEnch	FULL	0	Conjure Wrathman Warlock	怒骸術士召靈術	Mysticism 2.4.2 CHT exact FormKey seed
00000639	0C6437:MysticismMagic.esp	ENCH	MAG_AbsorbHealthRuneEnch	FULL	0	Absorb Health Rune	生命攝取斗篷法印	Mysticism 2.4.2 CHT exact FormKey seed
0000063A	0C643D:MysticismMagic.esp	ENCH	MAG_AbsorbHealthRuneEnchDualCast	FULL	0	Absorb Health Rune	生命攝取斗篷法印	Mysticism 2.4.2 CHT exact FormKey seed
0000063B	0E9B52:MysticismMagic.esp	ENCH	MAG_OppressionStaffEnch	FULL	0	Oppression	壓迫	Mysticism 2.5.0 custom; Skyrim 8.20 terminology
0000063C	2002D3:MysticismMagic.esp	ENCH	MAG_GrandWeaknesstoFireStaffEnch	FULL	0	Weakness to Fire	火焰弱化	Mysticism 2.5.0 custom; Skyrim 8.20 terminology
0000063D	2002D9:MysticismMagic.esp	ENCH	MAG_GrandWeaknesstoFrostStaffEnch	FULL	0	Grand Weakness to Frost	強效寒霜弱化	Mysticism 2.5.0 custom; Skyrim 8.20 terminology
0000063E	2002DF:MysticismMagic.esp	ENCH	MAG_GrandWeaknesstoPoisonStaffEnch	FULL	0	Grand Weakness to Poison	強效毒素弱化	Mysticism 2.5.0 custom; Skyrim 8.20 terminology
0000063F	2002E5:MysticismMagic.esp	ENCH	MAG_GrandWeaknesstoShockStaffEnch	FULL	0	Grand Weakness to Shock	強效閃電弱化	Mysticism 2.5.0 custom; Skyrim 8.20 terminology
00000640	2CF33A:MysticismMagic.esp	ENCH	MAG_ParalyzeRuneEnch	FULL	0	Paralyize Rune	麻痺法印	Mysticism 2.4.2 CHT exact FormKey seed
00000641	32549A:MysticismMagic.esp	ENCH	MAG_ParalyzeRuneEnchDualcast	FULL	0	Paralyze Rune	麻痺法印	Mysticism 2.4.2 CHT exact FormKey seed
00000642	3857F5:MysticismMagic.esp	ENCH	MAG_SlowFrostRune2	FULL	0	Slow	緩速	Mysticism 2.4.2 CHT exact FormKey seed
00000643	3857FD:MysticismMagic.esp	ENCH	MAG_SlowFrostRuneDualCast	FULL	0	Slow	緩速	Mysticism 2.4.2 CHT exact FormKey seed
00000644	3857FE:MysticismMagic.esp	ENCH	MAG_SlowFrostRune2DualCast	FULL	0	Slow	緩速	Mysticism 2.4.2 CHT exact FormKey seed
00000645	3E0ABB:MysticismMagic.esp	ENCH	MAG_CalmRuneEnch	FULL	0	Calm Rune	安撫法印	Mysticism 2.4.2 CHT exact FormKey seed
00000646	3E0ABC:MysticismMagic.esp	ENCH	MAG_CalmRuneEnchDualCast	FULL	0	Calm Rune	安撫法印	Mysticism 2.4.2 CHT exact FormKey seed
00000647	3E5BC9:MysticismMagic.esp	ENCH	MAG_SilenceRuneExplosion	FULL	0	Silence Rune	靜默法印	Mysticism 2.4.2 CHT exact FormKey seed
00000648	3E5BCC:MysticismMagic.esp	ENCH	MAG_SilenceRuneExplosionDualCast	FULL	0	Silence Rune	靜默法印	Mysticism 2.4.2 CHT exact FormKey seed
00000649	3E5BD7:MysticismMagic.esp	ENCH	MAG_CommandRuneEnch	FULL	0	Command Rune	支配法印	Mysticism 2.4.2 CHT exact FormKey seed
0000064A	3E5BD8:MysticismMagic.esp	ENCH	MAG_CommandRuneEnchDualCast	FULL	0	Command Rune	支配法印	Mysticism 2.4.2 CHT exact FormKey seed
0000064B	3E5BE4:MysticismMagic.esp	ENCH	MAG_FearRuneExplosion	FULL	0	Fear Rune	懼逃法印	Mysticism 2.4.2 CHT exact FormKey seed
0000064C	3E5BE8:MysticismMagic.esp	ENCH	MAG_FearRuneExplosionDualCast	FULL	0	Fear Rune	懼逃法印	Mysticism 2.4.2 CHT exact FormKey seed
0000064D	3E5BF6:MysticismMagic.esp	ENCH	MAG_FrenzyRuneEnchDualCast	FULL	0	Frenzy Rune	狂心法印	Mysticism 2.4.2 CHT exact FormKey seed
0000064E	47DBBF:MysticismMagic.esp	ENCH	MAG_EnchFireRuneDualcast	FULL	0	Fire Rune	暴炎法印	Mysticism 2.4.2 CHT exact FormKey seed
0000064F	47DBC0:MysticismMagic.esp	ENCH	MAG_EnchFireRune2	FULL	0	Fire Rune	暴炎法印	Mysticism 2.4.2 CHT exact FormKey seed
00000650	47DBC2:MysticismMagic.esp	ENCH	MAG_EnchFireRune2Dualcast	FULL	0	Fire Rune	暴炎法印	Mysticism 2.4.2 CHT exact FormKey seed
00000651	47DBCD:MysticismMagic.esp	ENCH	MAG_EnchShockRune	FULL	0	Shock Rune	暴電法印	Mysticism 2.4.2 CHT exact FormKey seed
00000652	47DBCE:MysticismMagic.esp	ENCH	MAG_EnchShockRuneDualCast	FULL	0	Shock Rune	暴電法印	Mysticism 2.4.2 CHT exact FormKey seed
00000653	47DBD0:MysticismMagic.esp	ENCH	MAG_EnchShockRune2	FULL	0	Shock Rune	暴電法印	Mysticism 2.4.2 CHT exact FormKey seed
00000654	47DBD2:MysticismMagic.esp	ENCH	MAG_EnchShockRune2Dualcast	FULL	0	Shock Rune	暴電法印	Mysticism 2.4.2 CHT exact FormKey seed
00000655	4B066F:MysticismMagic.esp	ENCH	MAG_DLC2EnchAshRuneExplosionDualCast	FULL	0	Ash Shell	灰燼封禁術	Mysticism 2.4.2 CHT exact FormKey seed
00000656	9EE319:MysticismMagic.esp	ENCH	MAG_EnchDisintegrationRuneExplosion	FULL	0	Disintegration Rune	解體法印	Mysticism 2.4.2 CHT exact FormKey seed
00000657	9EE31A:MysticismMagic.esp	ENCH	MAG_EnchDisintegrationRuneExplosionDualCast	FULL	0	Disintegration Rune	解體法印	Mysticism 2.4.2 CHT exact FormKey seed
00000658	A4E654:MysticismMagic.esp	ENCH	MAG_SunlightRuneEnch	FULL	0	Sunlight Rune	日光法印	Mysticism 2.4.2 CHT exact FormKey seed
00000659	A53754:MysticismMagic.esp	ENCH	MAG_RadiantSunlightRuneEnch	FULL	0	Radiant Sunlight Rune	烈日法印	Mysticism 2.4.2 CHT exact FormKey seed
0000065A	A53755:MysticismMagic.esp	ENCH	MAG_RadiantSunlightRuneEnchDualCast	FULL	0	Radiant Sunlight Rune	烈日法印	Mysticism 2.4.2 CHT exact FormKey seed
0000065B	A53757:MysticismMagic.esp	ENCH	MAG_SunlightRuneEnchDualCast	FULL	0	Sunlight Rune	日光法印	Mysticism 2.4.2 CHT exact FormKey seed
0000065C	A67B63:MysticismMagic.esp	ENCH	MAG_EnchTurnUndeadRuneExplosion	FULL	0	Turn Undead Rune	驅邪法印	Mysticism 2.4.2 CHT exact FormKey seed
0000065D	A67B67:MysticismMagic.esp	ENCH	MAG_EnchTurnUndeadRuneExplosionDualCast	FULL	0	Turn Undead Rune	驅邪法印	Mysticism 2.4.2 CHT exact FormKey seed
0000065E	AEB59E:MysticismMagic.esp	ENCH	MAG_EnchBurdenRuneExplosion	FULL	0	Burden Rune	重荷法印	Mysticism 2.4.2 CHT exact FormKey seed
0000065F	AEB59F:MysticismMagic.esp	ENCH	MAG_EnchBurdenRuneExplosionDualCast	FULL	0	Burden Rune	重荷法印	Mysticism 2.4.2 CHT exact FormKey seed
00000660	C62041:MysticismMagic.esp	ENCH	MAG_CalmStaffEnch	FULL	0	Calm	安撫	Mysticism 2.4.2 CHT exact FormKey seed
00000661	C62042:MysticismMagic.esp	ENCH	MAG_PacifyStaffEnch	FULL	0	Pacify	平息術	Mysticism 2.4.2 CHT exact FormKey seed
00000662	C62044:MysticismMagic.esp	ENCH	MAG_HypnotizeStaffEnch	FULL	0	Hypnotize	催眠術	Mysticism 2.4.2 CHT exact FormKey seed
00000663	C6204A:MysticismMagic.esp	ENCH	MAG_FuryStaffEnch	FULL	0	Fury	狂怒術	Mysticism 2.4.2 CHT exact FormKey seed
00000664	C6204D:MysticismMagic.esp	ENCH	MAG_WrathStaffEnch	FULL	0	Wrath	憤怒	Mysticism 2.4.2 CHT exact FormKey seed
00000665	C62052:MysticismMagic.esp	ENCH	MAG_MuteStaffEnch	FULL	0	Mute	沉默術	Mysticism 2.4.2 CHT exact FormKey seed
00000666	C62055:MysticismMagic.esp	ENCH	MAG_PanicStaffEnch	FULL	0	Panic	驚慌	Mysticism 2.4.2 CHT exact FormKey seed
00000667	C6205B:MysticismMagic.esp	ENCH	MAG_ImmobilizeStaffEnch	FULL	0	Immobilize	定身術	Mysticism 2.4.2 CHT exact FormKey seed
00000668	C6205E:MysticismMagic.esp	ENCH	MAG_CommandStaffEnch	FULL	0	Command	命令術	Mysticism 2.4.2 CHT exact FormKey seed
00000669	C6205F:MysticismMagic.esp	ENCH	MAG_ControlStaffEnch	FULL	0	Control	控制	Mysticism 2.4.2 CHT exact FormKey seed
0000066A	C62064:MysticismMagic.esp	ENCH	MAG_CalmRuneStaffEnch	FULL	0	Calm Rune	安撫法印	Mysticism 2.4.2 CHT exact FormKey seed
0000066B	C62065:MysticismMagic.esp	ENCH	MAG_FrenzyRuneStaffEnch	FULL	0	Frenzy Rune	狂心法印	Mysticism 2.4.2 CHT exact FormKey seed
0000066C	C62067:MysticismMagic.esp	ENCH	MAG_SilenceRuneStaffEnch	FULL	0	Silence Rune	靜默法印	Mysticism 2.4.2 CHT exact FormKey seed
0000066D	C62069:MysticismMagic.esp	ENCH	MAG_ParalyzeRuneStaffEnch	FULL	0	Paralyze Rune	麻痺法印	Mysticism 2.4.2 CHT exact FormKey seed
0000066E	C6206B:MysticismMagic.esp	ENCH	MAG_FearRuneStaffEnch	FULL	0	Fear Rune	懼逃法印	Mysticism 2.4.2 CHT exact FormKey seed
0000066F	C6206D:MysticismMagic.esp	ENCH	MAG_CommandRuneStaffEnch	FULL	0	Command Rune	支配法印	Mysticism 2.4.2 CHT exact FormKey seed
00000670	C8A8CA:MysticismMagic.esp	ENCH	MAG_DisintegrateWeaponStaffEnch	FULL	0	Disintegrate Weapon	瓦解武器術	Mysticism 2.4.2 CHT exact FormKey seed
00000671	C8A8CB:MysticismMagic.esp	ENCH	MAG_CorrodeArmorStaffEnch	FULL	0	Corrode Armor	侵蝕護甲術	Mysticism 2.4.2 CHT exact FormKey seed
00000672	C8A8CF:MysticismMagic.esp	ENCH	MAG_SwordBreakerStaffEnch	FULL	0	Sword Breaker	破劍術	Mysticism 2.4.2 CHT exact FormKey seed
00000673	C8A8D0:MysticismMagic.esp	ENCH	MAG_ArmorEaterStaffEnch	FULL	0	Armor Eater	噬甲術	Mysticism 2.4.2 CHT exact FormKey seed
00000674	C8A8D5:MysticismMagic.esp	ENCH	MAG_BurdenStaffEnch	FULL	0	Burden	重負	Mysticism 2.4.2 CHT exact FormKey seed
00000675	C8A8D9:MysticismMagic.esp	ENCH	MAG_UnusedBurdenRuneStaffEnch	FULL	0	Burden Rune	重荷法印	Mysticism 2.4.2 CHT exact FormKey seed
00000676	C8A8DF:MysticismMagic.esp	ENCH	MAG_WeaknesstoFireStaffEnch	FULL	0	Weakness to Fire	火焰弱化	Mysticism 2.4.2 CHT exact FormKey seed
00000677	C8A8E0:MysticismMagic.esp	ENCH	MAG_WeaknesstoFrostStaffEnch	FULL	0	Weakness to Frost	寒霜弱化	Mysticism 2.4.2 CHT exact FormKey seed
00000678	C8A8E2:MysticismMagic.esp	ENCH	MAG_WeaknesstoShockStaffEnch	FULL	0	Weakness to Shock	閃電弱化	Mysticism 2.4.2 CHT exact FormKey seed
00000679	C8A8E4:MysticismMagic.esp	ENCH	MAG_WeaknesstoPoisonStaffEnch	FULL	0	Weakness to Poison	毒素弱化	Mysticism 2.4.2 CHT exact FormKey seed
0000067A	CDB969:MysticismMagic.esp	ENCH	MAG_ImmolateStaffEnch	FULL	0	Immolate	地獄火	Mysticism 2.4.2 CHT exact FormKey seed
0000067B	CDB96E:MysticismMagic.esp	ENCH	MAG_GreaterFlamesStaffEnch	FULL	0	Greater Flames	進階火燃術	Mysticism 2.4.2 CHT exact FormKey seed
0000067C	CDB96F:MysticismMagic.esp	ENCH	MAG_FlameTempestStaffEnch	FULL	0	Flame Tempest	烈焰焚天術	Mysticism 2.4.2 CHT exact FormKey seed
0000067D	CDB974:MysticismMagic.esp	ENCH	MAG_GreaterFireRuneStaffEnch	FULL	0	Greater Fire Rune	進階暴炎法印	Mysticism 2.4.2 CHT exact FormKey seed
0000067E	CDB988:MysticismMagic.esp	ENCH	MAG_GreaterFrostbiteStaffEnch	FULL	0	Greater Frostbite	進階冰寒術	Mysticism 2.4.2 CHT exact FormKey seed
0000067F	CDB992:MysticismMagic.esp	ENCH	MAG_GreaterFrostRuneStaffEnch	FULL	0	Greater Frost Rune	進階暴霜法印	Mysticism 2.4.2 CHT exact FormKey seed
00000680	CF9FB1:MysticismMagic.esp	ENCH	MAG_ThroatoftheWorldStaffEnch	FULL	0	Throat of the World	世界之喉	Mysticism 2.4.2 CHT exact FormKey seed
00000681	CF9FB8:MysticismMagic.esp	ENCH	MAG_HoarfrostStaffEnch	FULL	0	Hoarfrost	白霜	Mysticism 2.4.2 CHT exact FormKey seed
00000682	CF9FBF:MysticismMagic.esp	ENCH	MAG_GreaterSparksStaffEnch	FULL	0	Greater Sparks	進階電擊術	Mysticism 2.4.2 CHT exact FormKey seed
00000683	CF9FC8:MysticismMagic.esp	ENCH	MAG_GreaterLightningRuneStaffEnch	FULL	0	Greater Lightning Rune	進階暴電法印	Mysticism 2.4.2 CHT exact FormKey seed
00000684	CF9FCC:MysticismMagic.esp	ENCH	MAG_LightningStormStaffEnch	FULL	0	Lightning Storm	閃電風暴術	Mysticism 2.4.2 CHT exact FormKey seed
00000685	CF9FCF:MysticismMagic.esp	ENCH	MAG_FingeroftheMountainStaffEnch	FULL	0	Finger of the Mountain	山嶺雷指	Mysticism 2.4.2 CHT exact FormKey seed
00000686	D2C9ED:MysticismMagic.esp	ENCH	MAG_PoisonSprayStaffEnch	FULL	0	Poison Spray	毒液噴射	Mysticism 2.4.2 CHT exact FormKey seed
00000687	D2C9EE:MysticismMagic.esp	ENCH	MAG_PoisonboltStaffEnch	FULL	0	Poisonbolt	毒球術	Mysticism 2.4.2 CHT exact FormKey seed
00000688	D2C9EF:MysticismMagic.esp	ENCH	MAG_DeadlyPoisonSprayStaffEnch	FULL	0	Dealdy Poison Spray	劇毒噴射	Mysticism 2.4.2 CHT exact FormKey seed
00000689	D2C9F1:MysticismMagic.esp	ENCH	MAG_MiasmaStaffEnch	FULL	0	Miasma	瘴毒術	Mysticism 2.4.2 CHT exact FormKey seed
0000068A	D2C9F3:MysticismMagic.esp	ENCH	MAG_ViperboltStaffEnch	FULL	0	Viperbolt	猛烈毒球術	Mysticism 2.4.2 CHT exact FormKey seed
0000068B	D2C9F6:MysticismMagic.esp	ENCH	MAG_PoisonCloudStaffEnch	FULL	0	Poison Cloud	毒雲術	Mysticism 2.4.2 CHT exact FormKey seed
0000068C	D2C9FA:MysticismMagic.esp	ENCH	MAG_DeathCloudStaffEnch	FULL	0	Death Cloud	奪命霧雲術	Mysticism 2.4.2 CHT exact FormKey seed
0000068D	D31B01:MysticismMagic.esp	ENCH	MAG_PoisonRuneStaffEnch	FULL	0	Poison Rune	毒害法印	Mysticism 2.4.2 CHT exact FormKey seed
0000068E	D36C06:MysticismMagic.esp	ENCH	MAG_DeadlyPoisonRuneStaffEnch	FULL	0	Deadly Poison Rune	致命毒害法印	Mysticism 2.4.2 CHT exact FormKey seed
0000068F	D36C07:MysticismMagic.esp	ENCH	MAG_WallOfPoisonStaffEnch	FULL	0	Wall Of Poison	毒液障壁術	Mysticism 2.4.2 CHT exact FormKey seed
00000690	D4B034:MysticismMagic.esp	ENCH	MAG_SunfireStaffEnch	FULL	0	Sun Fire	陽焱術	Mysticism 2.4.2 CHT exact FormKey seed
00000691	D4B038:MysticismMagic.esp	ENCH	MAG_SunlightRuneStaffEnch	FULL	0	Sunlight Rune	日光法印	Mysticism 2.4.2 CHT exact FormKey seed
00000692	D4B03B:MysticismMagic.esp	ENCH	MAG_SunbeamStaffEnch	FULL	0	Sunbeam	日光束	Mysticism 2.4.2 CHT exact FormKey seed
00000693	D4B03F:MysticismMagic.esp	ENCH	MAG_RadiantSunbeamStaffEnch	FULL	0	Radiant Sunbeam	烈日光束	Mysticism 2.4.2 CHT exact FormKey seed
00000694	D4B040:MysticismMagic.esp	ENCH	MAG_VampiresBaneStaffEnch	FULL	0	Vampire's Bane	淨邪術	Mysticism 2.4.2 CHT exact FormKey seed
00000695	D4B044:MysticismMagic.esp	ENCH	MAG_ReflectiveLightStaffEnch	FULL	0	Reflective Light	淨化光束	Mysticism 2.4.2 CHT exact FormKey seed
00000696	D4B047:MysticismMagic.esp	ENCH	MAG_RadiantSunlightRuneStaffEnch	FULL	0	Radiant Sunlight Rune	烈日法印	Mysticism 2.4.2 CHT exact FormKey seed
00000697	D4B048:MysticismMagic.esp	ENCH	MAG_WallOfSunlightStaffEnch	FULL	0	Wall of Sunlight	炎陽障壁術	Mysticism 2.4.2 CHT exact FormKey seed
00000698	D4B057:MysticismMagic.esp	ENCH	MAG_SolarFlareStaffEnch	FULL	0	Solar Flare	太陽烈炎	Mysticism 2.4.2 CHT exact FormKey seed
00000699	D4B05E:MysticismMagic.esp	ENCH	MAG_DaybreakStaffEnch	FULL	0	Daybreak	穹蒼晨星術	Mysticism 2.4.2 CHT exact FormKey seed
0000069A	D64587:MysticismMagic.esp	ENCH	MAG_DrainLifeStaffEnch	FULL	0	Drain Life	生命掠奪	Mysticism 2.4.2 CHT exact FormKey seed
0000069B	D64589:MysticismMagic.esp	ENCH	MAG_DrainMagickaStaffEnch	FULL	0	Drain Magicka	吸取法力	Mysticism 2.4.2 CHT exact FormKey seed
0000069C	D6458B:MysticismMagic.esp	ENCH	MAG_LeechLifeStaffEnch	FULL	0	Leech Life	汲取生命	Mysticism 2.4.2 CHT exact FormKey seed
0000069D	D6458D:MysticismMagic.esp	ENCH	MAG_DrainStaminaStaffEnch	FULL	0	Drain Stamina	吸食耐力	Mysticism 2.4.2 CHT exact FormKey seed
0000069E	D6458F:MysticismMagic.esp	ENCH	MAG_LeechStaminaStaffEnch	FULL	0	Leech Stamina	汲取耐力	Mysticism 2.4.2 CHT exact FormKey seed
0000069F	D64591:MysticismMagic.esp	ENCH	MAG_LeechMagickaStaffEnch	FULL	0	Leech Magicka	汲取法力	Mysticism 2.4.2 CHT exact FormKey seed
000006A0	D64592:MysticismMagic.esp	ENCH	MAG_VampiricBoltStaffEnch	FULL	0	Vampiric Bolt	茹血法矢	Mysticism 2.4.2 CHT exact FormKey seed
000006A1	D64594:MysticismMagic.esp	ENCH	MAG_VampiricBlastStaffEnch	FULL	0	Vampiric Blast	茹血狂宴術	Mysticism 2.4.2 CHT exact FormKey seed
000006A2	D64597:MysticismMagic.esp	ENCH	MAG_VampiricRuneStaffEnch	FULL	0	Vampiric Rune	茹血法印	Mysticism 2.4.2 CHT exact FormKey seed
000006A3	D64599:MysticismMagic.esp	ENCH	MAG_BloodLanceStaffEnch	FULL	0	Blood Lance	腥紅血槍	Mysticism 2.4.2 CHT exact FormKey seed
000006A4	DC99E4:MysticismMagic.esp	ENCH	MAG_BoundGreatswordEnchantment	FULL	0	Bound Greatsword	巨劍塑形術	Mysticism 2.4.2 CHT exact FormKey seed
000006A5	DD3BE9:MysticismMagic.esp	ENCH	MAG_BoundWarAxeEnchantment	FULL	0	Bound War Axe	戰斧塑形術	Mysticism 2.4.2 CHT exact FormKey seed
000006A6	DED0F4:MysticismMagic.esp	ENCH	MAG_BoundWarhammerEnchantment	FULL	0	Bound Warhammer	戰錘塑形術	Mysticism 2.4.2 CHT exact FormKey seed
000006A7	DFC3FD:MysticismMagic.esp	ENCH	MAG_BoundMaceEnchantment	FULL	0	Bound Mace	塑形釘槌	Mysticism 2.4.2 CHT exact FormKey seed
000006A8	E1FB56:MysticismMagic.esp	ENCH	MAG_ConjureSkeletonStaffEnch	FULL	0	Conjure Skeleton	骷髏召喚術	Mysticism 2.4.2 CHT exact FormKey seed
000006A9	E1FB57:MysticismMagic.esp	ENCH	MAG_ConjureSpectralDireWolfStaffEnch	FULL	0	Conjure Spectral Dire Wolf	幽靈惡狼召喚術	Mysticism 2.4.2 CHT exact FormKey seed
000006AA	E1FB5C:MysticismMagic.esp	ENCH	MAG_ConjureSkeletonArcherStaffEnch	FULL	0	Conjure Skeleton Archer	骷髏弓箭手召喚術	Mysticism 2.4.2 CHT exact FormKey seed
000006AB	E1FB5F:MysticismMagic.esp	ENCH	MAG_ConjureSpectralSabreCatStaffEnch	FULL	0	Conjure Spectral Sabre Cat	幽靈劍齒虎召喚術	Mysticism 2.4.2 CHT exact FormKey seed
000006AC	E1FB62:MysticismMagic.esp	ENCH	MAG_ConjureSpectralSteedStaffEnch	FULL	0	Conjure Spectral Steed	幽靈戰馬召喚術	Mysticism 2.4.2 CHT exact FormKey seed
000006AD	E1FB65:MysticismMagic.esp	ENCH	MAG_ConjureDremoraWarriorStaffEnch	FULL	0	Conjure Dremora Warrior	魔人戰士召喚術	Mysticism 2.4.2 CHT exact FormKey seed
000006AE	E1FB68:MysticismMagic.esp	ENCH	MAG_ConjureSkeletonMageStaffEnch	FULL	0	Conjure Skeleton Mage	骷髏法師召喚術	Mysticism 2.4.2 CHT exact FormKey seed
000006AF	E1FB6B:MysticismMagic.esp	ENCH	MAG_ConjureFlamingFamiliarStaffEnch	FULL	0	Conjure Flaming Familiar	烈焰使魔召喚術	Mysticism 2.4.2 CHT exact FormKey seed
000006B0	E1FB6E:MysticismMagic.esp	ENCH	MAG_ConjureAncestralGuardianStaffEnch	FULL	0	Conjure Ancestral Guardian	先祖護衛者召喚術	Mysticism 2.4.2 CHT exact FormKey seed
000006B1	E1FB71:MysticismMagic.esp	ENCH	MAG_ConjureAshSpawnStaffEnch	FULL	0	Conjure Ash Spawn	凝灰鬼召喚術	Mysticism 2.4.2 CHT exact FormKey seed
000006B2	E1FB74:MysticismMagic.esp	ENCH	MAG_ConjureBonemanStaffEnch	FULL	0	Conjure Boneman	骨骸召靈術	Mysticism 2.4.2 CHT exact FormKey seed
000006B3	E1FB77:MysticismMagic.esp	ENCH	MAG_ConjureSeekerStaffEnch	FULL	0	Conjure Seeker	識巡者召喚術	Mysticism 2.4.2 CHT exact FormKey seed
000006B4	E1FB7A:MysticismMagic.esp	ENCH	MAG_ConjureSpectralBearStaffEnch	FULL	0	Conjure Spectral Bear	幽靈熊召喚術	Mysticism 2.4.2 CHT exact FormKey seed
000006B5	E1FB7D:MysticismMagic.esp	ENCH	MAG_ConjureFlameMonarchStaffEnch	FULL	0	Conjure Flame Monarch	烈焰君王召喚術	Mysticism 2.4.2 CHT exact FormKey seed
000006B6	E1FB7E:MysticismMagic.esp	ENCH	MAG_ConjureStormMonarchStaffEnch	FULL	0	Conjure Storm Atronach	風暴屬靈召喚術	Mysticism 2.4.2 CHT exact FormKey seed
000006B7	E1FB80:MysticismMagic.esp	ENCH	MAG_ConjureSkeletonWarriorStaffEnch	FULL	0	Conjure Skeleton Warrior	骷髏戰士召喚術	Mysticism 2.4.2 CHT exact FormKey seed
000006B8	E1FB85:MysticismMagic.esp	ENCH	MAG_ConjureAncestralWizardStaffEnch	FULL	0	Conjure Ancestral Wizard	先祖法師召喚術	Mysticism 2.4.2 CHT exact FormKey seed
000006B9	E1FB86:MysticismMagic.esp	ENCH	MAG_ConjureMistmanStaffEnch	FULL	0	Conjure Mistman	霧骸召靈術	Mysticism 2.4.2 CHT exact FormKey seed
000006BA	E1FB8B:MysticismMagic.esp	ENCH	MAG_ConjureFrostMonarchStaffEnch	FULL	0	Conjure Frost Atronach	寒霜屬靈召喚術	Mysticism 2.4.2 CHT exact FormKey seed
000006BB	E1FB8E:MysticismMagic.esp	ENCH	MAG_ConjureDremoraLordStaffEnch	FULL	0	Conjure Dremora Lord	魔人將士召喚術	Mysticism 2.4.2 CHT exact FormKey seed
000006BC	E1FB91:MysticismMagic.esp	ENCH	MAG_ConjureSkeletonChampionStaffEnch	FULL	0	Conjure Skeleton Champion	骷髏霸主召喚術	Mysticism 2.4.2 CHT exact FormKey seed
000006BD	E1FB94:MysticismMagic.esp	ENCH	MAG_ConjureAncestralAssassinStaffEnch	FULL	0	Conjure Ancestral Assassin	先祖刺客召喚術	Mysticism 2.4.2 CHT exact FormKey seed
000006BE	E1FB98:MysticismMagic.esp	ENCH	MAG_ConjureAshHuskStaffEnch	FULL	0	Conjure Ash Husk	凝灰犬召喚術	Mysticism 2.4.2 CHT exact FormKey seed
000006BF	E1FB9C:MysticismMagic.esp	ENCH	MAG_ConjureWrathmanStaffEnch	FULL	0	Conjure Wrathman	怒骸召靈術	Mysticism 2.4.2 CHT exact FormKey seed
000006C0	E1FBA0:MysticismMagic.esp	ENCH	MAG_ConjureHighSeekerStaffEnch	FULL	0	Conjure High Seeker	高等識巡者召喚術	Mysticism 2.4.2 CHT exact FormKey seed
000006C1	E1FBA1:MysticismMagic.esp	ENCH	MAG_DeadThrallStaffEnch	FULL	0	Dead Thrall	屍僕支配術	Mysticism 2.4.2 CHT exact FormKey seed
000006C2	E7FED6:MysticismMagic.esp	ENCH	MAG_ConjureSpectralManbeastStaffEnch	FULL	0	Conjure Spectral Manbeast	幽靈獸化人召喚術	Mysticism 2.4.2 CHT exact FormKey seed
000006C3	F59AE3:MysticismMagic.esp	ENCH	MAG_DestroyConstructStaffEnch	FULL	0	Destroy Construct	構裝體破壞術	Mysticism 2.4.2 CHT exact FormKey seed
000006C4	F59AE9:MysticismMagic.esp	ENCH	MAG_AshFormStaffEnch	FULL	0	Ash Form	燼封術	Mysticism 2.4.2 CHT exact FormKey seed
000006C5	F59AF0:MysticismMagic.esp	ENCH	MAG_AshCloudStaffEnch	FULL	0	Ash Cloud	燼雲術	Mysticism 2.4.2 CHT exact FormKey seed
000006C6	F59AF1:MysticismMagic.esp	ENCH	MAG_AshRuneStaffEnch	FULL	0	Ash Rune	燼封法印	Mysticism 2.4.2 CHT exact FormKey seed
000006C7	F59AF8:MysticismMagic.esp	ENCH	MAG_DwemerbaneStaffEnch	FULL	0	Dwemerbane	鍛莫泯滅術	Mysticism 2.4.2 CHT exact FormKey seed
000006C8	F59AFA:MysticismMagic.esp	ENCH	MAG_CinderStormStaffEnch	FULL	0	Cinder Storm	漫天燼封術	Mysticism 2.4.2 CHT exact FormKey seed
000006C9	F59B0A:MysticismMagic.esp	ENCH	MAG_ConjureDeathHoundStaffEnch	FULL	0	Conjure Death Hound	殭犬召喚術	Mysticism 2.4.2 CHT exact FormKey seed
000006CA	F59B0B:MysticismMagic.esp	ENCH	MAG_ConjureVolkiharHoundStaffEnch	FULL	0	Conjure Volkihar Hound	沃奇哈獵犬召喚術	Mysticism 2.4.2 CHT exact FormKey seed
000006CB	F59B1A:MysticismMagic.esp	ENCH	MAG_ConjureGargoyleStaffEnch	FULL	0	Conjure Gargoyle	召喚石像鬼	Mysticism 2.4.2 CHT exact FormKey seed
000006CC	F59B1B:MysticismMagic.esp	ENCH	MAG_ConjureGargoyleBruteStaffEnch	FULL	0	Conjure Gargoyle Brute	石像鬼擬態者召喚術	Mysticism 2.4.2 CHT exact FormKey seed
000006CD	F59B3D:MysticismMagic.esp	ENCH	MAG_FadeStaffEnch	FULL	0	Fade	消逝術	Mysticism 2.4.2 CHT exact FormKey seed
000006CE	F3637F:MysticismMagic.esp	SPEL	MAG_CircleofLife	FULL	0	Circle of Life	活力領域術	Mysticism 2.4.2 CHT exact FormKey seed
000006CF	F3637F:MysticismMagic.esp	SPEL	MAG_CircleofLife	DESC	0			Mysticism 2.4.2 CHT exact FormKey seed
000006D0	F3B483:MysticismMagic.esp	SPEL	MAG_FontofLifeHazardSpell	FULL	0	Font of Life	活力聖泉	Mysticism 2.4.2 CHT exact FormKey seed
000006D1	F3B483:MysticismMagic.esp	SPEL	MAG_FontofLifeHazardSpell	DESC	0			Mysticism 2.4.2 CHT exact FormKey seed
000006D2	F3B48D:MysticismMagic.esp	SPEL	MAG_FontofLife	FULL	0	Font of Life	活力聖泉	Mysticism 2.4.2 CHT exact FormKey seed
000006D3	F3B48D:MysticismMagic.esp	SPEL	MAG_FontofLife	DESC	0			Mysticism 2.4.2 CHT exact FormKey seed
000006D4	F4F8C1:MysticismMagic.esp	SPEL	MAG_ControllerGeneralAbility	FULL	0	General Controller Ability	General Controller Ability	Mysticism 2.4.2 CHT exact FormKey seed
000006D5	F4F8C1:MysticismMagic.esp	SPEL	MAG_ControllerGeneralAbility	DESC	0			Mysticism 2.4.2 CHT exact FormKey seed
000006D6	FF19E0:MysticismMagic.esp	SPEL	MAG_Symmetry	FULL	0	Symmetry	勻稱調和術	Mysticism 2.4.2 CHT exact FormKey seed
000006D7	FF19E0:MysticismMagic.esp	SPEL	MAG_Symmetry	DESC	0	Sacrifices Health to restore a large amount of Magicka and Stamina.	以生命換取大量的法力和耐力回復。	Mysticism 2.4.2 CHT exact FormKey seed
000006D8	012FCC:Skyrim.esm	SPEL	MAG_Healing	FULL	0	Healing	治療術	Mysticism 2.4.2 CHT exact FormKey seed
000006D9	012FCC:Skyrim.esm	SPEL	MAG_Healing	DESC	0			Mysticism 2.4.2 CHT exact FormKey seed
000006DA	012FCD:Skyrim.esm	SPEL	MAG_Flames	FULL	0	Flames	火燃術	Mysticism 2.4.2 CHT exact FormKey seed
000006DB	012FCD:Skyrim.esm	SPEL	MAG_Flames	DESC	0			Mysticism 2.4.2 CHT exact FormKey seed
000006DC	012FD0:Skyrim.esm	SPEL	MAG_Firebolt	FULL	0	Firebolt	火彈術	Mysticism 2.4.2 CHT exact FormKey seed
000006DD	012FD0:Skyrim.esm	SPEL	MAG_Firebolt	DESC	0			Mysticism 2.4.2 CHT exact FormKey seed
000006DE	24C223:MysticismMagic.esp	SPEL	MAG_AshParalysisSpell02	FULL	0	Ash Paralysis Spell	灰燼麻痺法術	Mysticism 2.5.0 custom; Skyrim 8.20 terminology
000006DF	24C223:MysticismMagic.esp	SPEL	MAG_AshParalysisSpell02	DESC	0			Mysticism 2.4.2 CHT exact phrase seed
000006E0	24C224:MysticismMagic.esp	SPEL	MAG_AshParalysisSpell03	FULL	0	Ash Paralysis Spell	灰燼麻痺法術	Mysticism 2.5.0 custom; Skyrim 8.20 terminology
000006E1	24C224:MysticismMagic.esp	SPEL	MAG_AshParalysisSpell03	DESC	0			Mysticism 2.4.2 CHT exact phrase seed
000006E2	072319:Skyrim.esm	SPEL	MAG_LesserWardLeftHand	FULL	0	Lesser Ward	初階結界術	Mysticism 2.4.2 CHT exact FormKey seed
000006E3	072319:Skyrim.esm	SPEL	MAG_LesserWardLeftHand	DESC	0			Mysticism 2.4.2 CHT exact FormKey seed
000006E4	012FD2:Skyrim.esm	SPEL	MAG_HealOther	FULL	0	Heal Other	高效他人治療術	Mysticism 2.4.2 CHT exact FormKey seed
000006E5	012FD2:Skyrim.esm	SPEL	MAG_HealOther	DESC	0			Mysticism 2.4.2 CHT exact FormKey seed
000006E6	2B5DFA:MysticismMagic.esp	SPEL	MAG_Mute	FULL	0	Mute	沉默術	Mysticism 2.4.2 CHT exact FormKey seed
000006E7	2B5DFA:MysticismMagic.esp	SPEL	MAG_Mute	DESC	0			Mysticism 2.4.2 CHT exact FormKey seed
000006E8	013018:Skyrim.esm	SPEL	MAG_LesserWard	FULL	0	Lesser Ward	初階結界術	Mysticism 2.4.2 CHT exact FormKey seed
000006E9	013018:Skyrim.esm	SPEL	MAG_LesserWard	DESC	0			Mysticism 2.4.2 CHT exact FormKey seed
000006EA	016C3F:Skyrim.esm	SPEL	MAG_DreadZombieLeftHand	FULL	0	Dread Zombie	屍儡差遣術	Mysticism 2.4.2 CHT exact FormKey seed
000006EB	016C3F:Skyrim.esm	SPEL	MAG_DreadZombieLeftHand	DESC	0			Mysticism 2.4.2 CHT exact FormKey seed
000006EC	01A4CC:Skyrim.esm	SPEL	MAG_Telekinesis	FULL	0	Telekinesis	念動術	Mysticism 2.4.2 CHT exact FormKey seed
000006ED	01A4CC:Skyrim.esm	SPEL	MAG_Telekinesis	DESC	0			Mysticism 2.4.2 CHT exact FormKey seed
000006EE	01C789:Skyrim.esm	SPEL	MAG_Fireball	FULL	0	Fireball	火球術	Mysticism 2.4.2 CHT exact FormKey seed
000006EF	01C789:Skyrim.esm	SPEL	MAG_Fireball	DESC	0			Mysticism 2.4.2 CHT exact FormKey seed
000006F0	0204C3:Skyrim.esm	SPEL	MAG_ConjureFlameAtronach	FULL	0	Conjure Flame Atronach	烈焰屬靈召喚術	Mysticism 2.4.2 CHT exact FormKey seed
000006F1	0204C3:Skyrim.esm	SPEL	MAG_ConjureFlameAtronach	DESC	0			Mysticism 2.4.2 CHT exact FormKey seed
000006F2	0204C4:Skyrim.esm	SPEL	MAG_ConjureFrostAtronach	FULL	0	Conjure Frost Atronach	寒霜屬靈召喚術	Mysticism 2.4.2 CHT exact FormKey seed
000006F3	0204C4:Skyrim.esm	SPEL	MAG_ConjureFrostAtronach	DESC	0			Mysticism 2.4.2 CHT exact FormKey seed
000006F4	0204C5:Skyrim.esm	SPEL	MAG_ConjureStormAtronach	FULL	0	Conjure Storm Atronach	風暴屬靈召喚術	Mysticism 2.4.2 CHT exact FormKey seed
000006F5	0204C5:Skyrim.esm	SPEL	MAG_ConjureStormAtronach	DESC	0			Mysticism 2.4.2 CHT exact FormKey seed
000006F6	021143:Skyrim.esm	SPEL	MAG_Clairvoyance	FULL	0	Clairvoyance	嚮導術	Mysticism 2.4.2 CHT exact FormKey seed
000006F7	021143:Skyrim.esm	SPEL	MAG_Clairvoyance	DESC	0			Mysticism 2.4.2 CHT exact FormKey seed
000006F8	0211EB:Skyrim.esm	SPEL	MAG_BoundSword	FULL	0	Bound Sword	長劍塑形術	Mysticism 2.4.2 CHT exact FormKey seed
000006F9	0211EB:Skyrim.esm	SPEL	MAG_BoundSword	DESC	0			Mysticism 2.4.2 CHT exact FormKey seed
000006FA	0211EC:Skyrim.esm	SPEL	MAG_BoundBattleAxe	FULL	0	Bound Battleaxe	巨斧塑形術	Mysticism 2.4.2 CHT exact FormKey seed
000006FB	0211EC:Skyrim.esm	SPEL	MAG_BoundBattleAxe	DESC	0			Mysticism 2.4.2 CHT exact FormKey seed
000006FC	0211ED:Skyrim.esm	SPEL	MAG_BoundBow	FULL	0	Bound Bow	戰弓塑形術	Mysticism 2.4.2 CHT exact FormKey seed
000006FD	0211ED:Skyrim.esm	SPEL	MAG_BoundBow	DESC	0			Mysticism 2.4.2 CHT exact FormKey seed
000006FE	0211EE:Skyrim.esm	SPEL	MAG_DetectLife	FULL	0	Detect Life	生命感知術	Mysticism 2.4.2 CHT exact FormKey seed
000006FF	0211EE:Skyrim.esm	SPEL	MAG_DetectLife	DESC	0			Mysticism 2.4.2 CHT exact FormKey seed
00000700	0211EF:Skyrim.esm	SPEL	MAG_DetectDead	FULL	0	Detect Dead	亡者感知術	Mysticism 2.4.2 CHT exact FormKey seed
00000701	0211EF:Skyrim.esm	SPEL	MAG_DetectDead	DESC	0			Mysticism 2.4.2 CHT exact FormKey seed
00000702	0211F0:Skyrim.esm	SPEL	MAG_WardGreater	FULL	0	Greater Ward	進階結界術	Mysticism 2.4.2 CHT exact FormKey seed
00000703	0211F0:Skyrim.esm	SPEL	MAG_WardGreater	DESC	0			Mysticism 2.4.2 CHT exact FormKey seed
00000704	0211F1:Skyrim.esm	SPEL	MAG_SteadfastWard	FULL	0	Steadfast Ward	堅固結界術	Mysticism 2.4.2 CHT exact FormKey seed
00000705	0211F1:Skyrim.esm	SPEL	MAG_SteadfastWard	DESC	0			Mysticism 2.4.2 CHT exact FormKey seed
00000706	027EB6:Skyrim.esm	SPEL	MAG_InvisibilityNPC	FULL	0	Invisibility	隱形	Mysticism 2.4.2 CHT exact FormKey seed
00000707	027EB6:Skyrim.esm	SPEL	MAG_InvisibilityNPC	DESC	0			Mysticism 2.4.2 CHT exact FormKey seed
00000708	02B385:Skyrim.esm	SPEL	MAG_FlameCloakDmg	FULL	0	Flames	火燃術	Mysticism 2.4.2 CHT exact FormKey seed
00000709	02B385:Skyrim.esm	SPEL	MAG_FlameCloakDmg	DESC	0			Mysticism 2.4.2 CHT exact FormKey seed
0000070A	02B38A:Skyrim.esm	SPEL	MAG_FrostCloakDmg	FULL	0	Frost Cloak Freeze	Frost Cloak Freeze	Mysticism 2.4.2 CHT exact FormKey seed
0000070B	02B38A:Skyrim.esm	SPEL	MAG_FrostCloakDmg	DESC	0			Mysticism 2.4.2 CHT exact FormKey seed
0000070C	02B392:Skyrim.esm	SPEL	MAG_LightningCloakDmg	FULL	0	Lightning Cloak Drain	Lightning Cloak Drain	Mysticism 2.4.2 CHT exact FormKey seed
0000070D	02B392:Skyrim.esm	SPEL	MAG_LightningCloakDmg	DESC	0			Mysticism 2.4.2 CHT exact FormKey seed
0000070E	02B96B:Skyrim.esm	SPEL	MAG_Frostbite	FULL	0	Frostbite	冰寒術	Mysticism 2.4.2 CHT exact FormKey seed
0000070F	02B96B:Skyrim.esm	SPEL	MAG_Frostbite	DESC	0			Mysticism 2.4.2 CHT exact FormKey seed
00000710	02B96C:Skyrim.esm	SPEL	MAG_IceSpike	FULL	0	Ice Spike	冰錐術	Mysticism 2.4.2 CHT exact FormKey seed
00000711	02B96C:Skyrim.esm	SPEL	MAG_IceSpike	DESC	0			Mysticism 2.4.2 CHT exact FormKey seed
00000712	02DD29:Skyrim.esm	SPEL	MAG_LightningBolt	FULL	0	Lightning Bolt	閃電術	Mysticism 2.4.2 CHT exact FormKey seed
00000713	02DD29:Skyrim.esm	SPEL	MAG_LightningBolt	DESC	0			Mysticism 2.4.2 CHT exact FormKey seed
00000714	02DD2A:Skyrim.esm	SPEL	MAG_Sparks	FULL	0	Sparks	電擊術	Mysticism 2.4.2 CHT exact FormKey seed
00000715	02DD2A:Skyrim.esm	SPEL	MAG_Sparks	DESC	0			Mysticism 2.4.2 CHT exact FormKey seed
00000716	02F3B8:Skyrim.esm	SPEL	MAG_FastHealing	FULL	0	Fast Healing	高效治療術	Mysticism 2.4.2 CHT exact FormKey seed
00000717	02F3B8:Skyrim.esm	SPEL	MAG_FastHealing	DESC	0			Mysticism 2.4.2 CHT exact FormKey seed
00000718	034C38:Skyrim.esm	SPEL	MAG_HealingLeftHand	FULL	0	Healing	治療術	Mysticism 2.4.2 CHT exact FormKey seed
00000719	034C38:Skyrim.esm	SPEL	MAG_HealingLeftHand	DESC	0			Mysticism 2.4.2 CHT exact FormKey seed
0000071A	034C58:Skyrim.esm	SPEL	MAG_FrostbiteLeftHand	FULL	0	Frostbite	冰寒術	Mysticism 2.4.2 CHT exact FormKey seed
0000071B	034C58:Skyrim.esm	SPEL	MAG_FrostbiteLeftHand	DESC	0			Mysticism 2.4.2 CHT exact FormKey seed
0000071C	035D7F:Skyrim.esm	SPEL	MAG_WallOfFlames	FULL	0	Wall of Flames	烈焰障壁術	Mysticism 2.4.2 CHT exact FormKey seed
0000071D	035D7F:Skyrim.esm	SPEL	MAG_WallOfFlames	DESC	0			Mysticism 2.4.2 CHT exact FormKey seed
0000071E	035D80:Skyrim.esm	SPEL	MAG_WallOfFrost	FULL	0	Wall of Frost	冰棘障壁術	Mysticism 2.4.2 CHT exact FormKey seed
0000071F	035D80:Skyrim.esm	SPEL	MAG_WallOfFrost	DESC	0			Mysticism 2.4.2 CHT exact FormKey seed
00000720	035D81:Skyrim.esm	SPEL	MAG_WallOfStorms	FULL	0	Wall of Storms	電弧障壁術	Mysticism 2.4.2 CHT exact FormKey seed
00000721	035D81:Skyrim.esm	SPEL	MAG_WallOfStorms	DESC	0			Mysticism 2.4.2 CHT exact FormKey seed
00000722	03AE9F:Skyrim.esm	SPEL	MAG_flameCloak02	FULL	0	Flame Cloak	火焰斗篷術	Mysticism 2.4.2 CHT exact FormKey seed
00000723	03AE9F:Skyrim.esm	SPEL	MAG_flameCloak02	DESC	0			Mysticism 2.4.2 CHT exact FormKey seed
00000724	03AEA2:Skyrim.esm	SPEL	MAG_FrostCloak	FULL	0	Frost Cloak	冰霜斗篷術	Mysticism 2.4.2 CHT exact FormKey seed
00000725	03AEA2:Skyrim.esm	SPEL	MAG_FrostCloak	DESC	0			Mysticism 2.4.2 CHT exact FormKey seed
00000726	03AEA3:Skyrim.esm	SPEL	MAG_LightningCloak	FULL	0	Lightning Cloak	閃電斗篷術	Mysticism 2.4.2 CHT exact FormKey seed
00000727	03AEA3:Skyrim.esm	SPEL	MAG_LightningCloak	DESC	0			Mysticism 2.4.2 CHT exact FormKey seed
00000728	040000:Skyrim.esm	SPEL	MAG_IceSpikeLeftHand	FULL	0	Ice Spike	冰錐術	Mysticism 2.4.2 CHT exact FormKey seed
00000729	040000:Skyrim.esm	SPEL	MAG_IceSpikeLeftHand	DESC	0			Mysticism 2.4.2 CHT exact FormKey seed
0000072A	040001:Skyrim.esm	SPEL	MAG_SparksLeftHand	FULL	0	Sparks	電擊術	Mysticism 2.4.2 CHT exact FormKey seed
0000072B	040001:Skyrim.esm	SPEL	MAG_SparksLeftHand	DESC	0			Mysticism 2.4.2 CHT exact FormKey seed
0000072C	043323:Skyrim.esm	SPEL	MAG_Magelight	FULL	0	Magelight	魔光術	Mysticism 2.4.2 CHT exact FormKey seed
0000072D	043323:Skyrim.esm	SPEL	MAG_Magelight	DESC	0			Mysticism 2.4.2 CHT exact FormKey seed
0000072E	043324:Skyrim.esm	SPEL	MAG_Candlelight	FULL	0	Candlelight	燭光術	Mysticism 2.4.2 CHT exact FormKey seed
0000072F	043324:Skyrim.esm	SPEL	MAG_Candlelight	DESC	0			Mysticism 2.4.2 CHT exact FormKey seed
00000730	045F9C:Skyrim.esm	SPEL	MAG_IceStorm	FULL	0	Ice Storm	冰霜氣團術	Mysticism 2.4.2 CHT exact FormKey seed
00000731	045F9C:Skyrim.esm	SPEL	MAG_IceStorm	DESC	0			Mysticism 2.4.2 CHT exact FormKey seed
00000732	045F9D:Skyrim.esm	SPEL	MAG_ChainLightning	FULL	0	Chain Lightning	閃電連鎖術	Mysticism 2.4.2 CHT exact FormKey seed
00000733	045F9D:Skyrim.esm	SPEL	MAG_ChainLightning	DESC	0			Mysticism 2.4.2 CHT exact FormKey seed
00000734	04B146:Skyrim.esm	SPEL	MAG_TurnUndead	FULL	0	Turn Undead	進階驅邪術	Mysticism 2.4.2 CHT exact FormKey seed
00000735	04B146:Skyrim.esm	SPEL	MAG_TurnUndead	DESC	0			Mysticism 2.4.2 CHT exact FormKey seed
00000736	04D3F2:Skyrim.esm	SPEL	MAG_HealingHands	FULL	0	Healing Hands	他人治療術	Mysticism 2.4.2 CHT exact FormKey seed
00000737	04D3F2:Skyrim.esm	SPEL	MAG_HealingHands	DESC	0			Mysticism 2.4.2 CHT exact FormKey seed
00000738	04D3F8:Skyrim.esm	SPEL	MAG_TurnLesserUndead	FULL	0	Turn Lesser Undead	初階驅邪術	Mysticism 2.4.2 CHT exact FormKey seed
00000739	04D3F8:Skyrim.esm	SPEL	MAG_TurnLesserUndead	DESC	0			Mysticism 2.4.2 CHT exact FormKey seed
0000073A	04DBA4:Skyrim.esm	SPEL	MAG_SoulTrap	FULL	0	Soul Trap	縛魂術	Mysticism 2.4.2 CHT exact FormKey seed
0000073B	04DBA4:Skyrim.esm	SPEL	MAG_SoulTrap	DESC	0			Mysticism 2.4.2 CHT exact FormKey seed
0000073C	04DEE8:Skyrim.esm	SPEL	MAG_Courage	FULL	0	Courage	勇氣	Mysticism 2.4.2 CHT exact FormKey seed
0000073D	04DEE8:Skyrim.esm	SPEL	MAG_Courage	DESC	0			Mysticism 2.4.2 CHT exact FormKey seed
0000073E	04DEE9:Skyrim.esm	SPEL	MAG_Calm	FULL	0	Calm	安撫術	Mysticism 2.4.2 CHT exact FormKey seed
0000073F	04DEE9:Skyrim.esm	SPEL	MAG_Calm	DESC	0			Mysticism 2.4.2 CHT exact FormKey seed
00000740	04DEEA:Skyrim.esm	SPEL	MAG_Fear	FULL	0	Fear	懼逃術	Mysticism 2.4.2 CHT exact FormKey seed
00000741	04DEEA:Skyrim.esm	SPEL	MAG_Fear	DESC	0			Mysticism 2.4.2 CHT exact FormKey seed
00000742	04DEEB:Skyrim.esm	SPEL	MAG_Frenzy	FULL	0	Frenzy	狂心術	Mysticism 2.4.2 CHT exact FormKey seed
00000743	04DEEB:Skyrim.esm	SPEL	MAG_Frenzy	DESC	0			Mysticism 2.4.2 CHT exact FormKey seed
00000744	04DEEC:Skyrim.esm	SPEL	MAG_Rally	FULL	0	Rally	振奮術	Mysticism 2.4.2 CHT exact FormKey seed
00000745	04DEEC:Skyrim.esm	SPEL	MAG_Rally	DESC	0			Mysticism 2.4.2 CHT exact FormKey seed
00000746	04DEED:Skyrim.esm	SPEL	MAG_Pacify	FULL	0	Pacify	平息術	Mysticism 2.4.2 CHT exact FormKey seed
00000747	04DEED:Skyrim.esm	SPEL	MAG_Pacify	DESC	0			Mysticism 2.4.2 CHT exact FormKey seed
00000748	04DEEE:Skyrim.esm	SPEL	MAG_Rage	FULL	0	Rage	狂暴術	Mysticism 2.4.2 CHT exact FormKey seed
00000749	04DEEE:Skyrim.esm	SPEL	MAG_Rage	DESC	0			Mysticism 2.4.2 CHT exact FormKey seed
0000074A	04DEEF:Skyrim.esm	SPEL	MAG_Terror	FULL	0	Terror	潰逃術	Mysticism 2.4.2 CHT exact FormKey seed
0000074B	04DEEF:Skyrim.esm	SPEL	MAG_Terror	DESC	0			Mysticism 2.4.2 CHT exact FormKey seed
0000074C	04E80D:Skyrim.esm	SPEL	MAG_HazardCircleofProtectionSpell	FULL	0	Circle of Protection	庇護領域術	Mysticism 2.4.2 CHT exact FormKey seed
0000074D	04E80D:Skyrim.esm	SPEL	MAG_HazardCircleofProtectionSpell	DESC	0			Mysticism 2.4.2 CHT exact FormKey seed
0000074E	051B16:Skyrim.esm	SPEL	MAG_Ironflesh	FULL	0	Ironflesh	鐵身術	Mysticism 2.4.2 CHT exact FormKey seed
0000074F	051B16:Skyrim.esm	SPEL	MAG_Ironflesh	DESC	0			Mysticism 2.4.2 CHT exact FormKey seed
00000750	05312D:Skyrim.esm	SPEL	MAG_CircleofProtection	FULL	0	Circle of Protection	庇護領域術	Mysticism 2.4.2 CHT exact FormKey seed
00000751	05312D:Skyrim.esm	SPEL	MAG_CircleofProtection	DESC	0			Mysticism 2.4.2 CHT exact FormKey seed
00000752	0591A4:Skyrim.esm	SPEL	MAG_HazardWallOfShockSpell	FULL	0	Shock	Shock	Mysticism 2.4.2 CHT exact FormKey seed
00000753	0591A4:Skyrim.esm	SPEL	MAG_HazardWallOfShockSpell	DESC	0			Mysticism 2.4.2 CHT exact FormKey seed
00000754	05AD5C:Skyrim.esm	SPEL	MAG_Oakflesh	FULL	0	Oakflesh	木身術	Mysticism 2.4.2 CHT exact FormKey seed
00000755	05AD5C:Skyrim.esm	SPEL	MAG_Oakflesh	DESC	0			Mysticism 2.4.2 CHT exact FormKey seed
00000756	05AD5D:Skyrim.esm	SPEL	MAG_Stoneflesh	FULL	0	Stoneflesh	石身術	Mysticism 2.4.2 CHT exact FormKey seed
00000757	05AD5D:Skyrim.esm	SPEL	MAG_Stoneflesh	DESC	0			Mysticism 2.4.2 CHT exact FormKey seed
00000758	05AD5E:Skyrim.esm	SPEL	MAG_Ebonyflesh	FULL	0	Ebonyflesh	玄曜身術	Mysticism 2.4.2 CHT exact FormKey seed
00000759	05AD5E:Skyrim.esm	SPEL	MAG_Ebonyflesh	DESC	0			Mysticism 2.4.2 CHT exact FormKey seed
0000075A	05AD5F:Skyrim.esm	SPEL	MAG_Paralyze	FULL	0	Paralyze	麻痺術	Mysticism 2.4.2 CHT exact FormKey seed
0000075B	05AD5F:Skyrim.esm	SPEL	MAG_Paralyze	DESC	0			Mysticism 2.4.2 CHT exact FormKey seed
0000075C	05D175:Skyrim.esm	SPEL	MAG_WaterBreathing	FULL	0	Waterbreathing	水息術	Mysticism 2.4.2 CHT exact FormKey seed
0000075D	05D175:Skyrim.esm	SPEL	MAG_WaterBreathing	DESC	0			Mysticism 2.4.2 CHT exact FormKey seed
0000075E	05DB90:Skyrim.esm	SPEL	MAG_FireRune	FULL	0	Fire Rune	暴炎法印	Mysticism 2.4.2 CHT exact FormKey seed
0000075F	05DB90:Skyrim.esm	SPEL	MAG_FireRune	DESC	0			Mysticism 2.4.2 CHT exact FormKey seed
00000760	05DD5D:Skyrim.esm	SPEL	MAG_TurnGreaterUndead	FULL	0	Turn Greater Undead	高階驅邪術	Mysticism 2.4.2 CHT exact FormKey seed
00000761	05DD5D:Skyrim.esm	SPEL	MAG_TurnGreaterUndead	DESC	0			Mysticism 2.4.2 CHT exact FormKey seed
00000762	05DD5E:Skyrim.esm	SPEL	MAG_RepelUndead	FULL	0	Repel Undead	進階辟邪術	Mysticism 2.4.2 CHT exact FormKey seed
00000763	05DD5E:Skyrim.esm	SPEL	MAG_RepelUndead	DESC	0			Mysticism 2.4.2 CHT exact FormKey seed
00000764	05DD60:Skyrim.esm	SPEL	MAG_RepelUndeadUnused01	FULL	0	Repel Undead	進階辟邪術	Mysticism 2.4.2 CHT exact FormKey seed
00000765	05DD60:Skyrim.esm	SPEL	MAG_RepelUndeadUnused01	DESC	0			Mysticism 2.4.2 CHT exact FormKey seed
00000766	0640B6:Skyrim.esm	SPEL	MAG_ConjureSpectralWolf	FULL	0	Conjure Spectral Wolf	幽靈狼召喚術	Mysticism 2.4.2 CHT exact FormKey seed
00000767	0640B6:Skyrim.esm	SPEL	MAG_ConjureSpectralWolf	DESC	0			Mysticism 2.4.2 CHT exact FormKey seed
00000768	065BD7:Skyrim.esm	SPEL	MAG_ReanimateCorpse	FULL	0	Reanimate Corpse	屍儡喚起術	Mysticism 2.4.2 CHT exact FormKey seed
00000769	065BD7:Skyrim.esm	SPEL	MAG_ReanimateCorpse	DESC	0			Mysticism 2.4.2 CHT exact FormKey seed
0000076A	06796F:Skyrim.esm	SPEL	MAG_FrostRune	FULL	0	Frost Rune	暴霜法印	Mysticism 2.4.2 CHT exact FormKey seed
0000076B	06796F:Skyrim.esm	SPEL	MAG_FrostRune	DESC	0			Mysticism 2.4.2 CHT exact FormKey seed
0000076C	067970:Skyrim.esm	SPEL	MAG_LightningRune	FULL	0	Lightning Rune	暴電法印	Mysticism 2.4.2 CHT exact FormKey seed
0000076D	067970:Skyrim.esm	SPEL	MAG_LightningRune	DESC	0			Mysticism 2.4.2 CHT exact FormKey seed
0000076E	06A153:Skyrim.esm	SPEL	MAG_MGRSummonArniel	FULL	0	Summon Arniel's Shade	阿內爾之影召喚術	Mysticism 2.4.2 CHT exact FormKey seed
0000076F	06A153:Skyrim.esm	SPEL	MAG_MGRSummonArniel	DESC	0			Mysticism 2.4.2 CHT exact FormKey seed
00000770	06D22C:Skyrim.esm	SPEL	MAG_BanishDaedra	FULL	0	Banish Daedra	魔族遣返術	Mysticism 2.4.2 CHT exact FormKey seed
00000771	06D22C:Skyrim.esm	SPEL	MAG_BanishDaedra	DESC	0			Mysticism 2.4.2 CHT exact FormKey seed
00000772	06F952:Skyrim.esm	SPEL	MAG_ExpelDaedra	FULL	0	Expel Daedra	魔族逐返術	Mysticism 2.4.2 CHT exact FormKey seed
00000773	06F952:Skyrim.esm	SPEL	MAG_ExpelDaedra	DESC	0			Mysticism 2.4.2 CHT exact FormKey seed
00000774	06F953:Skyrim.esm	SPEL	MAG_CommandDaedra	FULL	0	Command Daedra	魔族支配術	Mysticism 2.4.2 CHT exact FormKey seed
00000775	06F953:Skyrim.esm	SPEL	MAG_CommandDaedra	DESC	0			Mysticism 2.4.2 CHT exact FormKey seed
00000776	072315:Skyrim.esm	SPEL	MAG_OakfleshLeftHand	FULL	0	Oakflesh	木身術	Mysticism 2.4.2 CHT exact FormKey seed
00000777	072315:Skyrim.esm	SPEL	MAG_OakfleshLeftHand	DESC	0			Mysticism 2.4.2 CHT exact FormKey seed
00000778	072316:Skyrim.esm	SPEL	MAG_StonefleshLeftHand	FULL	0	Stoneflesh	石身術	Mysticism 2.4.2 CHT exact FormKey seed
00000779	072316:Skyrim.esm	SPEL	MAG_StonefleshLeftHand	DESC	0			Mysticism 2.4.2 CHT exact FormKey seed
0000077A	072317:Skyrim.esm	SPEL	MAG_IronfleshLeftHand	FULL	0	Ironflesh	鐵身術	Mysticism 2.4.2 CHT exact FormKey seed
0000077B	072317:Skyrim.esm	SPEL	MAG_IronfleshLeftHand	DESC	0			Mysticism 2.4.2 CHT exact FormKey seed
0000077C	072318:Skyrim.esm	SPEL	MAG_EbonyfleshLeftHand	FULL	0	Ebonyflesh	玄曜身術	Mysticism 2.4.2 CHT exact FormKey seed
0000077D	072318:Skyrim.esm	SPEL	MAG_EbonyfleshLeftHand	DESC	0			Mysticism 2.4.2 CHT exact FormKey seed
0000077E	07231A:Skyrim.esm	SPEL	MAG_SteadfastWardLeftHand	FULL	0	Steadfast Ward	堅固結界術	Mysticism 2.4.2 CHT exact FormKey seed
0000077F	07231A:Skyrim.esm	SPEL	MAG_SteadfastWardLeftHand	DESC	0			Mysticism 2.4.2 CHT exact FormKey seed
00000780	07231B:Skyrim.esm	SPEL	MAG_WardGreaterLeftHand	FULL	0	Greater Ward	進階結界術	Mysticism 2.4.2 CHT exact FormKey seed
00000781	07231B:Skyrim.esm	SPEL	MAG_WardGreaterLeftHand	DESC	0			Mysticism 2.4.2 CHT exact FormKey seed
00000782	07231C:Skyrim.esm	SPEL	MAG_FastHealingLeftHand	FULL	0	Fast Healing	高效治療術	Mysticism 2.4.2 CHT exact FormKey seed
00000783	07231C:Skyrim.esm	SPEL	MAG_FastHealingLeftHand	DESC	0			Mysticism 2.4.2 CHT exact FormKey seed
00000784	07A82B:Skyrim.esm	SPEL	MAG_FireStorm	FULL	0	Fire Storm	炎火爆燃術	Mysticism 2.4.2 CHT exact FormKey seed
00000785	07A82B:Skyrim.esm	SPEL	MAG_FireStorm	DESC	0			Mysticism 2.4.2 CHT exact FormKey seed
00000786	07D98F:Skyrim.esm	SPEL	MAG_FireboltLeftHand	FULL	0	Firebolt	火彈術	Mysticism 2.4.2 CHT exact FormKey seed
00000787	07D98F:Skyrim.esm	SPEL	MAG_FireboltLeftHand	DESC	0			Mysticism 2.4.2 CHT exact FormKey seed
00000788	07D996:Skyrim.esm	SPEL	MAG_FlamesLeftHand	FULL	0	Flames	火燃術	Mysticism 2.4.2 CHT exact FormKey seed
00000789	07D996:Skyrim.esm	SPEL	MAG_FlamesLeftHand	DESC	0			Mysticism 2.4.2 CHT exact FormKey seed
0000078A	07D997:Skyrim.esm	SPEL	MAG_FireballLeftHand	FULL	0	Fireball	火球術	Mysticism 2.4.2 CHT exact FormKey seed
0000078B	07D997:Skyrim.esm	SPEL	MAG_FireballLeftHand	DESC	0			Mysticism 2.4.2 CHT exact FormKey seed
0000078C	07D99C:Skyrim.esm	SPEL	MAG_ChainLightningLeftHand	FULL	0	Chain Lightning	閃電連鎖術	Mysticism 2.4.2 CHT exact FormKey seed
0000078D	07D99C:Skyrim.esm	SPEL	MAG_ChainLightningLeftHand	DESC	0			Mysticism 2.4.2 CHT exact FormKey seed
0000078E	07E5D5:Skyrim.esm	SPEL	MAG_ConjureFlameMonarch	FULL	0	Conjure Flame Monarch	烈焰君王召喚術	Mysticism 2.4.2 CHT exact FormKey seed
0000078F	07E5D5:Skyrim.esm	SPEL	MAG_ConjureFlameMonarch	DESC	0			Mysticism 2.4.2 CHT exact FormKey seed
00000790	07E5D6:Skyrim.esm	SPEL	MAG_ConjureFrostMonarch	FULL	0	Conjure Frost Monarch	寒霜君王召喚術	Mysticism 2.4.2 CHT exact FormKey seed
00000791	07E5D6:Skyrim.esm	SPEL	MAG_ConjureFrostMonarch	DESC	0			Mysticism 2.4.2 CHT exact FormKey seed
00000792	07E5D7:Skyrim.esm	SPEL	MAG_ConjureStormMonarch	FULL	0	Conjure Storm Monarch	風暴君王召喚術	Mysticism 2.4.2 CHT exact FormKey seed
00000793	07E5D7:Skyrim.esm	SPEL	MAG_ConjureStormMonarch	DESC	0			Mysticism 2.4.2 CHT exact FormKey seed
00000794	07E882:Skyrim.esm	SPEL	MAG_crAtronachFlameFirebolt	FULL	0	Firebolt	火彈術	Mysticism 2.4.2 CHT exact FormKey seed
00000795	07E882:Skyrim.esm	SPEL	MAG_crAtronachFlameFirebolt	DESC	0			Mysticism 2.4.2 CHT exact FormKey seed
00000796	07E8DA:Skyrim.esm	SPEL	MAG_Mayhem	FULL	0	Mayhem	狂亂術	Mysticism 2.4.2 CHT exact FormKey seed
00000797	07E8DA:Skyrim.esm	SPEL	MAG_Mayhem	DESC	0			Mysticism 2.4.2 CHT exact FormKey seed
00000798	07E8DB:Skyrim.esm	SPEL	MAG_Harmony	FULL	0	Harmony	和睦術	Mysticism 2.4.2 CHT exact FormKey seed
00000799	07E8DB:Skyrim.esm	SPEL	MAG_Harmony	DESC	0			Mysticism 2.4.2 CHT exact FormKey seed
0000079A	07E8DD:Skyrim.esm	SPEL	MAG_CallToArms	FULL	0	Call to Arms	激勵術	Mysticism 2.4.2 CHT exact FormKey seed
0000079B	07E8DD:Skyrim.esm	SPEL	MAG_CallToArms	DESC	0			Mysticism 2.4.2 CHT exact FormKey seed
0000079C	07E8DE:Skyrim.esm	SPEL	MAG_Hysteria	FULL	0	Hysteria	瘋逃術	Mysticism 2.4.2 CHT exact FormKey seed
0000079D	07E8DE:Skyrim.esm	SPEL	MAG_Hysteria	DESC	0			Mysticism 2.4.2 CHT exact FormKey seed
0000079E	07E8DF:Skyrim.esm	SPEL	MAG_DeadThrall	FULL	0	Dead Thrall	屍僕支配術	Mysticism 2.4.2 CHT exact FormKey seed
0000079F	07E8DF:Skyrim.esm	SPEL	MAG_DeadThrall	DESC	0			Mysticism 2.4.2 CHT exact FormKey seed
000007A0	07E8E1:Skyrim.esm	SPEL	MAG_RaiseZombie	FULL	0	Raise Zombie	屍儡喚醒術	Mysticism 2.4.2 CHT exact FormKey seed
000007A1	07E8E1:Skyrim.esm	SPEL	MAG_RaiseZombie	DESC	0			Mysticism 2.4.2 CHT exact FormKey seed
000007A2	07E8E4:Skyrim.esm	SPEL	MAG_Blizzard	FULL	0	Blizzard	暴雪氣旋術	Mysticism 2.4.2 CHT exact FormKey seed
000007A3	07E8E4:Skyrim.esm	SPEL	MAG_Blizzard	DESC	0			Mysticism 2.4.2 CHT exact FormKey seed
000007A4	07E8E5:Skyrim.esm	SPEL	MAG_LightningStorm	FULL	0	Lightning Storm	閃電風暴術	Mysticism 2.4.2 CHT exact FormKey seed
000007A5	07E8E5:Skyrim.esm	SPEL	MAG_LightningStorm	DESC	0			Mysticism 2.4.2 CHT exact FormKey seed
000007A6	08C1AB:Skyrim.esm	SPEL	MAG_BaneoftheUndead	FULL	0	Bane of the Undead	破邪術	Mysticism 2.4.2 CHT exact FormKey seed
000007A7	08C1AB:Skyrim.esm	SPEL	MAG_BaneoftheUndead	DESC	0			Mysticism 2.4.2 CHT exact FormKey seed
000007A8	08CB03:Skyrim.esm	SPEL	MAG_HealingRightHand	FULL	0	Healing	治療術	Mysticism 2.4.2 CHT exact FormKey seed
000007A9	08CB03:Skyrim.esm	SPEL	MAG_HealingRightHand	DESC	0			Mysticism 2.4.2 CHT exact FormKey seed
000007AA	08F3EB:Skyrim.esm	SPEL	MAG_Muffle	FULL	0	Muffle	消音術	Mysticism 2.4.2 CHT exact FormKey seed
000007AB	08F3EB:Skyrim.esm	SPEL	MAG_Muffle	DESC	0			Mysticism 2.4.2 CHT exact FormKey seed
000007AC	08F3F1:Skyrim.esm	SPEL	MAG_HazardWallofFireSpell	FULL	0	Fire	火焰	Mysticism 2.4.2 CHT exact FormKey seed
000007AD	08F3F1:Skyrim.esm	SPEL	MAG_HazardWallofFireSpell	DESC	0			Mysticism 2.4.2 CHT exact FormKey seed
000007AE	08F3F5:Skyrim.esm	SPEL	MAG_HazardWallofFrostSpell	FULL	0	Frost	寒霜	Mysticism 2.4.2 CHT exact FormKey seed
000007AF	08F3F5:Skyrim.esm	SPEL	MAG_HazardWallofFrostSpell	DESC	0			Mysticism 2.4.2 CHT exact FormKey seed
000007B0	090353:Skyrim.esm	SPEL	MAG_crAtronachStormChainLightning	FULL	0	Chain Lightning	閃電連鎖術	Mysticism 2.4.2 CHT exact FormKey seed
000007B1	090353:Skyrim.esm	SPEL	MAG_crAtronachStormChainLightning	DESC	0			Mysticism 2.4.2 CHT exact FormKey seed
000007B2	096D94:Skyrim.esm	SPEL	MAG_Revenant	FULL	0	Revenant	屍儡驅使術	Mysticism 2.4.2 CHT exact FormKey seed
000007B3	096D94:Skyrim.esm	SPEL	MAG_Revenant	DESC	0			Mysticism 2.4.2 CHT exact FormKey seed
000007B4	096D95:Skyrim.esm	SPEL	MAG_DreadZombie	FULL	0	Dread Zombie	屍儡差遣術	Mysticism 2.4.2 CHT exact FormKey seed
000007B5	096D95:Skyrim.esm	SPEL	MAG_DreadZombie	DESC	0			Mysticism 2.4.2 CHT exact FormKey seed
000007B6	09CE26:Skyrim.esm	SPEL	MAG_FlamingFamiliar	FULL	0	Conjure Flaming Familiar	烈焰使魔召喚術	Mysticism 2.4.2 CHT exact FormKey seed
000007B7	09CE26:Skyrim.esm	SPEL	MAG_FlamingFamiliar	DESC	0	Summons a flaming familiar which will charge into battle and explode.	召喚一個全身烈焰的使魔衝進戰場然後爆炸。	Mysticism 2.4.2 CHT exact FormKey seed
000007B8	0A1992:Skyrim.esm	SPEL	MAG_IceStormLeftHand	FULL	0	Ice Storm	冰霜氣團術	Mysticism 2.4.2 CHT exact FormKey seed
000007B9	0A1992:Skyrim.esm	SPEL	MAG_IceStormLeftHand	DESC	0			Mysticism 2.4.2 CHT exact FormKey seed
000007BA	0ABDF3:Skyrim.esm	SPEL	MAG_ConjureFrostAtronachLeftHand	FULL	0	Conjure Frost Atronach	寒霜屬靈召喚術	Mysticism 2.4.2 CHT exact FormKey seed
000007BB	0ABDF3:Skyrim.esm	SPEL	MAG_ConjureFrostAtronachLeftHand	DESC	0			Mysticism 2.4.2 CHT exact FormKey seed
000007BC	0B62E6:Skyrim.esm	SPEL	MAG_Debilitation	FULL	0	Debilitation	癱瘓術	Mysticism 2.4.2 CHT exact FormKey seed
000007BD	0B62E6:Skyrim.esm	SPEL	MAG_Debilitation	DESC	0			Mysticism 2.4.2 CHT exact FormKey seed
000007BE	0B62EE:Skyrim.esm	SPEL	MAG_BreathofLife	FULL	0	Breath of Life	生命吐息術	Mysticism 2.4.2 CHT exact FormKey seed
000007BF	0B62EE:Skyrim.esm	SPEL	MAG_BreathofLife	DESC	0			Mysticism 2.4.2 CHT exact FormKey seed
000007C0	0B62EF:Skyrim.esm	SPEL	MAG_GreaterHealing	FULL	0	Greater Healing	進階治療術	Mysticism 2.4.2 CHT exact FormKey seed
000007C1	0B62EF:Skyrim.esm	SPEL	MAG_GreaterHealing	DESC	0			Mysticism 2.4.2 CHT exact FormKey seed
000007C2	0B7A02:Skyrim.esm	SPEL	MAG_HazardFrostBlizzardSpell03	FULL	0	Frost	寒霜	Mysticism 2.4.2 CHT exact FormKey seed
000007C3	0B7A02:Skyrim.esm	SPEL	MAG_HazardFrostBlizzardSpell03	DESC	0			Mysticism 2.4.2 CHT exact FormKey seed
000007C4	0BB967:Skyrim.esm	SPEL	MAG_ConjureFlameAtronachLeftHand	FULL	0	Conjure Flame Atronach	烈焰屬靈召喚術	Mysticism 2.4.2 CHT exact FormKey seed
000007C5	0BB967:Skyrim.esm	SPEL	MAG_ConjureFlameAtronachLeftHand	DESC	0			Mysticism 2.4.2 CHT exact FormKey seed
000007C6	0BB968:Skyrim.esm	SPEL	MAG_ConjureStormAtronachLeftHand	FULL	0	Conjure Storm Atronach	風暴屬靈召喚術	Mysticism 2.4.2 CHT exact FormKey seed
000007C7	0BB968:Skyrim.esm	SPEL	MAG_ConjureStormAtronachLeftHand	DESC	0			Mysticism 2.4.2 CHT exact FormKey seed
000007C8	0BB969:Skyrim.esm	SPEL	MAG_FireballRightHand	FULL	0	Fireball	火球術	Mysticism 2.4.2 CHT exact FormKey seed
000007C9	0BB969:Skyrim.esm	SPEL	MAG_FireballRightHand	DESC	0			Mysticism 2.4.2 CHT exact FormKey seed
000007CA	0BB96A:Skyrim.esm	SPEL	MAG_IceStormRightHand	FULL	0	Ice Storm	冰霜氣團術	Mysticism 2.4.2 CHT exact FormKey seed
000007CB	0BB96A:Skyrim.esm	SPEL	MAG_IceStormRightHand	DESC	0			Mysticism 2.4.2 CHT exact FormKey seed
000007CC	0BB96B:Skyrim.esm	SPEL	MAG_ChainLightningRightHand	FULL	0	Chain Lightning	閃電連鎖術	Mysticism 2.4.2 CHT exact FormKey seed
000007CD	0BB96B:Skyrim.esm	SPEL	MAG_ChainLightningRightHand	DESC	0			Mysticism 2.4.2 CHT exact FormKey seed
000007CE	0C969A:Skyrim.esm	SPEL	MAG_FlamesRightHand	FULL	0	Flames	火燃術	Mysticism 2.4.2 CHT exact FormKey seed
000007CF	0C969A:Skyrim.esm	SPEL	MAG_FlamesRightHand	DESC	0			Mysticism 2.4.2 CHT exact FormKey seed
000007D0	0C969B:Skyrim.esm	SPEL	MAG_FireboltRightHand	FULL	0	Firebolt	火彈術	Mysticism 2.4.2 CHT exact FormKey seed
000007D1	0C969B:Skyrim.esm	SPEL	MAG_FireboltRightHand	DESC	0			Mysticism 2.4.2 CHT exact FormKey seed
000007D2	0C969C:Skyrim.esm	SPEL	MAG_IceSpikeRightHand	FULL	0	Ice Spike	冰錐術	Mysticism 2.4.2 CHT exact FormKey seed
000007D3	0C969C:Skyrim.esm	SPEL	MAG_IceSpikeRightHand	DESC	0			Mysticism 2.4.2 CHT exact FormKey seed
000007D4	0C969D:Skyrim.esm	SPEL	MAG_FrostbiteRightHand	FULL	0	Frostbite	冰寒術	Mysticism 2.4.2 CHT exact FormKey seed
000007D5	0C969D:Skyrim.esm	SPEL	MAG_FrostbiteRightHand	DESC	0			Mysticism 2.4.2 CHT exact FormKey seed
000007D6	0C969E:Skyrim.esm	SPEL	MAG_RaiseZombieLeftHand	FULL	0	Raise Zombie	屍儡喚醒術	Mysticism 2.4.2 CHT exact FormKey seed
000007D7	0C969E:Skyrim.esm	SPEL	MAG_RaiseZombieLeftHand	DESC	0			Mysticism 2.4.2 CHT exact FormKey seed
000007D8	0C96A0:Skyrim.esm	SPEL	MAG_BoundSwordRightHand	FULL	0	Bound Sword	長劍塑形術	Mysticism 2.4.2 CHT exact FormKey seed
000007D9	0C96A0:Skyrim.esm	SPEL	MAG_BoundSwordRightHand	DESC	0			Mysticism 2.4.2 CHT exact FormKey seed
000007DA	0C96A1:Skyrim.esm	SPEL	MAG_SparksRightHand	FULL	0	Sparks	電擊術	Mysticism 2.4.2 CHT exact FormKey seed
000007DB	0C96A1:Skyrim.esm	SPEL	MAG_SparksRightHand	DESC	0			Mysticism 2.4.2 CHT exact FormKey seed
000007DC	0CAB65:Skyrim.esm	SPEL	MAG_ReanimateCorpseLeftHand	FULL	0	Reanimate Corpse	屍儡喚起術	Mysticism 2.4.2 CHT exact FormKey seed
000007DD	0CAB65:Skyrim.esm	SPEL	MAG_ReanimateCorpseLeftHand	DESC	0			Mysticism 2.4.2 CHT exact FormKey seed
000007DE	0CAB66:Skyrim.esm	SPEL	MAG_RevenantLeftHand	FULL	0	Revenant	屍儡驅使術	Mysticism 2.4.2 CHT exact FormKey seed
000007DF	0CAB66:Skyrim.esm	SPEL	MAG_RevenantLeftHand	DESC	0			Mysticism 2.4.2 CHT exact FormKey seed
000007E0	0CDB70:Skyrim.esm	SPEL	MAG_Dragonhide	FULL	0	Dragonhide	龍膚術	Mysticism 2.4.2 CHT exact FormKey seed
000007E1	0CDB70:Skyrim.esm	SPEL	MAG_Dragonhide	DESC	0			Mysticism 2.4.2 CHT exact FormKey seed
000007E2	0DA746:Skyrim.esm	SPEL	MAG_Equilibrium	FULL	0	Equilibrium	平衡分配術	Mysticism 2.4.2 CHT exact FormKey seed
000007E3	0DA746:Skyrim.esm	SPEL	MAG_Equilibrium	DESC	0	Sacrifices Health to restore a moderate amount of Magicka and Stamina.	以生命換取一定量的法力和耐力回復。	Mysticism 2.4.2 CHT exact FormKey seed
000007E4	0DE511:Skyrim.esm	SPEL	MAG_FlameCloakLeftHand	FULL	0	Flame Cloak	火焰斗篷術	Mysticism 2.4.2 CHT exact FormKey seed
000007E5	0DE511:Skyrim.esm	SPEL	MAG_FlameCloakLeftHand	DESC	0			Mysticism 2.4.2 CHT exact FormKey seed
000007E6	0F95EA:Skyrim.esm	SPEL	MAG_BanishDaedraLeftHand	FULL	0	Banish Daedra	魔族遣返術	Mysticism 2.4.2 CHT exact FormKey seed
000007E7	0F95EA:Skyrim.esm	SPEL	MAG_BanishDaedraLeftHand	DESC	0			Mysticism 2.4.2 CHT exact FormKey seed
000007E8	0F95EB:Skyrim.esm	SPEL	MAG_GreaterHealingLeftHand	FULL	0	Greater Healing	進階治療術	Mysticism 2.4.2 CHT exact FormKey seed
000007E9	0F95EB:Skyrim.esm	SPEL	MAG_GreaterHealingLeftHand	DESC	0			Mysticism 2.4.2 CHT exact FormKey seed
000007EA	0F95EC:Skyrim.esm	SPEL	MAG_TurnGreaterUndeadLeftHand	FULL	0	Turn Undead	進階驅邪術	Mysticism 2.4.2 CHT exact FormKey seed
000007EB	0F95EC:Skyrim.esm	SPEL	MAG_TurnGreaterUndeadLeftHand	DESC	0			Mysticism 2.4.2 CHT exact FormKey seed
000007EC	0F95ED:Skyrim.esm	SPEL	MAG_TurnUndeadLeftHand	FULL	0	Turn  Undead	驅邪術	Mysticism 2.4.2 CHT exact FormKey seed
000007ED	0F95ED:Skyrim.esm	SPEL	MAG_TurnUndeadLeftHand	DESC	0			Mysticism 2.4.2 CHT exact FormKey seed
000007EE	0F95EE:Skyrim.esm	SPEL	MAG_CommandDaedraLeftHand	FULL	0	Command Daedra	魔族支配術	Mysticism 2.4.2 CHT exact FormKey seed
000007EF	0F95EE:Skyrim.esm	SPEL	MAG_CommandDaedraLeftHand	DESC	0			Mysticism 2.4.2 CHT exact FormKey seed
000007F0	0F95EF:Skyrim.esm	SPEL	MAG_ExpelDaedraLeftHand	FULL	0	Expel Daedra	魔族逐返術	Mysticism 2.4.2 CHT exact FormKey seed
000007F1	0F95EF:Skyrim.esm	SPEL	MAG_ExpelDaedraLeftHand	DESC	0			Mysticism 2.4.2 CHT exact FormKey seed
000007F2	0F9615:Skyrim.esm	SPEL	MAG_BoundSwordLeftHand	FULL	0	Bound Sword	長劍塑形術	Mysticism 2.4.2 CHT exact FormKey seed
000007F3	0F9615:Skyrim.esm	SPEL	MAG_BoundSwordLeftHand	DESC	0			Mysticism 2.4.2 CHT exact FormKey seed
000007F4	100E75:Skyrim.esm	SPEL	MAG_ConjureSpectralWolfRightHand	FULL	0	Conjure Spectral Wolf	幽靈狼召喚術	Mysticism 2.4.2 CHT exact FormKey seed
000007F5	100E75:Skyrim.esm	SPEL	MAG_ConjureSpectralWolfRightHand	DESC	0			Mysticism 2.4.2 CHT exact FormKey seed
000007F6	100E76:Skyrim.esm	SPEL	MAG_ConjureFlameAtronachRightHand	FULL	0	Conjure Flame Atronach	烈焰屬靈召喚術	Mysticism 2.4.2 CHT exact FormKey seed
000007F7	100E76:Skyrim.esm	SPEL	MAG_ConjureFlameAtronachRightHand	DESC	0			Mysticism 2.4.2 CHT exact FormKey seed
000007F8	100E77:Skyrim.esm	SPEL	MAG_ConjureFrostAtronachRightHand	FULL	0	Conjure Frost Atronach	寒霜屬靈召喚術	Mysticism 2.4.2 CHT exact FormKey seed
000007F9	100E77:Skyrim.esm	SPEL	MAG_ConjureFrostAtronachRightHand	DESC	0			Mysticism 2.4.2 CHT exact FormKey seed
000007FA	100E78:Skyrim.esm	SPEL	MAG_ConjureStormAtronachRightHand	FULL	0	Conjure Storm Atronach	風暴屬靈召喚術	Mysticism 2.4.2 CHT exact FormKey seed
000007FB	100E78:Skyrim.esm	SPEL	MAG_ConjureStormAtronachRightHand	DESC	0			Mysticism 2.4.2 CHT exact FormKey seed
000007FC	10105F:Skyrim.esm	SPEL	MAG_ReanimateCorpseRightHand	FULL	0	Reanimate Corpse	屍儡喚起術	Mysticism 2.4.2 CHT exact FormKey seed
000007FD	10105F:Skyrim.esm	SPEL	MAG_ReanimateCorpseRightHand	DESC	0			Mysticism 2.4.2 CHT exact FormKey seed
000007FE	101060:Skyrim.esm	SPEL	MAG_RevenantRighHand	FULL	0	Revenant	屍儡驅使術	Mysticism 2.4.2 CHT exact FormKey seed
000007FF	101060:Skyrim.esm	SPEL	MAG_RevenantRighHand	DESC	0			Mysticism 2.4.2 CHT exact FormKey seed
00000800	101062:Skyrim.esm	SPEL	MAG_DreadZombieRightHand	FULL	0	Dread Zombie	屍儡差遣術	Mysticism 2.4.2 CHT exact FormKey seed
00000801	101062:Skyrim.esm	SPEL	MAG_DreadZombieRightHand	DESC	0			Mysticism 2.4.2 CHT exact FormKey seed
00000802	101064:Skyrim.esm	SPEL	MAG_GrandHealingLeftHand	FULL	0	Grand Healing	高階治療術	Mysticism 2.4.2 CHT exact FormKey seed
00000803	101064:Skyrim.esm	SPEL	MAG_GrandHealingLeftHand	DESC	0			Mysticism 2.4.2 CHT exact FormKey seed
00000804	101065:Skyrim.esm	SPEL	MAG_RepelUndeadRightHand	FULL	0	Repel Undead	進階辟邪術	Mysticism 2.4.2 CHT exact FormKey seed
00000805	101065:Skyrim.esm	SPEL	MAG_RepelUndeadRightHand	DESC	0			Mysticism 2.4.2 CHT exact FormKey seed
00000806	101066:Skyrim.esm	SPEL	MAG_TurnGreaterUndeadRightHand	FULL	0	Turn Greater Undead	高階驅邪術	Mysticism 2.4.2 CHT exact FormKey seed
00000807	101066:Skyrim.esm	SPEL	MAG_TurnGreaterUndeadRightHand	DESC	0			Mysticism 2.4.2 CHT exact FormKey seed
00000808	101067:Skyrim.esm	SPEL	MAG_TurnUndeadRightHand	FULL	0	Turn Undead	進階驅邪術	Mysticism 2.4.2 CHT exact FormKey seed
00000809	101067:Skyrim.esm	SPEL	MAG_TurnUndeadRightHand	DESC	0			Mysticism 2.4.2 CHT exact FormKey seed
0000080A	109111:Skyrim.esm	SPEL	MAG_TransmuteOre	FULL	0	Transmute Ore	礦質變換術	Mysticism 2.4.2 CHT exact FormKey seed
0000080B	109111:Skyrim.esm	SPEL	MAG_TransmuteOre	DESC	0			Mysticism 2.4.2 CHT exact FormKey seed
0000080C	10DDEC:Skyrim.esm	SPEL	MAG_ConjureDremoraLord	FULL	0	Conjure Dremora Lord	魔人將士召喚術	Mysticism 2.4.2 CHT exact FormKey seed
0000080D	10DDEC:Skyrim.esm	SPEL	MAG_ConjureDremoraLord	DESC	0			Mysticism 2.4.2 CHT exact FormKey seed
0000080E	10EE3A:Skyrim.esm	SPEL	MAG_crAtronachStormPCChainLightning	FULL	0	Lightning Bolt	閃電術	Mysticism 2.4.2 CHT exact FormKey seed
0000080F	10EE3A:Skyrim.esm	SPEL	MAG_crAtronachStormPCChainLightning	DESC	0			Mysticism 2.4.2 CHT exact FormKey seed
00000810	10EE3B:Skyrim.esm	SPEL	MAG_crAtronachStormLightningBolt	FULL	0	Lightning Bolt	閃電術	Mysticism 2.4.2 CHT exact FormKey seed
00000811	10EE3B:Skyrim.esm	SPEL	MAG_crAtronachStormLightningBolt	DESC	0			Mysticism 2.4.2 CHT exact FormKey seed
00000812	10F142:Skyrim.esm	SPEL	MAG_WallOfFrostLeftHand	FULL	0	Wall of Frost	冰棘障壁術	Mysticism 2.4.2 CHT exact FormKey seed
00000813	10F142:Skyrim.esm	SPEL	MAG_WallOfFrostLeftHand	DESC	0			Mysticism 2.4.2 CHT exact FormKey seed
00000814	10F7EC:Skyrim.esm	SPEL	MAG_IcySpear	FULL	0	Icy Spear	冰矛術	Mysticism 2.4.2 CHT exact FormKey seed
00000815	10F7EC:Skyrim.esm	SPEL	MAG_IcySpear	DESC	0			Mysticism 2.4.2 CHT exact FormKey seed
00000816	10F7ED:Skyrim.esm	SPEL	MAG_Incinerate	FULL	0	Incinerate	火炮術	Mysticism 2.4.2 CHT exact FormKey seed
00000817	10F7ED:Skyrim.esm	SPEL	MAG_Incinerate	DESC	0			Mysticism 2.4.2 CHT exact FormKey seed
00000818	10F7EE:Skyrim.esm	SPEL	MAG_Thunderbolt	FULL	0	Thunderbolt	雷電術	Mysticism 2.4.2 CHT exact FormKey seed
00000819	10F7EE:Skyrim.esm	SPEL	MAG_Thunderbolt	DESC	0			Mysticism 2.4.2 CHT exact FormKey seed
0000081A	10F7F6:Skyrim.esm	SPEL	MAG_IncinerateRightHand	FULL	0	Incinerate	火炮術	Mysticism 2.4.2 CHT exact FormKey seed
0000081B	10F7F6:Skyrim.esm	SPEL	MAG_IncinerateRightHand	DESC	0			Mysticism 2.4.2 CHT exact FormKey seed
0000081C	10F7F7:Skyrim.esm	SPEL	MAG_IcySpearRightHand	FULL	0	Icy Spear	冰矛術	Mysticism 2.4.2 CHT exact FormKey seed
0000081D	10F7F7:Skyrim.esm	SPEL	MAG_IcySpearRightHand	DESC	0			Mysticism 2.4.2 CHT exact FormKey seed
0000081E	10FD5F:Skyrim.esm	SPEL	MAG_IncinerateLeftHand	FULL	0	Incinerate	火炮術	Mysticism 2.4.2 CHT exact FormKey seed
0000081F	10FD5F:Skyrim.esm	SPEL	MAG_IncinerateLeftHand	DESC	0			Mysticism 2.4.2 CHT exact FormKey seed
00000820	0038B5:Dawnguard.esm	SPEL	MAG_StendarrsAura	FULL	0	Stendarr's Aura	斯丹達爾聖域術	Mysticism 2.4.2 CHT exact FormKey seed
00000821	0038B5:Dawnguard.esm	SPEL	MAG_StendarrsAura	DESC	0			Mysticism 2.4.2 CHT exact FormKey seed
00000822	0038B6:Dawnguard.esm	SPEL	MAG_VampiresBane	FULL	0	Vampire's Bane	淨邪術	Mysticism 2.4.2 CHT exact FormKey seed
00000823	0038B6:Dawnguard.esm	SPEL	MAG_VampiresBane	DESC	0			Mysticism 2.4.2 CHT exact FormKey seed
00000824	003F52:Dawnguard.esm	SPEL	MAG_SunFire	FULL	0	Sun Fire	陽焱術	Mysticism 2.4.2 CHT exact FormKey seed
00000825	003F52:Dawnguard.esm	SPEL	MAG_SunFire	DESC	0			Mysticism 2.4.2 CHT exact FormKey seed
00000826	0045B3:Dawnguard.esm	SPEL	MAG_ConjureWrathman	FULL	0	Conjure Wrathman	怒骸召靈術	Mysticism 2.4.2 CHT exact FormKey seed
00000827	0045B3:Dawnguard.esm	SPEL	MAG_ConjureWrathman	DESC	0			Mysticism 2.4.2 CHT exact FormKey seed
00000828	0045B8:Dawnguard.esm	SPEL	MAG_ConjureMistman	FULL	0	Conjure Mistman	霧骸召靈術	Mysticism 2.4.2 CHT exact FormKey seed
00000829	0045B8:Dawnguard.esm	SPEL	MAG_ConjureMistman	DESC	0			Mysticism 2.4.2 CHT exact FormKey seed
0000082A	0045BA:Dawnguard.esm	SPEL	MAG_ConjureBoneman	FULL	0	Conjure Boneman	骨骸召靈術	Mysticism 2.4.2 CHT exact FormKey seed
0000082B	0045BA:Dawnguard.esm	SPEL	MAG_ConjureBoneman	DESC	0			Mysticism 2.4.2 CHT exact FormKey seed
0000082C	008A60:Dawnguard.esm	SPEL	MAG_StendarrsAuraDmg	FULL	0	Stendarr's Aura	斯丹達爾聖域術	Mysticism 2.4.2 CHT exact FormKey seed
0000082D	008A60:Dawnguard.esm	SPEL	MAG_StendarrsAuraDmg	DESC	0			Mysticism 2.4.2 CHT exact FormKey seed
0000082E	00C600:Dawnguard.esm	SPEL	MAG_ConjureArvak	FULL	0	Conjure Arvak	阿爾瓦克召喚術	Mysticism 2.4.2 CHT exact FormKey seed
0000082F	00C600:Dawnguard.esm	SPEL	MAG_ConjureArvak	DESC	0			Mysticism 2.4.2 CHT exact FormKey seed
00000830	011F35:Dawnguard.esm	SPEL	MAG_RaiseZombieRightHand	FULL	0	Raise Zombie	屍儡喚醒術	Mysticism 2.4.2 CHT exact FormKey seed
00000831	011F35:Dawnguard.esm	SPEL	MAG_RaiseZombieRightHand	DESC	0			Mysticism 2.4.2 CHT exact FormKey seed
00000832	014CC5:Dawnguard.esm	SPEL	MAG_IceSpikeSerana	FULL	0	Ice Spike	冰錐術	Mysticism 2.4.2 CHT exact FormKey seed
00000833	014CC5:Dawnguard.esm	SPEL	MAG_IceSpikeSerana	DESC	0			Mysticism 2.4.2 CHT exact FormKey seed
00000834	014CC6:Dawnguard.esm	SPEL	MAG_IceStormSerana	FULL	0	Ice Storm	冰霜氣團術	Mysticism 2.4.2 CHT exact FormKey seed
00000835	014CC6:Dawnguard.esm	SPEL	MAG_IceStormSerana	DESC	0			Mysticism 2.4.2 CHT exact FormKey seed
00000836	01772D:Dragonborn.esm	SPEL	MAG_WhirlwindCloak	FULL	0	Whirlwind Cloak	旋風斗篷術	Mysticism 2.4.2 CHT exact FormKey seed
00000837	01772D:Dragonborn.esm	SPEL	MAG_WhirlwindCloak	DESC	0			Mysticism 2.4.2 CHT exact FormKey seed
00000838	01772F:Dragonborn.esm	SPEL	MAG_WhirlwindCloakDmg	FULL	0	Whirlwind Cloak Damage	旋風斗篷術傷害	Mysticism 2.4.2 CHT exact FormKey seed
00000839	01772F:Dragonborn.esm	SPEL	MAG_WhirlwindCloakDmg	DESC	0			Mysticism 2.4.2 CHT exact FormKey seed
0000083A	017731:Dragonborn.esm	SPEL	MAG_AshForm	FULL	0	Ash Form	燼封術	Mysticism 2.4.2 CHT exact FormKey seed
0000083B	017731:Dragonborn.esm	SPEL	MAG_AshForm	DESC	0			Mysticism 2.4.2 CHT exact FormKey seed
0000083C	0177AF:Dragonborn.esm	SPEL	MAG_AshRune	FULL	0	Ash Rune	燼封法印	Mysticism 2.4.2 CHT exact FormKey seed
0000083D	0177AF:Dragonborn.esm	SPEL	MAG_AshRune	DESC	0			Mysticism 2.4.2 CHT exact FormKey seed
0000083E	0177B7:Dragonborn.esm	SPEL	MAG_FrenzyRune	FULL	0	Frenzy Rune	狂心法印	Mysticism 2.4.2 CHT exact FormKey seed
0000083F	0177B7:Dragonborn.esm	SPEL	MAG_FrenzyRune	DESC	0			Mysticism 2.4.2 CHT exact FormKey seed
00000840	01CDF6:Dragonborn.esm	SPEL	MAG_ConjureAshSpawn	FULL	0	Conjure Ash Spawn	凝灰鬼召喚術	Mysticism 2.4.2 CHT exact FormKey seed
00000841	01CDF6:Dragonborn.esm	SPEL	MAG_ConjureAshSpawn	DESC	0			Mysticism 2.4.2 CHT exact FormKey seed
00000842	01CE06:Dragonborn.esm	SPEL	MAG_BoundDagger	FULL	0	Bound Dagger	匕首塑形術	Mysticism 2.4.2 CHT exact FormKey seed
00000843	01CE06:Dragonborn.esm	SPEL	MAG_BoundDagger	DESC	0			Mysticism 2.4.2 CHT exact FormKey seed
00000844	01D74B:Dragonborn.esm	SPEL	MAG_PoisonRune	FULL	0	Poison Rune	毒害法印	Mysticism 2.4.2 CHT exact FormKey seed
00000845	01D74B:Dragonborn.esm	SPEL	MAG_PoisonRune	DESC	0			Mysticism 2.4.2 CHT exact FormKey seed
00000846	01DBD1:Dragonborn.esm	SPEL	MAG_WallOfFlamesLeftHand	FULL	0	Wall of Flames	烈焰障壁術	Mysticism 2.4.2 CHT exact FormKey seed
00000847	01DBD1:Dragonborn.esm	SPEL	MAG_WallOfFlamesLeftHand	DESC	0			Mysticism 2.4.2 CHT exact FormKey seed
00000848	030CD0:Dragonborn.esm	SPEL	MAG_DLC2ConjureSeekerLeftHand	FULL	0	Conjure Seeker	識巡者召喚術	Mysticism 2.4.2 CHT exact FormKey seed
00000849	030CD0:Dragonborn.esm	SPEL	MAG_DLC2ConjureSeekerLeftHand	DESC	0			Mysticism 2.4.2 CHT exact FormKey seed
0000084A	030CE0:Dragonborn.esm	SPEL	MAG_DLC2ConjureSeekerHighLeftHand	FULL	0	Conjure Seeker	識巡者召喚術	Mysticism 2.4.2 CHT exact FormKey seed
0000084B	030CE0:Dragonborn.esm	SPEL	MAG_DLC2ConjureSeekerHighLeftHand	DESC	0			Mysticism 2.4.2 CHT exact FormKey seed
0000084C	033C66:Dragonborn.esm	SPEL	MAG_ConjureSeeker	FULL	0	Conjure Seeker	識巡者召喚術	Mysticism 2.4.2 CHT exact FormKey seed
0000084D	033C66:Dragonborn.esm	SPEL	MAG_ConjureSeeker	DESC	0			Mysticism 2.4.2 CHT exact FormKey seed
0000084E	00FFF4:MysticismMagic.esp	SPEL	MAG_ConjureDremoraHunter	FULL	0	Conjure Dremora Hunter	魔人獵人召喚術	Mysticism 2.4.2 CHT exact FormKey seed
0000084F	00FFF4:MysticismMagic.esp	SPEL	MAG_ConjureDremoraHunter	DESC	0			Mysticism 2.4.2 CHT exact FormKey seed
00000850	00FFF5:MysticismMagic.esp	SPEL	MAG_ConjureDremoraSorcerer	FULL	0	Conjure Dremora Sorcerer	魔人巫士召喚術	Mysticism 2.4.2 CHT exact FormKey seed
00000851	00FFF5:MysticismMagic.esp	SPEL	MAG_ConjureDremoraSorcerer	DESC	0			Mysticism 2.4.2 CHT exact FormKey seed
00000852	00FFF7:MysticismMagic.esp	SPEL	MAG_WardGrandLeftHand	FULL	0	Grand Ward	高階結界術	Mysticism 2.4.2 CHT exact FormKey seed
00000853	00FFF7:MysticismMagic.esp	SPEL	MAG_WardGrandLeftHand	DESC	0			Mysticism 2.4.2 CHT exact FormKey seed
00000854	00FFF8:MysticismMagic.esp	SPEL	MAG_crDremoraGreaterIncinerate	FULL	0	Incinerate	火炮術	Mysticism 2.4.2 CHT exact FormKey seed
00000855	00FFF8:MysticismMagic.esp	SPEL	MAG_crDremoraGreaterIncinerate	DESC	0			Mysticism 2.4.2 CHT exact FormKey seed
00000856	01F2FA:MysticismMagic.esp	SPEL	MAG_ConjureWrathmanMarksman	FULL	0	Conjure Wrathman Marksman	怒骸神射手召靈術	Mysticism 2.4.2 CHT exact FormKey seed
00000857	01F2FA:MysticismMagic.esp	SPEL	MAG_ConjureWrathmanMarksman	DESC	0			Mysticism 2.4.2 CHT exact FormKey seed
00000858	01F2FB:MysticismMagic.esp	SPEL	MAG_ConjureWrathmanWarlock	FULL	0	Conjure Wrathman Warlock	怒骸術士召靈術	Mysticism 2.4.2 CHT exact FormKey seed
00000859	01F2FB:MysticismMagic.esp	SPEL	MAG_ConjureWrathmanWarlock	DESC	0			Mysticism 2.4.2 CHT exact FormKey seed
0000085A	033709:MysticismMagic.esp	SPEL	MAG_crGreaterIcySpearLeftHand	FULL	0	Icy Spear	冰矛術	Mysticism 2.4.2 CHT exact FormKey seed
0000085B	033709:MysticismMagic.esp	SPEL	MAG_crGreaterIcySpearLeftHand	DESC	0			Mysticism 2.4.2 CHT exact FormKey seed
0000085C	0B15AB:MysticismMagic.esp	SPEL	MAG_HazardWallofFireSpellDualcast	FULL	0	Fire	火焰	Mysticism 2.4.2 CHT exact FormKey seed
0000085D	0B15AB:MysticismMagic.esp	SPEL	MAG_HazardWallofFireSpellDualcast	DESC	0			Mysticism 2.4.2 CHT exact FormKey seed
0000085E	0BB7B1:MysticismMagic.esp	SPEL	MAG_HazardWallofFrostSpellDualcast	FULL	0	Frost	寒霜	Mysticism 2.4.2 CHT exact FormKey seed
0000085F	0BB7B1:MysticismMagic.esp	SPEL	MAG_HazardWallofFrostSpellDualcast	DESC	0			Mysticism 2.4.2 CHT exact FormKey seed
00000860	0BB7B2:MysticismMagic.esp	SPEL	MAG_HazardWallofShockSpellDualcast	FULL	0	Shock	Shock	Mysticism 2.4.2 CHT exact FormKey seed
00000861	0BB7B2:MysticismMagic.esp	SPEL	MAG_HazardWallofShockSpellDualcast	DESC	0			Mysticism 2.4.2 CHT exact FormKey seed
00000862	10D264:MysticismMagic.esp	SPEL	MAG_Windwalker	FULL	0	Windwalker	風行者	Mysticism 2.4.2 CHT exact FormKey seed
00000863	10D264:MysticismMagic.esp	SPEL	MAG_Windwalker	DESC	0			Mysticism 2.4.2 CHT exact FormKey seed
00000864	10D265:MysticismMagic.esp	SPEL	MAG_Windrunner	FULL	0	Windrunner	風乘者	Mysticism 2.4.2 CHT exact FormKey seed
00000865	10D265:MysticismMagic.esp	SPEL	MAG_Windrunner	DESC	0			Mysticism 2.4.2 CHT exact FormKey seed
00000866	176CD0:MysticismMagic.esp	SPEL	MAG_Immobilize	FULL	0	Immobilize	定身術	Mysticism 2.4.2 CHT exact FormKey seed
00000867	176CD0:MysticismMagic.esp	SPEL	MAG_Immobilize	DESC	0			Mysticism 2.4.2 CHT exact FormKey seed
00000868	1901E5:MysticismMagic.esp	SPEL	MAG_AshCloud	FULL	0	Ash Cloud	燼雲術	Mysticism 2.4.2 CHT exact FormKey seed
00000869	1901E5:MysticismMagic.esp	SPEL	MAG_AshCloud	DESC	0			Mysticism 2.4.2 CHT exact FormKey seed
0000086A	19A3ED:MysticismMagic.esp	SPEL	MAG_GrandTelekinesis	FULL	0	Grand Telekinesis	高階念動術	Mysticism 2.4.2 CHT exact FormKey seed
0000086B	19A3ED:MysticismMagic.esp	SPEL	MAG_GrandTelekinesis	DESC	0			Mysticism 2.4.2 CHT exact FormKey seed
0000086C	1AE7FA:MysticismMagic.esp	SPEL	MAG_BurningTouch	FULL	0	Burning Touch	燃燒之觸	Mysticism 2.4.2 CHT exact FormKey seed
0000086D	1AE7FA:MysticismMagic.esp	SPEL	MAG_BurningTouch	DESC	0			Mysticism 2.4.2 CHT exact FormKey seed
0000086E	1AE800:MysticismMagic.esp	SPEL	MAG_ChillingTouch	FULL	0	Chilling Touch	寒冰之觸	Mysticism 2.4.2 CHT exact FormKey seed
0000086F	1AE800:MysticismMagic.esp	SPEL	MAG_ChillingTouch	DESC	0			Mysticism 2.4.2 CHT exact FormKey seed
00000870	1AE801:MysticismMagic.esp	SPEL	MAG_ShockingTouch	FULL	0	Shocking Touch	電擊之觸	Mysticism 2.4.2 CHT exact FormKey seed
00000871	1AE801:MysticismMagic.esp	SPEL	MAG_ShockingTouch	DESC	0			Mysticism 2.4.2 CHT exact FormKey seed
00000872	1B3907:MysticismMagic.esp	SPEL	MAG_SeaStride	FULL	0	Sea Stride	水行術	Mysticism 2.4.2 CHT exact FormKey seed
00000873	1B3907:MysticismMagic.esp	SPEL	MAG_SeaStride	DESC	0			Mysticism 2.4.2 CHT exact FormKey seed
00000874	1B8A09:MysticismMagic.esp	SPEL	MAG_BloodLance	FULL	0	Blood Lance	腥紅血槍	Mysticism 2.4.2 CHT exact FormKey seed
00000875	1B8A09:MysticismMagic.esp	SPEL	MAG_BloodLance	DESC	0			Mysticism 2.4.2 CHT exact FormKey seed
00000876	1B8A10:MysticismMagic.esp	SPEL	MAG_VampiricTouch	FULL	0	Vampiric Touch	茹血之觸	Mysticism 2.4.2 CHT exact FormKey seed
00000877	1B8A10:MysticismMagic.esp	SPEL	MAG_VampiricTouch	DESC	0			Mysticism 2.4.2 CHT exact FormKey seed
00000878	1B8A15:MysticismMagic.esp	SPEL	MAG_VampiricBolt	FULL	0	Vampiric Bolt	茹血法矢	Mysticism 2.4.2 CHT exact FormKey seed
00000879	1B8A15:MysticismMagic.esp	SPEL	MAG_VampiricBolt	DESC	0			Mysticism 2.4.2 CHT exact FormKey seed
0000087A	1D7020:MysticismMagic.esp	SPEL	MAG_Immolate	FULL	0	Immolate	地獄火	Mysticism 2.4.2 CHT exact FormKey seed
0000087B	1D7020:MysticismMagic.esp	SPEL	MAG_Immolate	DESC	0			Mysticism 2.4.2 CHT exact FormKey seed
0000087C	1D7023:MysticismMagic.esp	SPEL	MAG_GreaterFlames	FULL	0	Greater Flames	進階火燃術	Mysticism 2.4.2 CHT exact FormKey seed
0000087D	1D7023:MysticismMagic.esp	SPEL	MAG_GreaterFlames	DESC	0			Mysticism 2.4.2 CHT exact FormKey seed
0000087E	1D702A:MysticismMagic.esp	SPEL	MAG_GreaterSparks	FULL	0	Greater Sparks	進階電擊術	Mysticism 2.4.2 CHT exact FormKey seed
0000087F	1D702A:MysticismMagic.esp	SPEL	MAG_GreaterSparks	DESC	0			Mysticism 2.4.2 CHT exact FormKey seed
00000880	1D702B:MysticismMagic.esp	SPEL	MAG_GreaterFrostbite	FULL	0	Greater Frostbite	進階冰寒術	Mysticism 2.4.2 CHT exact FormKey seed
00000881	1D702B:MysticismMagic.esp	SPEL	MAG_GreaterFrostbite	DESC	0			Mysticism 2.4.2 CHT exact FormKey seed
00000882	1D702D:MysticismMagic.esp	SPEL	MAG_FieryGrasp	FULL	0	Fiery Grasp	火舌之握	Mysticism 2.4.2 CHT exact FormKey seed
00000883	1D702D:MysticismMagic.esp	SPEL	MAG_FieryGrasp	DESC	0			Mysticism 2.4.2 CHT exact FormKey seed
00000884	1D702F:MysticismMagic.esp	SPEL	MAG_ThunderingGrasp	FULL	0	Thundering Grasp	雷電之握	Mysticism 2.4.2 CHT exact FormKey seed
00000885	1D702F:MysticismMagic.esp	SPEL	MAG_ThunderingGrasp	DESC	0			Mysticism 2.4.2 CHT exact FormKey seed
00000886	1D7031:MysticismMagic.esp	SPEL	MAG_FreezingGrasp	FULL	0	Freezing Grasp	寒凍之握	Mysticism 2.4.2 CHT exact FormKey seed
00000887	1D7031:MysticismMagic.esp	SPEL	MAG_FreezingGrasp	DESC	0			Mysticism 2.4.2 CHT exact FormKey seed
00000888	1DC141:MysticismMagic.esp	SPEL	MAG_FingeroftheMountain	FULL	0	Finger of the Mountain	山嶺雷指	Mysticism 2.4.2 CHT exact FormKey seed
00000889	1DC141:MysticismMagic.esp	SPEL	MAG_FingeroftheMountain	DESC	0			Mysticism 2.4.2 CHT exact FormKey seed
0000088A	1E634D:MysticismMagic.esp	SPEL	MAG_Poisonbolt	FULL	0	Poisonbolt	毒球術	Mysticism 2.4.2 CHT exact FormKey seed
0000088B	1E634D:MysticismMagic.esp	SPEL	MAG_Poisonbolt	DESC	0			Mysticism 2.4.2 CHT exact FormKey seed
0000088C	1E634F:MysticismMagic.esp	SPEL	MAG_Viperbolt	FULL	0	Viperbolt	猛烈毒球術	Mysticism 2.4.2 CHT exact FormKey seed
0000088D	1E634F:MysticismMagic.esp	SPEL	MAG_Viperbolt	DESC	0			Mysticism 2.4.2 CHT exact FormKey seed
0000088E	1E6352:MysticismMagic.esp	SPEL	MAG_PoisonCloud	FULL	0	Poison Cloud	毒雲術	Mysticism 2.4.2 CHT exact FormKey seed
0000088F	1E6352:MysticismMagic.esp	SPEL	MAG_PoisonCloud	DESC	0			Mysticism 2.4.2 CHT exact FormKey seed
00000890	1FA75F:MysticismMagic.esp	SPEL	MAG_DeathCloud	FULL	0	Death Cloud	奪命霧雲術	Mysticism 2.4.2 CHT exact FormKey seed
00000891	1FA75F:MysticismMagic.esp	SPEL	MAG_DeathCloud	DESC	0			Mysticism 2.4.2 CHT exact FormKey seed
00000892	1FF868:MysticismMagic.esp	SPEL	MAG_GreaterFireRune	FULL	0	Greater Fire Rune	進階暴炎法印	Mysticism 2.4.2 CHT exact FormKey seed
00000893	1FF868:MysticismMagic.esp	SPEL	MAG_GreaterFireRune	DESC	0			Mysticism 2.4.2 CHT exact FormKey seed
00000894	2002D0:MysticismMagic.esp	SPEL	MAG_GrandWeaknesstoFire	FULL	0	Grand Weakness to Fire	強效火焰弱化	Mysticism 2.5.0 custom; Skyrim 8.20 terminology
00000895	2002D0:MysticismMagic.esp	SPEL	MAG_GrandWeaknesstoFire	DESC	0			Mysticism 2.4.2 CHT exact phrase seed
00000896	2002D5:MysticismMagic.esp	SPEL	MAG_GrandWeaknesstoFrost	FULL	0	Grand Weakness to Frost	強效寒霜弱化	Mysticism 2.5.0 custom; Skyrim 8.20 terminology
00000897	2002D5:MysticismMagic.esp	SPEL	MAG_GrandWeaknesstoFrost	DESC	0			Mysticism 2.4.2 CHT exact phrase seed
00000898	2002DB:MysticismMagic.esp	SPEL	MAG_GrandWeaknesstoPoison	FULL	0	Grand Weakness to Poison	強效毒素弱化	Mysticism 2.5.0 custom; Skyrim 8.20 terminology
00000899	2002DB:MysticismMagic.esp	SPEL	MAG_GrandWeaknesstoPoison	DESC	0			Mysticism 2.4.2 CHT exact phrase seed
0000089A	2002E1:MysticismMagic.esp	SPEL	MAG_GrandWeaknesstoShock	FULL	0	Grand Weakness to Shock	強效閃電弱化	Mysticism 2.5.0 custom; Skyrim 8.20 terminology
0000089B	2002E1:MysticismMagic.esp	SPEL	MAG_GrandWeaknesstoShock	DESC	0			Mysticism 2.4.2 CHT exact phrase seed
0000089C	20496A:MysticismMagic.esp	SPEL	MAG_SunlightTouch	FULL	0	Sunlight Touch	日光之觸	Mysticism 2.4.2 CHT exact FormKey seed
0000089D	20496A:MysticismMagic.esp	SPEL	MAG_SunlightTouch	DESC	0			Mysticism 2.4.2 CHT exact FormKey seed
0000089E	209A73:MysticismMagic.esp	SPEL	MAG_PoisonCloak	FULL	0	Poison Cloak	毒素斗篷術	Mysticism 2.4.2 CHT exact FormKey seed
0000089F	209A73:MysticismMagic.esp	SPEL	MAG_PoisonCloak	DESC	0			Mysticism 2.4.2 CHT exact FormKey seed
000008A0	209A74:MysticismMagic.esp	SPEL	MAG_PoisonousTouch	FULL	0	Poisonous Touch	劇毒之觸	Mysticism 2.4.2 CHT exact FormKey seed
000008A1	209A74:MysticismMagic.esp	SPEL	MAG_PoisonousTouch	DESC	0			Mysticism 2.4.2 CHT exact FormKey seed
000008A2	209A76:MysticismMagic.esp	SPEL	MAG_VipersGrasp	FULL	0	Viper's Grasp	毒蛇之握	Mysticism 2.4.2 CHT exact FormKey seed
000008A3	209A76:MysticismMagic.esp	SPEL	MAG_VipersGrasp	DESC	0			Mysticism 2.4.2 CHT exact FormKey seed
000008A4	209A7A:MysticismMagic.esp	SPEL	MAG_DeadlyPoisonRune	FULL	0	Deadly Poison Rune	致命毒害法印	Mysticism 2.4.2 CHT exact FormKey seed
000008A5	209A7A:MysticismMagic.esp	SPEL	MAG_DeadlyPoisonRune	DESC	0			Mysticism 2.4.2 CHT exact FormKey seed
000008A6	20A50D:MysticismMagic.esp	SPEL	MAG_GhostwalkDummySpell	FULL	0	Ghostwalk	靈行術	Mysticism 2.4.2 CHT exact phrase seed
000008A7	20A50D:MysticismMagic.esp	SPEL	MAG_GhostwalkDummySpell	DESC	0			Mysticism 2.4.2 CHT exact phrase seed
000008A8	2280B0:MysticismMagic.esp	SPEL	MAG_SearingGrasp	FULL	0	Searing Grasp	聖焰之握	Mysticism 2.4.2 CHT exact FormKey seed
000008A9	2280B0:MysticismMagic.esp	SPEL	MAG_SearingGrasp	DESC	0			Mysticism 2.4.2 CHT exact FormKey seed
000008AA	2466C0:MysticismMagic.esp	SPEL	MAG_SolarFlare	FULL	0	Solar Flare	太陽烈炎	Mysticism 2.4.2 CHT exact FormKey seed
000008AB	2466C0:MysticismMagic.esp	SPEL	MAG_SolarFlare	DESC	0			Mysticism 2.4.2 CHT exact FormKey seed
000008AC	2508C9:MysticismMagic.esp	SPEL	MAG_ReflectiveLight	FULL	0	Reflective Light	淨化光束	Mysticism 2.4.2 CHT exact FormKey seed
000008AD	2508C9:MysticismMagic.esp	SPEL	MAG_ReflectiveLight	DESC	0			Mysticism 2.4.2 CHT exact FormKey seed
000008AE	2559DE:MysticismMagic.esp	SPEL	MAG_Regeneration	FULL	0	Regeneration	再生術	Mysticism 2.4.2 CHT exact FormKey seed
000008AF	2559DE:MysticismMagic.esp	SPEL	MAG_Regeneration	DESC	0			Mysticism 2.4.2 CHT exact FormKey seed
000008B0	2559DF:MysticismMagic.esp	SPEL	MAG_Mutagen	FULL	0	Mutagen	突變術	Mysticism 2.4.2 CHT exact FormKey seed
000008B1	2559DF:MysticismMagic.esp	SPEL	MAG_Mutagen	DESC	0			Mysticism 2.4.2 CHT exact FormKey seed
000008B2	25FBFF:MysticismMagic.esp	SPEL	MAG_ChargedNova	FULL	0	Charged Nova	耀光晨爆術	Mysticism 2.4.2 CHT exact FormKey seed
000008B3	25FBFF:MysticismMagic.esp	SPEL	MAG_ChargedNova	DESC	0			Mysticism 2.4.2 CHT exact FormKey seed
000008B4	274020:MysticismMagic.esp	SPEL	MAG_Attunement	FULL	0	Attunement	點化術	Mysticism 2.4.2 CHT exact FormKey seed
000008B5	274020:MysticismMagic.esp	SPEL	MAG_Attunement	DESC	0			Mysticism 2.4.2 CHT exact FormKey seed
000008B6	274025:MysticismMagic.esp	SPEL	MAG_AugurofAetherius	FULL	0	Augur of Aetherius	乙太的預言	Mysticism 2.4.2 CHT exact FormKey seed
000008B7	274025:MysticismMagic.esp	SPEL	MAG_AugurofAetherius	DESC	0			Mysticism 2.4.2 CHT exact FormKey seed
000008B8	27E242:MysticismMagic.esp	SPEL	MAG_CloseGreaterWounds	FULL	0	Close Greater Wounds	進階癒合傷口	Mysticism 2.4.2 CHT exact FormKey seed
000008B9	27E242:MysticismMagic.esp	SPEL	MAG_CloseGreaterWounds	DESC	0			Mysticism 2.4.2 CHT exact FormKey seed
000008BA	27E243:MysticismMagic.esp	SPEL	MAG_GrandHealing	FULL	0	Grand Healing	高階治療術	Mysticism 2.4.2 CHT exact FormKey seed
000008BB	27E243:MysticismMagic.esp	SPEL	MAG_GrandHealing	DESC	0			Mysticism 2.4.2 CHT exact FormKey seed
000008BC	283346:MysticismMagic.esp	SPEL	MAG_CureDisease	FULL	0	Cure Disease	治療疾病	Mysticism 2.4.2 CHT exact FormKey seed
000008BD	283346:MysticismMagic.esp	SPEL	MAG_CureDisease	DESC	0			Mysticism 2.4.2 CHT exact FormKey seed
000008BE	283349:MysticismMagic.esp	SPEL	MAG_WardGrand	FULL	0	Grand Ward	高階結界術	Mysticism 2.4.2 CHT exact FormKey seed
000008BF	283349:MysticismMagic.esp	SPEL	MAG_WardGrand	DESC	0			Mysticism 2.4.2 CHT exact FormKey seed
000008C0	29265D:MysticismMagic.esp	SPEL	MAG_FlameShield	FULL	0	Flame Shield	赤焰護體術	Mysticism 2.4.2 CHT exact FormKey seed
000008C1	29265D:MysticismMagic.esp	SPEL	MAG_FlameShield	DESC	0			Mysticism 2.4.2 CHT exact FormKey seed
000008C2	29265E:MysticismMagic.esp	SPEL	MAG_FireShell	FULL	0	Fire Shell	火焰護罩	Mysticism 2.4.2 CHT exact FormKey seed
000008C3	29265E:MysticismMagic.esp	SPEL	MAG_FireShell	DESC	0			Mysticism 2.4.2 CHT exact FormKey seed
000008C4	292664:MysticismMagic.esp	SPEL	MAG_ShockShell	FULL	0	Shock Shell	閃電護罩	Mysticism 2.4.2 CHT exact FormKey seed
000008C5	292664:MysticismMagic.esp	SPEL	MAG_ShockShell	DESC	0			Mysticism 2.4.2 CHT exact FormKey seed
000008C6	292665:MysticismMagic.esp	SPEL	MAG_LightningShield	FULL	0	Lightning Shield	狂雷護體術	Mysticism 2.4.2 CHT exact FormKey seed
000008C7	292665:MysticismMagic.esp	SPEL	MAG_LightningShield	DESC	0			Mysticism 2.4.2 CHT exact FormKey seed
000008C8	29266B:MysticismMagic.esp	SPEL	MAG_FrostShell	FULL	0	Frost Shell	寒霜護罩	Mysticism 2.4.2 CHT exact FormKey seed
000008C9	29266B:MysticismMagic.esp	SPEL	MAG_FrostShell	DESC	0			Mysticism 2.4.2 CHT exact FormKey seed
000008CA	29266C:MysticismMagic.esp	SPEL	MAG_IceShield	FULL	0	Ice Shield	霜寒護體術	Mysticism 2.4.2 CHT exact FormKey seed
000008CB	29266C:MysticismMagic.esp	SPEL	MAG_IceShield	DESC	0			Mysticism 2.4.2 CHT exact FormKey seed
000008CC	292672:MysticismMagic.esp	SPEL	MAG_PoisonShell	FULL	0	Poison Shell	毒素護罩	Mysticism 2.4.2 CHT exact FormKey seed
000008CD	292672:MysticismMagic.esp	SPEL	MAG_PoisonShell	DESC	0			Mysticism 2.4.2 CHT exact FormKey seed
000008CE	292673:MysticismMagic.esp	SPEL	MAG_VenomShield	FULL	0	Venom Shield	禍毒護體術	Mysticism 2.4.2 CHT exact FormKey seed
000008CF	292673:MysticismMagic.esp	SPEL	MAG_VenomShield	DESC	0			Mysticism 2.4.2 CHT exact FormKey seed
000008D0	292677:MysticismMagic.esp	SPEL	MAG_WeaknesstoFire	FULL	0	Weakness to Fire	火焰弱化	Mysticism 2.4.2 CHT exact FormKey seed
000008D1	292677:MysticismMagic.esp	SPEL	MAG_WeaknesstoFire	DESC	0			Mysticism 2.4.2 CHT exact FormKey seed
000008D2	29267B:MysticismMagic.esp	SPEL	MAG_WeaknesstoShock	FULL	0	Weakness to Shock	閃電弱化	Mysticism 2.4.2 CHT exact FormKey seed
000008D3	29267B:MysticismMagic.esp	SPEL	MAG_WeaknesstoShock	DESC	0			Mysticism 2.4.2 CHT exact FormKey seed
000008D4	29267C:MysticismMagic.esp	SPEL	MAG_WeaknesstoFrost	FULL	0	Weakness to Frost	寒霜弱化	Mysticism 2.4.2 CHT exact FormKey seed
000008D5	29267C:MysticismMagic.esp	SPEL	MAG_WeaknesstoFrost	DESC	0			Mysticism 2.4.2 CHT exact FormKey seed
000008D6	292680:MysticismMagic.esp	SPEL	MAG_WeaknesstoPoison	FULL	0	Weakness to Poison	毒素弱化	Mysticism 2.4.2 CHT exact FormKey seed
000008D7	292680:MysticismMagic.esp	SPEL	MAG_WeaknesstoPoison	DESC	0			Mysticism 2.4.2 CHT exact FormKey seed
000008D8	292684:MysticismMagic.esp	SPEL	MAG_Feather	FULL	0	Feather	輕羽術	Mysticism 2.4.2 CHT exact FormKey seed
000008D9	292684:MysticismMagic.esp	SPEL	MAG_Feather	DESC	0			Mysticism 2.4.2 CHT exact FormKey seed
000008DA	292689:MysticismMagic.esp	SPEL	MAG_PackMule	FULL	0	Pack Mule	駄獸術	Mysticism 2.4.2 CHT exact FormKey seed
000008DB	292689:MysticismMagic.esp	SPEL	MAG_PackMule	DESC	0			Mysticism 2.4.2 CHT exact FormKey seed
000008DC	297793:MysticismMagic.esp	SPEL	MAG_Stoneskin	FULL	0	Stoneskin	石膚術	Mysticism 2.4.2 CHT exact FormKey seed
000008DD	297793:MysticismMagic.esp	SPEL	MAG_Stoneskin	DESC	0			Mysticism 2.4.2 CHT exact FormKey seed
000008DE	297794:MysticismMagic.esp	SPEL	MAG_Steelskin	FULL	0	Steelskin	鋼膚術	Mysticism 2.4.2 CHT exact FormKey seed
000008DF	297794:MysticismMagic.esp	SPEL	MAG_Steelskin	DESC	0			Mysticism 2.4.2 CHT exact FormKey seed
000008E0	2977A1:MysticismMagic.esp	SPEL	MAG_Slowfall	FULL	0	Slowfall	緩落術	Mysticism 2.4.2 CHT exact FormKey seed
000008E1	2977A1:MysticismMagic.esp	SPEL	MAG_Slowfall	DESC	0			Mysticism 2.4.2 CHT exact FormKey seed
000008E2	29C8AB:MysticismMagic.esp	SPEL	MAG_CorrodeArmor	FULL	0	Corrode Armor	侵蝕護甲術	Mysticism 2.4.2 CHT exact FormKey seed
000008E3	29C8AB:MysticismMagic.esp	SPEL	MAG_CorrodeArmor	DESC	0			Mysticism 2.4.2 CHT exact FormKey seed
000008E4	2A19B3:MysticismMagic.esp	SPEL	MAG_Dwemerbane	FULL	0	Dwemerbane	鍛莫泯滅術	Mysticism 2.4.2 CHT exact FormKey seed
000008E5	2A19B3:MysticismMagic.esp	SPEL	MAG_Dwemerbane	DESC	0			Mysticism 2.4.2 CHT exact FormKey seed
000008E6	2A19B9:MysticismMagic.esp	SPEL	MAG_ArmorEater	FULL	0	Armoreater	噬甲術	Mysticism 2.4.2 CHT exact FormKey seed
000008E7	2A19B9:MysticismMagic.esp	SPEL	MAG_ArmorEater	DESC	0			Mysticism 2.4.2 CHT exact FormKey seed
000008E8	2A6AC8:MysticismMagic.esp	SPEL	MAG_Shroud	FULL	0	Shroud	帷幕術	Mysticism 2.4.2 CHT exact FormKey seed
000008E9	2A6AC8:MysticismMagic.esp	SPEL	MAG_Shroud	DESC	0			Mysticism 2.4.2 CHT exact FormKey seed
000008EA	2A6AC9:MysticismMagic.esp	SPEL	MAG_Sanctuary	FULL	0	Sanctuary	避禍聖所術	Mysticism 2.4.2 CHT exact FormKey seed
000008EB	2A6AC9:MysticismMagic.esp	SPEL	MAG_Sanctuary	DESC	0			Mysticism 2.4.2 CHT exact FormKey seed
000008EC	2ABBDC:MysticismMagic.esp	SPEL	MAG_Dispel	FULL	0	Dispel	驅散術	Mysticism 2.4.2 CHT exact FormKey seed
000008ED	2ABBDC:MysticismMagic.esp	SPEL	MAG_Dispel	DESC	0			Mysticism 2.4.2 CHT exact FormKey seed
000008EE	2B0CE9:MysticismMagic.esp	SPEL	MAG_Quietude	FULL	0	Quietude	寂謐術	Mysticism 2.4.2 CHT exact FormKey seed
000008EF	2B0CE9:MysticismMagic.esp	SPEL	MAG_Quietude	DESC	0			Mysticism 2.4.2 CHT exact FormKey seed
000008F0	2B0CEE:MysticismMagic.esp	SPEL	MAG_Command	FULL	0	Command	命令術	Mysticism 2.4.2 CHT exact FormKey seed
000008F1	2B0CEE:MysticismMagic.esp	SPEL	MAG_Command	DESC	0			Mysticism 2.4.2 CHT exact FormKey seed
000008F2	23CF20:MysticismMagic.esp	SPEL	MAG_AshParalysisSpell01	FULL	0	Ash Paralysis Spell	灰燼麻痺法術	Mysticism 2.5.0 custom; Skyrim 8.20 terminology
000008F3	23CF20:MysticismMagic.esp	SPEL	MAG_AshParalysisSpell01	DESC	0			Mysticism 2.4.2 CHT exact phrase seed
000008F4	2CA217:MysticismMagic.esp	SPEL	MAG_control	FULL	0	Control	控制術	Mysticism 2.4.2 CHT exact FormKey seed
000008F5	2CA217:MysticismMagic.esp	SPEL	MAG_control	DESC	0			Mysticism 2.4.2 CHT exact FormKey seed
000008F6	2CA219:MysticismMagic.esp	SPEL	MAG_Domination	FULL	0	Domination	支配術	Mysticism 2.4.2 CHT exact FormKey seed
000008F7	2CA219:MysticismMagic.esp	SPEL	MAG_Domination	DESC	0			Mysticism 2.4.2 CHT exact FormKey seed
000008F8	2CA222:MysticismMagic.esp	SPEL	MAG_Chameleon	FULL	0	Chameleon	擬態術	Mysticism 2.4.2 CHT exact FormKey seed
000008F9	2CA222:MysticismMagic.esp	SPEL	MAG_Chameleon	DESC	0			Mysticism 2.4.2 CHT exact FormKey seed
000008FA	2CA226:MysticismMagic.esp	SPEL	MAG_Ghostwalk	FULL	0	Ghostwalk	靈行術	Mysticism 2.4.2 CHT exact FormKey seed
000008FB	2CA226:MysticismMagic.esp	SPEL	MAG_Ghostwalk	DESC	0			Mysticism 2.4.2 CHT exact FormKey seed
000008FC	2CF331:MysticismMagic.esp	SPEL	MAG_Nighteye	FULL	0	Night Eye	夜視術	Mysticism 2.4.2 CHT exact FormKey seed
000008FD	2CF331:MysticismMagic.esp	SPEL	MAG_Nighteye	DESC	0			Mysticism 2.4.2 CHT exact FormKey seed
000008FE	2CF335:MysticismMagic.esp	SPEL	MAG_ParalyzeRune	FULL	0	Paralyze Rune	麻痺法印	Mysticism 2.4.2 CHT exact FormKey seed
000008FF	2CF335:MysticismMagic.esp	SPEL	MAG_ParalyzeRune	DESC	0			Mysticism 2.4.2 CHT exact FormKey seed
00000900	2DE640:MysticismMagic.esp	SPEL	MAG_VampiricRune	FULL	0	Vampiric Rune	茹血法印	Mysticism 2.4.2 CHT exact FormKey seed
00000901	2DE640:MysticismMagic.esp	SPEL	MAG_VampiricRune	DESC	0			Mysticism 2.4.2 CHT exact FormKey seed
00000902	2DE648:MysticismMagic.esp	SPEL	MAG_LeechStamina	FULL	0	Leech Stamina	汲取耐力	Mysticism 2.4.2 CHT exact FormKey seed
00000903	2DE648:MysticismMagic.esp	SPEL	MAG_LeechStamina	DESC	0			Mysticism 2.4.2 CHT exact FormKey seed
00000904	2DE656:MysticismMagic.esp	SPEL	MAG_DrainStamina	FULL	0	Drain Stamina	吸食耐力	Mysticism 2.4.2 CHT exact FormKey seed
00000905	2DE656:MysticismMagic.esp	SPEL	MAG_DrainStamina	DESC	0			Mysticism 2.4.2 CHT exact FormKey seed
00000906	2E8863:MysticismMagic.esp	SPEL	MAG_VampiricGrasp	FULL	0	Vampiric Grasp	茹血之握	Mysticism 2.4.2 CHT exact FormKey seed
00000907	2E8863:MysticismMagic.esp	SPEL	MAG_VampiricGrasp	DESC	0			Mysticism 2.4.2 CHT exact FormKey seed
00000908	2E8870:MysticismMagic.esp	SPEL	MAG_ThroatoftheWorld	FULL	0	Throat of the World	世界之喉	Mysticism 2.4.2 CHT exact FormKey seed
00000909	2E8870:MysticismMagic.esp	SPEL	MAG_ThroatoftheWorld	DESC	0			Mysticism 2.4.2 CHT exact FormKey seed
0000090A	2ED973:MysticismMagic.esp	SPEL	MAG_BlackMarsh	FULL	0	Black Marsh	黑沼死池術	Mysticism 2.4.2 CHT exact FormKey seed
0000090B	2ED973:MysticismMagic.esp	SPEL	MAG_BlackMarsh	DESC	0			Mysticism 2.4.2 CHT exact FormKey seed
0000090C	2FCC82:MysticismMagic.esp	SPEL	MAG_GreaterLightningRune	FULL	0	Greater Lightning Rune	進階暴電法印	Mysticism 2.4.2 CHT exact FormKey seed
0000090D	2FCC82:MysticismMagic.esp	SPEL	MAG_GreaterLightningRune	DESC	0			Mysticism 2.4.2 CHT exact FormKey seed
0000090E	2FCC83:MysticismMagic.esp	SPEL	MAG_GreaterFrostRune	FULL	0	Greater Frost Rune	進階暴霜法印	Mysticism 2.4.2 CHT exact FormKey seed
0000090F	2FCC83:MysticismMagic.esp	SPEL	MAG_GreaterFrostRune	DESC	0			Mysticism 2.4.2 CHT exact FormKey seed
00000910	399C05:MysticismMagic.esp	SPEL	MAG_Stormblast	FULL	0	Stormblast	天鳴雷轟術	Mysticism 2.4.2 CHT exact FormKey seed
00000911	399C05:MysticismMagic.esp	SPEL	MAG_Stormblast	DESC	0			Mysticism 2.4.2 CHT exact FormKey seed
00000912	3C2436:MysticismMagic.esp	SPEL	MAG_OpenNoviceLock	FULL	0	Open Novice Lock	入門開鎖術	Mysticism 2.4.2 CHT exact FormKey seed
00000913	3C2436:MysticismMagic.esp	SPEL	MAG_OpenNoviceLock	DESC	0			Mysticism 2.4.2 CHT exact FormKey seed
00000914	3C753F:MysticismMagic.esp	SPEL	MAG_OpenApprenticeLock	FULL	0	Open Apprentice Lock	學徒開鎖術	Mysticism 2.4.2 CHT exact FormKey seed
00000915	3C753F:MysticismMagic.esp	SPEL	MAG_OpenApprenticeLock	DESC	0			Mysticism 2.4.2 CHT exact FormKey seed
00000916	3C7540:MysticismMagic.esp	SPEL	MAG_OpenAdeptLock	FULL	0	Open Adept Lock	行家開鎖術	Mysticism 2.4.2 CHT exact FormKey seed
00000917	3C7540:MysticismMagic.esp	SPEL	MAG_OpenAdeptLock	DESC	0			Mysticism 2.4.2 CHT exact FormKey seed
00000918	3C7542:MysticismMagic.esp	SPEL	MAG_OpenExpertLock	FULL	0	Open Expert Lock	專家開鎖術	Mysticism 2.4.2 CHT exact FormKey seed
00000919	3C7542:MysticismMagic.esp	SPEL	MAG_OpenExpertLock	DESC	0			Mysticism 2.4.2 CHT exact FormKey seed
0000091A	3C7547:MysticismMagic.esp	SPEL	MAG_Burden	FULL	0	Burden	重負	Mysticism 2.4.2 CHT exact FormKey seed
0000091B	3C7547:MysticismMagic.esp	SPEL	MAG_Burden	DESC	0			Mysticism 2.4.2 CHT exact FormKey seed
0000091C	3C7558:MysticismMagic.esp	SPEL	MAG_AbGreaterTelekinesis	FULL	0	Greater Telekinesis Ability	Greater Telekinesis Ability	Mysticism 2.4.2 CHT exact FormKey seed
0000091D	3C7558:MysticismMagic.esp	SPEL	MAG_AbGreaterTelekinesis	DESC	0			Mysticism 2.4.2 CHT exact FormKey seed
0000091E	3DB99C:MysticismMagic.esp	SPEL	MAG_Spelldrinker	FULL	0	Spelldrinker	破魔術	Mysticism 2.4.2 CHT exact FormKey seed
0000091F	3DB99C:MysticismMagic.esp	SPEL	MAG_Spelldrinker	DESC	0			Mysticism 2.4.2 CHT exact FormKey seed
00000920	3E0AC5:MysticismMagic.esp	SPEL	MAG_CalmRune	FULL	0	Calm Rune	安撫法印	Mysticism 2.4.2 CHT exact FormKey seed
00000921	3E0AC5:MysticismMagic.esp	SPEL	MAG_CalmRune	DESC	0			Mysticism 2.4.2 CHT exact FormKey seed
00000922	3E5BD3:MysticismMagic.esp	SPEL	MAG_SilenceRune	FULL	0	Silence Rune	靜默法印	Mysticism 2.4.2 CHT exact FormKey seed
00000923	3E5BD3:MysticismMagic.esp	SPEL	MAG_SilenceRune	DESC	0			Mysticism 2.4.2 CHT exact FormKey seed
00000924	3E5BE1:MysticismMagic.esp	SPEL	MAG_CommandRune	FULL	0	Command Rune	支配法印	Mysticism 2.4.2 CHT exact FormKey seed
00000925	3E5BE1:MysticismMagic.esp	SPEL	MAG_CommandRune	DESC	0			Mysticism 2.4.2 CHT exact FormKey seed
00000926	3E5BEE:MysticismMagic.esp	SPEL	MAG_FearRune	FULL	0	Fear Rune	懼逃法印	Mysticism 2.4.2 CHT exact FormKey seed
00000927	3E5BEE:MysticismMagic.esp	SPEL	MAG_FearRune	DESC	0			Mysticism 2.4.2 CHT exact FormKey seed
00000928	40933C:MysticismMagic.esp	SPEL	MAG_ConjureSkeletonWarrior	FULL	0	Conjure Skeleton Warrior	骷髏戰士召喚術	Mysticism 2.4.2 CHT exact FormKey seed
00000929	40933C:MysticismMagic.esp	SPEL	MAG_ConjureSkeletonWarrior	DESC	0			Mysticism 2.4.2 CHT exact FormKey seed
0000092A	413541:MysticismMagic.esp	SPEL	MAG_ConjureSkeleton	FULL	0	Conjure Skeleton	骷髏召喚術	Mysticism 2.4.2 CHT exact FormKey seed
0000092B	413541:MysticismMagic.esp	SPEL	MAG_ConjureSkeleton	DESC	0			Mysticism 2.4.2 CHT exact FormKey seed
0000092C	413545:MysticismMagic.esp	SPEL	MAG_ConjureSkeletonArcher	FULL	0	Conjure Skeleton Archer	骷髏弓箭手召喚術	Mysticism 2.4.2 CHT exact FormKey seed
0000092D	413545:MysticismMagic.esp	SPEL	MAG_ConjureSkeletonArcher	DESC	0			Mysticism 2.4.2 CHT exact FormKey seed
0000092E	413549:MysticismMagic.esp	SPEL	MAG_ConjureSkeletonMage	FULL	0	Conjure Skeleton Mage	骷髏法師召喚術	Mysticism 2.4.2 CHT exact FormKey seed
0000092F	413549:MysticismMagic.esp	SPEL	MAG_ConjureSkeletonMage	DESC	0			Mysticism 2.4.2 CHT exact FormKey seed
00000930	41864C:MysticismMagic.esp	SPEL	MAG_ConjureSkeletonChampion	FULL	0	Conjure Skeleton Champion	骷髏霸主召喚術	Mysticism 2.4.2 CHT exact FormKey seed
00000931	41864C:MysticismMagic.esp	SPEL	MAG_ConjureSkeletonChampion	DESC	0			Mysticism 2.4.2 CHT exact FormKey seed
00000932	41D74F:MysticismMagic.esp	SPEL	MAG_ConjureDremoraWarrior	FULL	0	Conjure Dremora Warrior	魔人戰士召喚術	Mysticism 2.4.2 CHT exact FormKey seed
00000933	41D74F:MysticismMagic.esp	SPEL	MAG_ConjureDremoraWarrior	DESC	0			Mysticism 2.4.2 CHT exact FormKey seed
00000934	42795A:MysticismMagic.esp	SPEL	MAG_ConjureDremoraWarlock	FULL	0	Conjure Dremora Warlock	魔人術士召喚術	Mysticism 2.4.2 CHT exact FormKey seed
00000935	42795A:MysticismMagic.esp	SPEL	MAG_ConjureDremoraWarlock	DESC	0			Mysticism 2.4.2 CHT exact FormKey seed
00000936	43BD62:MysticismMagic.esp	SPEL	MAG_ConjureSpectralDireWolf	FULL	0	Conjure Spectral Dire Wolf	幽靈惡狼召喚術	Mysticism 2.4.2 CHT exact FormKey seed
00000937	43BD62:MysticismMagic.esp	SPEL	MAG_ConjureSpectralDireWolf	DESC	0			Mysticism 2.4.2 CHT exact FormKey seed
00000938	43BD66:MysticismMagic.esp	SPEL	MAG_ConjureSpectralSabreCat	FULL	0	Conjure Spectral Sabre Cat	幽靈劍齒虎召喚術	Mysticism 2.4.2 CHT exact FormKey seed
00000939	43BD66:MysticismMagic.esp	SPEL	MAG_ConjureSpectralSabreCat	DESC	0			Mysticism 2.4.2 CHT exact FormKey seed
0000093A	43BD6C:MysticismMagic.esp	SPEL	MAG_ConjureSpectralBear	FULL	0	Conjure Spectral Bear	幽靈熊召喚術	Mysticism 2.4.2 CHT exact FormKey seed
0000093B	43BD6C:MysticismMagic.esp	SPEL	MAG_ConjureSpectralBear	DESC	0			Mysticism 2.4.2 CHT exact FormKey seed
0000093C	43BD6D:MysticismMagic.esp	SPEL	MAG_ConjureSpectralSteed	FULL	0	Conjure Spectral Steed	幽靈戰馬召喚術	Mysticism 2.4.2 CHT exact FormKey seed
0000093D	43BD6D:MysticismMagic.esp	SPEL	MAG_ConjureSpectralSteed	DESC	0			Mysticism 2.4.2 CHT exact FormKey seed
0000093E	43BD72:MysticismMagic.esp	SPEL	MAG_ConjureSpectralManbeast	FULL	0	Conjure Spectral Manbeast	幽靈獸化人召喚術	Mysticism 2.4.2 CHT exact FormKey seed
0000093F	43BD72:MysticismMagic.esp	SPEL	MAG_ConjureSpectralManbeast	DESC	0			Mysticism 2.4.2 CHT exact FormKey seed
00000940	43BD76:MysticismMagic.esp	SPEL	MAG_AncestorVisuals	FULL	0	Ancestor Visuals	Ancestor Visuals	Mysticism 2.4.2 CHT exact FormKey seed
00000941	43BD76:MysticismMagic.esp	SPEL	MAG_AncestorVisuals	DESC	0			Mysticism 2.4.2 CHT exact FormKey seed
00000942	43BD7A:MysticismMagic.esp	SPEL	MAG_ConjureAncestralGuardian	FULL	0	Conjure Ancestral Guardian	先祖護衛者召喚術	Mysticism 2.4.2 CHT exact FormKey seed
00000943	43BD7A:MysticismMagic.esp	SPEL	MAG_ConjureAncestralGuardian	DESC	0			Mysticism 2.4.2 CHT exact FormKey seed
00000944	43BD82:MysticismMagic.esp	SPEL	MAG_ConjureAncestralWizard	FULL	0	Conjure Ancestral Wizard	先祖法師召喚術	Mysticism 2.4.2 CHT exact FormKey seed
00000945	43BD82:MysticismMagic.esp	SPEL	MAG_ConjureAncestralWizard	DESC	0			Mysticism 2.4.2 CHT exact FormKey seed
00000946	43BD87:MysticismMagic.esp	SPEL	MAG_ConjureAncestralAssassin	FULL	0	Conjure Ancestral Assassin	先祖刺客召喚術	Mysticism 2.4.2 CHT exact FormKey seed
00000947	43BD87:MysticismMagic.esp	SPEL	MAG_ConjureAncestralAssassin	DESC	0			Mysticism 2.4.2 CHT exact FormKey seed
00000948	440E96:MysticismMagic.esp	SPEL	MAG_LeechMagicka	FULL	0	Leech Magicka	汲取法力	Mysticism 2.4.2 CHT exact FormKey seed
00000949	440E96:MysticismMagic.esp	SPEL	MAG_LeechMagicka	DESC	0			Mysticism 2.4.2 CHT exact FormKey seed
0000094A	440E99:MysticismMagic.esp	SPEL	MAG_LeechLife	FULL	0	Leech Life	汲取生命	Mysticism 2.4.2 CHT exact FormKey seed
0000094B	440E99:MysticismMagic.esp	SPEL	MAG_LeechLife	DESC	0			Mysticism 2.4.2 CHT exact FormKey seed
0000094C	445F9F:MysticismMagic.esp	SPEL	MAG_AbsorbHealthCloakDmg	FULL	0	Absorb Health Cloak	生命攝取斗篷	Mysticism 2.4.2 CHT exact FormKey seed
0000094D	445F9F:MysticismMagic.esp	SPEL	MAG_AbsorbHealthCloakDmg	DESC	0			Mysticism 2.4.2 CHT exact FormKey seed
0000094E	445FA0:MysticismMagic.esp	SPEL	MAG_ScionsEmbrace	FULL	0	Scion's Embrace	血裔之擁	Mysticism 2.4.2 CHT exact FormKey seed
0000094F	445FA0:MysticismMagic.esp	SPEL	MAG_ScionsEmbrace	DESC	0			Mysticism 2.4.2 CHT exact FormKey seed
00000950	445FA7:MysticismMagic.esp	SPEL	MAG_AbsorbMagickaCloakDmg	FULL	0	Absorb Magicka	吸取法力	Mysticism 2.4.2 CHT exact FormKey seed
00000951	445FA7:MysticismMagic.esp	SPEL	MAG_AbsorbMagickaCloakDmg	DESC	0			Mysticism 2.4.2 CHT exact FormKey seed
00000952	445FA8:MysticismMagic.esp	SPEL	MAG_SiphonSpirit	FULL	0	Siphon Spirit	靈魂虹吸	Mysticism 2.4.2 CHT exact FormKey seed
00000953	445FA8:MysticismMagic.esp	SPEL	MAG_SiphonSpirit	DESC	0			Mysticism 2.4.2 CHT exact FormKey seed
00000954	445FB1:MysticismMagic.esp	SPEL	MAG_AbsorbStaminaCloakDmg	FULL	0	Absorb Stamina Cloak	耐力攝取斗篷術	Mysticism 2.4.2 CHT exact FormKey seed
00000955	445FB1:MysticismMagic.esp	SPEL	MAG_AbsorbStaminaCloakDmg	DESC	0			Mysticism 2.4.2 CHT exact FormKey seed
00000956	445FB2:MysticismMagic.esp	SPEL	MAG_SapEssence	FULL	0	Sap Essence	榨取元氣	Mysticism 2.4.2 CHT exact FormKey seed
00000957	445FB2:MysticismMagic.esp	SPEL	MAG_SapEssence	DESC	0			Mysticism 2.4.2 CHT exact FormKey seed
00000958	445FB7:MysticismMagic.esp	SPEL	MAG_drainLife	FULL	0	Drain Life	生命掠奪	Mysticism 2.4.2 CHT exact FormKey seed
00000959	445FB7:MysticismMagic.esp	SPEL	MAG_drainLife	DESC	0			Mysticism 2.4.2 CHT exact FormKey seed
0000095A	445FC4:MysticismMagic.esp	SPEL	MAG_DrainMagicka	FULL	0	Drain Magicka	吸取法力	Mysticism 2.4.2 CHT exact FormKey seed
0000095B	445FC4:MysticismMagic.esp	SPEL	MAG_DrainMagicka	DESC	0			Mysticism 2.4.2 CHT exact FormKey seed
0000095C	445FD0:MysticismMagic.esp	SPEL	MAG_FlameTempest	FULL	0	Flame Tempest	烈焰焚天術	Mysticism 2.4.2 CHT exact FormKey seed
0000095D	445FD0:MysticismMagic.esp	SPEL	MAG_FlameTempest	DESC	0			Mysticism 2.4.2 CHT exact FormKey seed
0000095E	445FFD:MysticismMagic.esp	SPEL	MAG_Hoarfrost	FULL	0	Hoarfrost	白霜	Mysticism 2.4.2 CHT exact FormKey seed
0000095F	445FFD:MysticismMagic.esp	SPEL	MAG_Hoarfrost	DESC	0			Mysticism 2.4.2 CHT exact FormKey seed
00000960	446019:MysticismMagic.esp	SPEL	MAG_ConjureDwarvenSpider	FULL	0	Conjure Dwarven Spider	矮人蜘蛛召喚術	Mysticism 2.4.2 CHT exact FormKey seed
00000961	446019:MysticismMagic.esp	SPEL	MAG_ConjureDwarvenSpider	DESC	0			Mysticism 2.4.2 CHT exact FormKey seed
00000962	45536C:MysticismMagic.esp	SPEL	MAG_Mark	FULL	0	Mark	標記術	Mysticism 2.4.2 CHT exact FormKey seed
00000963	45536C:MysticismMagic.esp	SPEL	MAG_Mark	DESC	0			Mysticism 2.4.2 CHT exact FormKey seed
00000964	45536D:MysticismMagic.esp	SPEL	MAG_Recall	FULL	0	Recall	返回術	Mysticism 2.4.2 CHT exact FormKey seed
00000965	45536D:MysticismMagic.esp	SPEL	MAG_Recall	DESC	0			Mysticism 2.4.2 CHT exact FormKey seed
00000966	455387:MysticismMagic.esp	SPEL	MAG_ShalidorsBeacon	FULL	0	Shalidor's Beacon	沙利多的信標	Mysticism 2.4.2 CHT exact FormKey seed
00000967	455387:MysticismMagic.esp	SPEL	MAG_ShalidorsBeacon	DESC	0			Mysticism 2.4.2 CHT exact FormKey seed
00000968	45538C:MysticismMagic.esp	SPEL	MAG_ConjureHighSeeker	FULL	0	Conjure High Seeker	高等識巡者召喚術	Mysticism 2.4.2 CHT exact FormKey seed
00000969	45538C:MysticismMagic.esp	SPEL	MAG_ConjureHighSeeker	DESC	0			Mysticism 2.4.2 CHT exact FormKey seed
0000096A	45F595:MysticismMagic.esp	SPEL	MAG_ConjureAshHusk	FULL	0	Conjure Ash Husk	凝灰犬召喚術	Mysticism 2.4.2 CHT exact FormKey seed
0000096B	45F595:MysticismMagic.esp	SPEL	MAG_ConjureAshHusk	DESC	0			Mysticism 2.4.2 CHT exact FormKey seed
0000096C	46E8A8:MysticismMagic.esp	SPEL	MAG_VampiricBlast	FULL	0	Vampiric Blast	茹血狂宴術	Mysticism 2.4.2 CHT exact FormKey seed
0000096D	46E8A8:MysticismMagic.esp	SPEL	MAG_VampiricBlast	DESC	0			Mysticism 2.4.2 CHT exact FormKey seed
0000096E	482CE4:MysticismMagic.esp	SPEL	MAG_StendarrsMercy	FULL	0	Stendarr's Mercy	斯丹達爾的慈悲	Mysticism 2.4.2 CHT exact FormKey seed
0000096F	482CE4:MysticismMagic.esp	SPEL	MAG_StendarrsMercy	DESC	0			Mysticism 2.4.2 CHT exact FormKey seed
00000970	48CEEB:MysticismMagic.esp	SPEL	MAG_CircleofWisdom	FULL	0	Circle of Wisdom	智慧領域術	Mysticism 2.4.2 CHT exact FormKey seed
00000971	48CEEB:MysticismMagic.esp	SPEL	MAG_CircleofWisdom	DESC	0			Mysticism 2.4.2 CHT exact FormKey seed
00000972	48CEFA:MysticismMagic.esp	SPEL	MAG_CircleofWisdomHazardSpell	FULL	0	Circle of Wisdom	智慧領域術	Mysticism 2.4.2 CHT exact FormKey seed
00000973	48CEFA:MysticismMagic.esp	SPEL	MAG_CircleofWisdomHazardSpell	DESC	0			Mysticism 2.4.2 CHT exact FormKey seed
00000974	48CF04:MysticismMagic.esp	SPEL	MAG_Venomfang	FULL	0	Venomfang	毒噬術	Mysticism 2.4.2 CHT exact FormKey seed
00000975	48CF04:MysticismMagic.esp	SPEL	MAG_Venomfang	DESC	0			Mysticism 2.4.2 CHT exact FormKey seed
00000976	48CF09:MysticismMagic.esp	SPEL	MAG_Eclipse	FULL	0	Eclipse	日蝕術	Mysticism 2.4.2 CHT exact FormKey seed
00000977	48CF09:MysticismMagic.esp	SPEL	MAG_Eclipse	DESC	0			Mysticism 2.4.2 CHT exact FormKey seed
00000978	4AB524:MysticismMagic.esp	SPEL	MAG_Hush	FULL	0	Hush	啞口術	Mysticism 2.4.2 CHT exact FormKey seed
00000979	4AB524:MysticismMagic.esp	SPEL	MAG_Hush	DESC	0			Mysticism 2.4.2 CHT exact FormKey seed
0000097A	4AB528:MysticismMagic.esp	SPEL	MAG_Panic	FULL	0	Panic	驚慌術	Mysticism 2.4.2 CHT exact FormKey seed
0000097B	4AB528:MysticismMagic.esp	SPEL	MAG_Panic	DESC	0			Mysticism 2.4.2 CHT exact FormKey seed
0000097C	4AB52F:MysticismMagic.esp	SPEL	MAG_Wrath	FULL	0	Wrath	憤怒術	Mysticism 2.4.2 CHT exact FormKey seed
0000097D	4AB52F:MysticismMagic.esp	SPEL	MAG_Wrath	DESC	0			Mysticism 2.4.2 CHT exact FormKey seed
0000097E	4B063A:MysticismMagic.esp	SPEL	MAG_Soothe	FULL	0	Soothe	舒緩術	Mysticism 2.4.2 CHT exact FormKey seed
0000097F	4B063A:MysticismMagic.esp	SPEL	MAG_Soothe	DESC	0			Mysticism 2.4.2 CHT exact FormKey seed
00000980	4B063B:MysticismMagic.esp	SPEL	MAG_Hypnotize	FULL	0	Hypnotize	催眠術	Mysticism 2.4.2 CHT exact FormKey seed
00000981	4B063B:MysticismMagic.esp	SPEL	MAG_Hypnotize	DESC	0			Mysticism 2.4.2 CHT exact FormKey seed
00000982	4B0648:MysticismMagic.esp	SPEL	MAG_TheUnwelcomeGuest	FULL	0	The Unwelcome Guest	不請自來	Mysticism 2.4.2 CHT exact FormKey seed
00000983	4B0648:MysticismMagic.esp	SPEL	MAG_TheUnwelcomeGuest	DESC	0			Mysticism 2.4.2 CHT exact FormKey seed
00000984	4B065B:MysticismMagic.esp	SPEL	MAG_CinderStorm	FULL	0	Cinder Storm	漫天燼封術	Mysticism 2.4.2 CHT exact FormKey seed
00000985	4B065B:MysticismMagic.esp	SPEL	MAG_CinderStorm	DESC	0			Mysticism 2.4.2 CHT exact FormKey seed
00000986	4B065F:MysticismMagic.esp	SPEL	MAG_Oppression	FULL	0	Oppression	壓迫	Mysticism 2.5.0 custom; Skyrim 8.20 terminology
00000987	4B065F:MysticismMagic.esp	SPEL	MAG_Oppression	DESC	0			Mysticism 2.4.2 CHT exact FormKey seed
00000988	4B5788:MysticismMagic.esp	SPEL	MAG_AbGrandTelekinesis	FULL	0	Telekinesis Ability	Telekinesis Ability	Mysticism 2.4.2 CHT exact FormKey seed
00000989	4B5788:MysticismMagic.esp	SPEL	MAG_AbGrandTelekinesis	DESC	0			Mysticism 2.4.2 CHT exact FormKey seed
0000098A	4BA88C:MysticismMagic.esp	SPEL	MAG_crAtronachStormThrallThunderbolt	FULL	0	Lightning Bolt	閃電術	Mysticism 2.4.2 CHT exact FormKey seed
0000098B	4BA88C:MysticismMagic.esp	SPEL	MAG_crAtronachStormThrallThunderbolt	DESC	0			Mysticism 2.4.2 CHT exact FormKey seed
0000098C	4BA891:MysticismMagic.esp	SPEL	MAG_crAtronachFlameMonarchIncinerate	FULL	0	Incinerate	火炮術	Mysticism 2.4.2 CHT exact FormKey seed
0000098D	4BA891:MysticismMagic.esp	SPEL	MAG_crAtronachFlameMonarchIncinerate	DESC	0			Mysticism 2.4.2 CHT exact FormKey seed
0000098E	4BA895:MysticismMagic.esp	SPEL	MAG_crSprigganEarthMotherSummonConcentration	FULL	0	Spriggan Spray	Spriggan Spray	Mysticism 2.4.2 CHT exact FormKey seed
0000098F	4BA895:MysticismMagic.esp	SPEL	MAG_crSprigganEarthMotherSummonConcentration	DESC	0			Mysticism 2.4.2 CHT exact FormKey seed
00000990	4C4A9F:MysticismMagic.esp	SPEL	MAG_abDwarvenSkin	FULL	0	Dwarven Skin	Dwarven Skin	Mysticism 2.4.2 CHT exact FormKey seed
00000991	4C4A9F:MysticismMagic.esp	SPEL	MAG_abDwarvenSkin	DESC	0			Mysticism 2.4.2 CHT exact FormKey seed
00000992	4C4AAD:MysticismMagic.esp	SPEL	MAG_DLC2Seeker04RightHandSpell	FULL	0	Knowledge Drain	智識耗盡	Mysticism 2.4.2 CHT exact FormKey seed
00000993	4C4AAD:MysticismMagic.esp	SPEL	MAG_DLC2Seeker04RightHandSpell	DESC	0			Mysticism 2.4.2 CHT exact FormKey seed
00000994	4C4AAE:MysticismMagic.esp	SPEL	MAG_DLC2Seeker04MouthSpell	FULL	0	Seeker Drain	識巡者吸收	Mysticism 2.4.2 CHT exact FormKey seed
00000995	4C4AAE:MysticismMagic.esp	SPEL	MAG_DLC2Seeker04MouthSpell	DESC	0			Mysticism 2.4.2 CHT exact FormKey seed
00000996	4C4AB0:MysticismMagic.esp	SPEL	MAG_IcySpearLeftHand	FULL	0	Icy Spear	冰矛術	Mysticism 2.4.2 CHT exact FormKey seed
00000997	4C4AB0:MysticismMagic.esp	SPEL	MAG_IcySpearLeftHand	DESC	0			Mysticism 2.4.2 CHT exact FormKey seed
00000998	4CECE5:MysticismMagic.esp	SPEL	MAG_PlanarAnchor	FULL	0	Planar Anchor	座標錨	Mysticism 2.4.2 CHT exact FormKey seed
00000999	4CECE5:MysticismMagic.esp	SPEL	MAG_PlanarAnchor	DESC	0			Mysticism 2.4.2 CHT exact FormKey seed
0000099A	4CECE6:MysticismMagic.esp	SPEL	MAG_Translimination	FULL	0	Translimination	座標傳送術	Mysticism 2.4.2 CHT exact FormKey seed
0000099B	4CECE6:MysticismMagic.esp	SPEL	MAG_Translimination	DESC	0			Mysticism 2.4.2 CHT exact FormKey seed
0000099C	4E3127:MysticismMagic.esp	SPEL	MAG_Dismiss	FULL	0	Dismiss	驅散術	Mysticism 2.4.2 CHT exact FormKey seed
0000099D	4E3127:MysticismMagic.esp	SPEL	MAG_Dismiss	DESC	0			Mysticism 2.4.2 CHT exact FormKey seed
0000099E	4E8253:MysticismMagic.esp	SPEL	MAG_AbSkeletonNecroSummon	FULL	0	Necro Skeleton Ability	Necro Skeleton Ability	Mysticism 2.4.2 CHT exact FormKey seed
0000099F	4E8253:MysticismMagic.esp	SPEL	MAG_AbSkeletonNecroSummon	DESC	0			Mysticism 2.4.2 CHT exact FormKey seed
000009A0	4E8254:MysticismMagic.esp	SPEL	MAG_AbSkeletonNecroPriestSummon	FULL	0	Necro Skeleton Ability	Necro Skeleton Ability	Mysticism 2.4.2 CHT exact FormKey seed
000009A1	4E8254:MysticismMagic.esp	SPEL	MAG_AbSkeletonNecroPriestSummon	DESC	0			Mysticism 2.4.2 CHT exact FormKey seed
000009A2	515B97:MysticismMagic.esp	SPEL	MAG_CloseWounds	FULL	0	Close Wounds	癒合傷口	Mysticism 2.4.2 CHT exact FormKey seed
000009A3	515B97:MysticismMagic.esp	SPEL	MAG_CloseWounds	DESC	0			Mysticism 2.4.2 CHT exact FormKey seed
000009A4	5EF70C:MysticismMagic.esp	SPEL	MAG_AbLesserAttunement	FULL	0	Lesser Attunement	次級點化術	Mysticism 2.4.2 CHT exact FormKey seed
000009A5	5EF70C:MysticismMagic.esp	SPEL	MAG_AbLesserAttunement	DESC	0			Mysticism 2.4.2 CHT exact FormKey seed
000009A6	5EF70D:MysticismMagic.esp	SPEL	MAG_AbAttunement	FULL	0	Attunement	點化術	Mysticism 2.4.2 CHT exact FormKey seed
000009A7	5EF70D:MysticismMagic.esp	SPEL	MAG_AbAttunement	DESC	0			Mysticism 2.4.2 CHT exact FormKey seed
000009A8	5EF711:MysticismMagic.esp	SPEL	MAG_AbAugurOfAetherius	DESC	0			Mysticism 2.4.2 CHT exact FormKey seed
000009A9	705EAF:MysticismMagic.esp	SPEL	MAG_Vanish	FULL	0	Vanish	消失術	Mysticism 2.4.2 CHT exact FormKey seed
000009AA	705EAF:MysticismMagic.esp	SPEL	MAG_Vanish	DESC	0			Mysticism 2.4.2 CHT exact FormKey seed
000009AB	7388D3:MysticismMagic.esp	SPEL	MAG_Sunbeam	FULL	0	Sunbeam	日光束	Mysticism 2.4.2 CHT exact FormKey seed
000009AC	7388D3:MysticismMagic.esp	SPEL	MAG_Sunbeam	DESC	0			Mysticism 2.4.2 CHT exact FormKey seed
000009AD	7847E9:MysticismMagic.esp	SPEL	MAG_Scorch	FULL	0	Scorch	焦焚術	Mysticism 2.4.2 CHT exact FormKey seed
000009AE	7847E9:MysticismMagic.esp	SPEL	MAG_Scorch	DESC	0			Mysticism 2.4.2 CHT exact FormKey seed
000009AF	78E9F4:MysticismMagic.esp	SPEL	MAG_RadiantSunbeam	FULL	0	Radiant Sunbeam	烈日光束	Mysticism 2.4.2 CHT exact FormKey seed
000009B0	78E9F4:MysticismMagic.esp	SPEL	MAG_RadiantSunbeam	DESC	0			Mysticism 2.4.2 CHT exact FormKey seed
000009B1	7B720C:MysticismMagic.esp	SPEL	MAG_DisintegrateWeapon	FULL	0	Disintegrate Weapon	瓦解武器術	Mysticism 2.4.2 CHT exact FormKey seed
000009B2	7B720C:MysticismMagic.esp	SPEL	MAG_DisintegrateWeapon	DESC	0			Mysticism 2.4.2 CHT exact FormKey seed
000009B3	7BC311:MysticismMagic.esp	SPEL	MAG_Daybreak	FULL	0	Daybreak	穹蒼晨星術	Mysticism 2.4.2 CHT exact FormKey seed
000009B4	7BC311:MysticismMagic.esp	SPEL	MAG_Daybreak	DESC	0			Mysticism 2.4.2 CHT exact FormKey seed
000009B5	7D0721:MysticismMagic.esp	SPEL	MAG_SwiftSwim	FULL	0	Swift Swim	速泳術	Mysticism 2.4.2 CHT exact FormKey seed
000009B6	7D0721:MysticismMagic.esp	SPEL	MAG_SwiftSwim	DESC	0			Mysticism 2.4.2 CHT exact FormKey seed
000009B7	7D5826:MysticismMagic.esp	SPEL	MAG_MarasEmbrace	FULL	0	Mara's Embrace	瑪拉的擁抱	Mysticism 2.4.2 CHT exact FormKey seed
000009B8	7D5826:MysticismMagic.esp	SPEL	MAG_MarasEmbrace	DESC	0			Mysticism 2.4.2 CHT exact FormKey seed
000009B9	844E4A:MysticismMagic.esp	SPEL	MAG_DestroyConstruct	FULL	0	Destroy Construct	構裝體破壞術	Mysticism 2.4.2 CHT exact FormKey seed
000009BA	844E4A:MysticismMagic.esp	SPEL	MAG_DestroyConstruct	DESC	0			Mysticism 2.4.2 CHT exact FormKey seed
000009BB	890D64:MysticismMagic.esp	SPEL	MAG_SunlightRune	FULL	0	Sunlight Rune	日光法印	Mysticism 2.4.2 CHT exact FormKey seed
000009BC	890D64:MysticismMagic.esp	SPEL	MAG_SunlightRune	DESC	0			Mysticism 2.4.2 CHT exact FormKey seed
000009BD	8C886D:MysticismMagic.esp	SPEL	MAG_PoisonSpray	FULL	0	Poison Spray	毒液噴射	Mysticism 2.4.2 CHT exact FormKey seed
000009BE	8C886D:MysticismMagic.esp	SPEL	MAG_PoisonSpray	DESC	0			Mysticism 2.4.2 CHT exact FormKey seed
000009BF	9420A3:MysticismMagic.esp	SPEL	MAG_DeadlyPoisonSpray	FULL	0	Deadly Poison Spray	猛毒噴射	Mysticism 2.4.2 CHT exact FormKey seed
000009C0	9420A3:MysticismMagic.esp	SPEL	MAG_DeadlyPoisonSpray	DESC	0			Mysticism 2.4.2 CHT exact FormKey seed
000009C1	9606AC:MysticismMagic.esp	SPEL	MAG_Miasma	FULL	0	Miasma	瘴毒術	Mysticism 2.4.2 CHT exact FormKey seed
000009C2	9606AC:MysticismMagic.esp	SPEL	MAG_Miasma	DESC	0			Mysticism 2.4.2 CHT exact FormKey seed
000009C3	96F9BA:MysticismMagic.esp	SPEL	MAG_WallofPoison	FULL	0	Wall of Poison	毒液障壁術	Mysticism 2.4.2 CHT exact FormKey seed
000009C4	96F9BA:MysticismMagic.esp	SPEL	MAG_WallofPoison	DESC	0			Mysticism 2.4.2 CHT exact FormKey seed
000009C5	96F9BE:MysticismMagic.esp	SPEL	MAG_HazardWallofPoisonSpell	FULL	0	Poison	Poison	Mysticism 2.4.2 CHT exact FormKey seed
000009C6	96F9BE:MysticismMagic.esp	SPEL	MAG_HazardWallofPoisonSpell	DESC	0			Mysticism 2.4.2 CHT exact FormKey seed
000009C7	9A74C9:MysticismMagic.esp	SPEL	MAG_RapidRegeneration	FULL	0	Rapid Regeneration	快速再生術	Mysticism 2.4.2 CHT exact FormKey seed
000009C8	9A74C9:MysticismMagic.esp	SPEL	MAG_RapidRegeneration	DESC	0			Mysticism 2.4.2 CHT exact FormKey seed
000009C9	9A74CB:MysticismMagic.esp	SPEL	MAG_ArkaysLight	FULL	0	Arkay's Light	阿爾凱之光	Mysticism 2.4.2 CHT exact FormKey seed
000009CA	9A74CB:MysticismMagic.esp	SPEL	MAG_ArkaysLight	DESC	0			Mysticism 2.4.2 CHT exact FormKey seed
000009CB	9AC5CE:MysticismMagic.esp	SPEL	MAG_RadiantSunlightRune	FULL	0	Radiant Sunlight Rune	烈日法印	Mysticism 2.4.2 CHT exact FormKey seed
000009CC	9AC5CE:MysticismMagic.esp	SPEL	MAG_RadiantSunlightRune	DESC	0			Mysticism 2.4.2 CHT exact FormKey seed
000009CD	9C09E5:MysticismMagic.esp	SPEL	MAG_WallofSunlight	FULL	0	Wall of Sunlight	炎陽障壁術	Mysticism 2.4.2 CHT exact FormKey seed
000009CE	9C09E5:MysticismMagic.esp	SPEL	MAG_WallofSunlight	DESC	0			Mysticism 2.4.2 CHT exact FormKey seed
000009CF	9E4106:MysticismMagic.esp	SPEL	MAG_HazardWallofSunlightSpell	FULL	0	Sun	Sun	Mysticism 2.4.2 CHT exact FormKey seed
000009D0	9E4106:MysticismMagic.esp	SPEL	MAG_HazardWallofSunlightSpell	DESC	0			Mysticism 2.4.2 CHT exact FormKey seed
000009D1	9E9213:MysticismMagic.esp	SPEL	MAG_Swordbreaker	FULL	0	Swordbreaker	破刃術	Mysticism 2.4.2 CHT exact FormKey seed
000009D2	9E9213:MysticismMagic.esp	SPEL	MAG_Swordbreaker	DESC	0			Mysticism 2.4.2 CHT exact FormKey seed
000009D3	9F8523:MysticismMagic.esp	SPEL	MAG_SoulHarvestCloak	FULL	0	Soul Harvest Cloak	Soul Harvest Cloak	Mysticism 2.4.2 CHT exact FormKey seed
000009D4	9F8523:MysticismMagic.esp	SPEL	MAG_SoulHarvestCloak	DESC	0			Mysticism 2.4.2 CHT exact FormKey seed
000009D5	9F8524:MysticismMagic.esp	SPEL	MAG_SoulHarvest	FULL	0	Soul Harvest	靈魂收割	Mysticism 2.4.2 CHT exact FormKey seed
000009D6	9F8524:MysticismMagic.esp	SPEL	MAG_SoulHarvest	DESC	0			Mysticism 2.4.2 CHT exact FormKey seed
000009D7	A07827:MysticismMagic.esp	SPEL	MAG_FlashFreeze	FULL	0	Flash Freeze	冰霜速凍	Mysticism 2.4.2 CHT exact FormKey seed
000009D8	A07827:MysticismMagic.esp	SPEL	MAG_FlashFreeze	DESC	0			Mysticism 2.4.2 CHT exact FormKey seed
000009D9	A0782A:MysticismMagic.esp	SPEL	MAG_Electrocute	FULL	0	Electrocute	電殛術	Mysticism 2.4.2 CHT exact FormKey seed
000009DA	A0782A:MysticismMagic.esp	SPEL	MAG_Electrocute	DESC	0			Mysticism 2.4.2 CHT exact FormKey seed
000009DB	A0782D:MysticismMagic.esp	SPEL	MAG_TouchofDeath	FULL	0	Touch of Death	亡魂之觸	Mysticism 2.4.2 CHT exact FormKey seed
000009DC	A0782D:MysticismMagic.esp	SPEL	MAG_TouchofDeath	DESC	0			Mysticism 2.4.2 CHT exact FormKey seed
000009DD	A11A30:MysticismMagic.esp	SPEL	MAG_HazardWallofSunlightSpellDualCast	FULL	0	Sun	Sun	Mysticism 2.4.2 CHT exact FormKey seed
000009DE	A11A30:MysticismMagic.esp	SPEL	MAG_HazardWallofSunlightSpellDualCast	DESC	0			Mysticism 2.4.2 CHT exact FormKey seed
000009DF	A11A33:MysticismMagic.esp	SPEL	MAG_HazardWallofPoisonSpellDualCast	FULL	0	Poison	Poison	Mysticism 2.4.2 CHT exact FormKey seed
000009E0	A11A33:MysticismMagic.esp	SPEL	MAG_HazardWallofPoisonSpellDualCast	DESC	0			Mysticism 2.4.2 CHT exact FormKey seed
000009E1	A9A573:MysticismMagic.esp	SPEL	MAG_Fade	FULL	0	Fade	消逝術	Mysticism 2.4.2 CHT exact FormKey seed
000009E2	A9A573:MysticismMagic.esp	SPEL	MAG_Fade	DESC	0			Mysticism 2.4.2 CHT exact FormKey seed
000009E3	AEB598:MysticismMagic.esp	SPEL	MAG_UnusedBurdenRune	FULL	0	Burden Rune	重荷法印	Mysticism 2.4.2 CHT exact FormKey seed
000009E4	AEB598:MysticismMagic.esp	SPEL	MAG_UnusedBurdenRune	DESC	0			Mysticism 2.4.2 CHT exact FormKey seed
000009E5	B467E6:MysticismMagic.esp	SPEL	MAG_Silence	FULL	0	Silence	靜默術	Mysticism 2.4.2 CHT exact FormKey seed
000009E6	B467E6:MysticismMagic.esp	SPEL	MAG_Silence	DESC	0			Mysticism 2.4.2 CHT exact FormKey seed
000009E7	B4B8F4:MysticismMagic.esp	SPEL	MAG_Fury	FULL	0	Fury	狂怒術	Mysticism 2.4.2 CHT exact FormKey seed
000009E8	B4B8F4:MysticismMagic.esp	SPEL	MAG_Fury	DESC	0			Mysticism 2.4.2 CHT exact FormKey seed
000009E9	B4B902:MysticismMagic.esp	SPEL	MAG_UnusedSpell01	FULL	0	Daybreak	穹蒼晨星術	Mysticism 2.4.2 CHT exact FormKey seed
000009EA	B4B902:MysticismMagic.esp	SPEL	MAG_UnusedSpell01	DESC	0			Mysticism 2.4.2 CHT exact FormKey seed
000009EB	BD4424:MysticismMagic.esp	SPEL	MAG_HazardFrostBlizzardSpellDualCast	FULL	0	Frost	寒霜	Mysticism 2.4.2 CHT exact FormKey seed
000009EC	BD4424:MysticismMagic.esp	SPEL	MAG_HazardFrostBlizzardSpellDualCast	DESC	0			Mysticism 2.4.2 CHT exact FormKey seed
000009ED	C43A35:MysticismMagic.esp	SPEL	MAG_FlameTouch	FULL	0	Flame Touch	紅焰之觸	Mysticism 2.4.2 CHT exact FormKey seed
000009EE	C43A35:MysticismMagic.esp	SPEL	MAG_FlameTouch	DESC	0			Mysticism 2.4.2 CHT exact FormKey seed
000009EF	C4DC3A:MysticismMagic.esp	SPEL	MAG_Invisibility	FULL	0	Invisibility	隱形	Mysticism 2.4.2 CHT exact FormKey seed
000009F0	C4DC3A:MysticismMagic.esp	SPEL	MAG_Invisibility	DESC	0			Mysticism 2.4.2 CHT exact FormKey seed
000009F1	C857B9:MysticismMagic.esp	SPEL	MAG_DetectAll	FULL	0	Detect All	全感知術	Mysticism 2.4.2 CHT exact FormKey seed
000009F2	C857B9:MysticismMagic.esp	SPEL	MAG_DetectAll	DESC	0			Mysticism 2.4.2 CHT exact FormKey seed
000009F3	CCC63D:MysticismMagic.esp	SPEL	MAG_HazardCircleofProtectionSpellDualCast	FULL	0	Circle of Protection	庇護領域術	Mysticism 2.4.2 CHT exact FormKey seed
000009F4	CCC63D:MysticismMagic.esp	SPEL	MAG_HazardCircleofProtectionSpellDualCast	DESC	0			Mysticism 2.4.2 CHT exact FormKey seed
000009F5	CDB97A:MysticismMagic.esp	SPEL	MAG_abFrostSlow	FULL	0	Frost Slow	Frost Slow	Mysticism 2.4.2 CHT exact FormKey seed
000009F6	CDB97A:MysticismMagic.esp	SPEL	MAG_abFrostSlow	DESC	0			Mysticism 2.4.2 CHT exact FormKey seed
000009F7	CDB97D:MysticismMagic.esp	SPEL	MAG_IcyTouch	FULL	0	Icy Touch	冰封之觸	Mysticism 2.4.2 CHT exact FormKey seed
000009F8	CDB97D:MysticismMagic.esp	SPEL	MAG_IcyTouch	DESC	0			Mysticism 2.4.2 CHT exact FormKey seed
000009F9	CEAC99:MysticismMagic.esp	SPEL	MAG_abBlizzardDamage	FULL	0	Blizzard Damage	Blizzard Damage	Mysticism 2.4.2 CHT exact FormKey seed
000009FA	CEAC99:MysticismMagic.esp	SPEL	MAG_abBlizzardDamage	DESC	0			Mysticism 2.4.2 CHT exact FormKey seed
000009FB	CF4EA4:MysticismMagic.esp	SPEL	MAG_abFingerExplosion	FULL	0	Finger of the Mountain	山嶺雷指	Mysticism 2.4.2 CHT exact FormKey seed
000009FC	CF4EA4:MysticismMagic.esp	SPEL	MAG_abFingerExplosion	DESC	0			Mysticism 2.4.2 CHT exact FormKey seed
000009FD	CF9FA5:MysticismMagic.esp	SPEL	MAG_abStormblastExplosion	FULL	0	Stormblast	天鳴雷轟術	Mysticism 2.4.2 CHT exact FormKey seed
000009FE	CF9FA5:MysticismMagic.esp	SPEL	MAG_abStormblastExplosion	DESC	0			Mysticism 2.4.2 CHT exact FormKey seed
000009FF	CF9FAB:MysticismMagic.esp	SPEL	MAG_StaticTouch	FULL	0	Static Touch	靜電之觸	Mysticism 2.4.2 CHT exact FormKey seed
00000A00	CF9FAB:MysticismMagic.esp	SPEL	MAG_StaticTouch	DESC	0			Mysticism 2.4.2 CHT exact FormKey seed
00000A01	D278E3:MysticismMagic.esp	SPEL	MAG_VenomousTouch	FULL	0	Venomous Touch	惡毒之觸	Mysticism 2.4.2 CHT exact FormKey seed
00000A02	D278E3:MysticismMagic.esp	SPEL	MAG_VenomousTouch	DESC	0			Mysticism 2.4.2 CHT exact FormKey seed
00000A03	D2C9E7:MysticismMagic.esp	SPEL	MAG_PoisonCloakDmg01	FULL	0	Poison Damage	毒素傷害	Mysticism 2.4.2 CHT exact FormKey seed
00000A04	D2C9E7:MysticismMagic.esp	SPEL	MAG_PoisonCloakDmg01	DESC	0			Mysticism 2.4.2 CHT exact FormKey seed
00000A05	D45F28:MysticismMagic.esp	SPEL	MAG_RadiantTouch	FULL	0	Radiant Touch	日陽之觸	Mysticism 2.4.2 CHT exact FormKey seed
00000A06	D45F28:MysticismMagic.esp	SPEL	MAG_RadiantTouch	DESC	0			Mysticism 2.4.2 CHT exact FormKey seed
00000A07	D45F2E:MysticismMagic.esp	SPEL	MAG_abChargedNovaExplosion	FULL	0	Charged Nova	耀光晨爆術	Mysticism 2.4.2 CHT exact FormKey seed
00000A08	D45F2E:MysticismMagic.esp	SPEL	MAG_abChargedNovaExplosion	DESC	0			Mysticism 2.4.2 CHT exact FormKey seed
00000A09	D6E7AF:MysticismMagic.esp	SPEL	MAG_crSkeletonMagePoisonbolt	FULL	0	Poisonbolt	毒球術	Mysticism 2.4.2 CHT exact FormKey seed
00000A0A	D6E7AF:MysticismMagic.esp	SPEL	MAG_crSkeletonMagePoisonbolt	DESC	0			Mysticism 2.4.2 CHT exact FormKey seed
00000A0B	D789B2:MysticismMagic.esp	SPEL	MAG_crDremoraIncinerate	FULL	0	Incinerate	火炮術	Mysticism 2.4.2 CHT exact FormKey seed
00000A0C	D789B2:MysticismMagic.esp	SPEL	MAG_crDremoraIncinerate	DESC	0			Mysticism 2.4.2 CHT exact FormKey seed
00000A0D	D7DAB4:MysticismMagic.esp	SPEL	MAG_crAtronachStormThrallChainLightning	FULL	0	Lightning Bolt	閃電術	Mysticism 2.4.2 CHT exact FormKey seed
00000A0E	D7DAB4:MysticismMagic.esp	SPEL	MAG_crAtronachStormThrallChainLightning	DESC	0			Mysticism 2.4.2 CHT exact FormKey seed
00000A0F	D7DAB5:MysticismMagic.esp	SPEL	MAG_crAncestorThunderbolt	FULL	0	Thunderbolt	雷電術	Mysticism 2.4.2 CHT exact FormKey seed
00000A10	D7DAB5:MysticismMagic.esp	SPEL	MAG_crAncestorThunderbolt	DESC	0			Mysticism 2.4.2 CHT exact FormKey seed
00000A11	D7DAB7:MysticismMagic.esp	SPEL	MAG_crAshSpawnFireboltLeftHand	FULL	0	Firebolt	火彈術	Mysticism 2.4.2 CHT exact FormKey seed
00000A12	D7DAB7:MysticismMagic.esp	SPEL	MAG_crAshSpawnFireboltLeftHand	DESC	0			Mysticism 2.4.2 CHT exact FormKey seed
00000A13	D7DAB9:MysticismMagic.esp	SPEL	MAG_crAshSpawnIncinerateLeftHand	FULL	0	Incinerate	火炮術	Mysticism 2.4.2 CHT exact FormKey seed
00000A14	D7DAB9:MysticismMagic.esp	SPEL	MAG_crAshSpawnIncinerateLeftHand	DESC	0			Mysticism 2.4.2 CHT exact FormKey seed
00000A15	D7DABB:MysticismMagic.esp	SPEL	MAG_crSeekerMouthSpell01	FULL	0	Knowledge Drain	智識耗盡	Mysticism 2.4.2 CHT exact FormKey seed
00000A16	D7DABB:MysticismMagic.esp	SPEL	MAG_crSeekerMouthSpell01	DESC	0			Mysticism 2.4.2 CHT exact FormKey seed
00000A17	D7DABD:MysticismMagic.esp	SPEL	MAG_crSeekerRightHandSpell01	FULL	0	Knowledge Drain	智識耗盡	Mysticism 2.4.2 CHT exact FormKey seed
00000A18	D7DABD:MysticismMagic.esp	SPEL	MAG_crSeekerRightHandSpell01	DESC	0			Mysticism 2.4.2 CHT exact FormKey seed
00000A19	D7DAC1:MysticismMagic.esp	SPEL	MAG_crSeekerMouthSpell02	FULL	0	Knowledge Drain	智識耗盡	Mysticism 2.4.2 CHT exact FormKey seed
00000A1A	D7DAC1:MysticismMagic.esp	SPEL	MAG_crSeekerMouthSpell02	DESC	0			Mysticism 2.4.2 CHT exact FormKey seed
00000A1B	D7DAC2:MysticismMagic.esp	SPEL	MAG_crSeekerRightHandSpell02	FULL	0	Knowledge Drain	智識耗盡	Mysticism 2.4.2 CHT exact FormKey seed
00000A1C	D7DAC2:MysticismMagic.esp	SPEL	MAG_crSeekerRightHandSpell02	DESC	0			Mysticism 2.4.2 CHT exact FormKey seed
00000A1D	D7DAC4:MysticismMagic.esp	SPEL	MAG_crIcySpearLeftHand	FULL	0	Icy Spear	冰矛術	Mysticism 2.4.2 CHT exact FormKey seed
00000A1E	D7DAC4:MysticismMagic.esp	SPEL	MAG_crIcySpearLeftHand	DESC	0			Mysticism 2.4.2 CHT exact FormKey seed
00000A1F	D7DAC6:MysticismMagic.esp	SPEL	MAG_crMistmanIceStormLeftHand	FULL	0	Ice Storm	冰霜氣團術	Mysticism 2.4.2 CHT exact FormKey seed
00000A20	D7DAC6:MysticismMagic.esp	SPEL	MAG_crMistmanIceStormLeftHand	DESC	0			Mysticism 2.4.2 CHT exact FormKey seed
00000A21	D7DAC8:MysticismMagic.esp	SPEL	MAG_crMistmanFrostCloakLeftHand	FULL	0	Frost Cloak	冰霜斗篷術	Mysticism 2.4.2 CHT exact FormKey seed
00000A22	D7DAC8:MysticismMagic.esp	SPEL	MAG_crMistmanFrostCloakLeftHand	DESC	0			Mysticism 2.4.2 CHT exact FormKey seed
00000A23	DB04D0:MysticismMagic.esp	SPEL	MAG_DaedricCure	FULL	0	Daedric Cure	治療魔族	Mysticism 2.4.2 CHT exact FormKey seed
00000A24	DB04D0:MysticismMagic.esp	SPEL	MAG_DaedricCure	DESC	0			Mysticism 2.4.2 CHT exact FormKey seed
00000A25	DB04D2:MysticismMagic.esp	SPEL	MAG_OblivionsEmbrace	FULL	0	Oblivion's Embrace	湮滅之擁	Mysticism 2.4.2 CHT exact FormKey seed
00000A26	DB04D2:MysticismMagic.esp	SPEL	MAG_OblivionsEmbrace	DESC	0			Mysticism 2.4.2 CHT exact FormKey seed
00000A27	DC48DA:MysticismMagic.esp	SPEL	MAG_BoundShield	FULL	0	Bound Shield	盾牌塑形術	Mysticism 2.4.2 CHT exact FormKey seed
00000A28	DC48DA:MysticismMagic.esp	SPEL	MAG_BoundShield	DESC	0			Mysticism 2.4.2 CHT exact FormKey seed
00000A29	DC99E1:MysticismMagic.esp	SPEL	MAG_BoundGreatsword	FULL	0	Bound Greatsword	巨劍塑形術	Mysticism 2.4.2 CHT exact FormKey seed
00000A2A	DC99E1:MysticismMagic.esp	SPEL	MAG_BoundGreatsword	DESC	0			Mysticism 2.4.2 CHT exact FormKey seed
00000A2B	DD3BED:MysticismMagic.esp	SPEL	MAG_BoundWarAxe	FULL	0	Bound War Axe	戰斧塑形術	Mysticism 2.4.2 CHT exact FormKey seed
00000A2C	DD3BED:MysticismMagic.esp	SPEL	MAG_BoundWarAxe	DESC	0			Mysticism 2.4.2 CHT exact FormKey seed
00000A2D	DED0F7:MysticismMagic.esp	SPEL	MAG_BoundWarhammer	FULL	0	Bound Warhammer	戰錘塑形術	Mysticism 2.4.2 CHT exact FormKey seed
00000A2E	DED0F7:MysticismMagic.esp	SPEL	MAG_BoundWarhammer	DESC	0			Mysticism 2.4.2 CHT exact FormKey seed
00000A2F	E01500:MysticismMagic.esp	SPEL	MAG_BoundMace	FULL	0	Bound Mace	塑形釘槌	Mysticism 2.4.2 CHT exact FormKey seed
00000A30	E01500:MysticismMagic.esp	SPEL	MAG_BoundMace	DESC	0			Mysticism 2.4.2 CHT exact FormKey seed
00000A31	E2EEA9:MysticismMagic.esp	SPEL	MAG_FamiliarVisuals	FULL	0	Familiar Visuals	Familiar Visuals	Mysticism 2.4.2 CHT exact FormKey seed
00000A32	E2EEA9:MysticismMagic.esp	SPEL	MAG_FamiliarVisuals	DESC	0			Mysticism 2.4.2 CHT exact FormKey seed
00000A33	E3E1B2:MysticismMagic.esp	SPEL	MAG_SummonBodyBlue	FULL	0	Summon Body Blue	Summon Body Blue	Mysticism 2.4.2 CHT exact FormKey seed
00000A34	E3E1B2:MysticismMagic.esp	SPEL	MAG_SummonBodyBlue	DESC	0			Mysticism 2.4.2 CHT exact FormKey seed
00000A35	E7ADBD:MysticismMagic.esp	SPEL	MAG_ConjureAshGuardian	FULL	0	Conjure Ash Guardian	凝灰岩衛召喚術	Mysticism 2.4.2 CHT exact FormKey seed
00000A36	E7ADBD:MysticismMagic.esp	SPEL	MAG_ConjureAshGuardian	DESC	0			Mysticism 2.4.2 CHT exact FormKey seed
00000A37	E7ADBE:MysticismMagic.esp	SPEL	MAG_crAshGuardianAttack	FULL	0	Ash Spray	灰燼噴射	Mysticism 2.4.2 CHT exact FormKey seed
00000A38	E7ADBE:MysticismMagic.esp	SPEL	MAG_crAshGuardianAttack	DESC	0			Mysticism 2.4.2 CHT exact FormKey seed
00000A39	E7FEC6:MysticismMagic.esp	SPEL	MAG_ConjureDeathHound	FULL	0	Conjure Death Hound	殭犬召喚術	Mysticism 2.4.2 CHT exact FormKey seed
00000A3A	E7FEC6:MysticismMagic.esp	SPEL	MAG_ConjureDeathHound	DESC	0			Mysticism 2.4.2 CHT exact FormKey seed
00000A3B	E7FECB:MysticismMagic.esp	SPEL	MAG_ConjureVolkiharHound	FULL	0	Conjure Volkihar Hound	沃奇哈獵犬召喚術	Mysticism 2.4.2 CHT exact FormKey seed
00000A3C	E7FECB:MysticismMagic.esp	SPEL	MAG_ConjureVolkiharHound	DESC	0			Mysticism 2.4.2 CHT exact FormKey seed
00000A3D	E7FED0:MysticismMagic.esp	SPEL	MAG_ConjureGargoyle	FULL	0	Conjure Gargoyle	召喚石像鬼	Mysticism 2.4.2 CHT exact FormKey seed
00000A3E	E7FED0:MysticismMagic.esp	SPEL	MAG_ConjureGargoyle	DESC	0			Mysticism 2.4.2 CHT exact FormKey seed
00000A3F	E7FED5:MysticismMagic.esp	SPEL	MAG_ConjureGargoyleBrute	FULL	0	Conjure Gargoyle Brute	石像鬼擬態者召喚術	Mysticism 2.4.2 CHT exact FormKey seed
00000A40	E7FED5:MysticismMagic.esp	SPEL	MAG_ConjureGargoyleBrute	DESC	0			Mysticism 2.4.2 CHT exact FormKey seed
00000A41	F08A2B:MysticismMagic.esp	SPEL	MAG_CircleDispelSingleCast	FULL	0	Circle Dispel	Circle Dispel	Mysticism 2.4.2 CHT exact FormKey seed
00000A42	F08A2B:MysticismMagic.esp	SPEL	MAG_CircleDispelSingleCast	DESC	0			Mysticism 2.4.2 CHT exact FormKey seed
00000A43	F08A2C:MysticismMagic.esp	SPEL	MAG_CircleDispelDualCast	FULL	0	Circle Dispel	Circle Dispel	Mysticism 2.4.2 CHT exact FormKey seed
00000A44	F08A2C:MysticismMagic.esp	SPEL	MAG_CircleDispelDualCast	DESC	0			Mysticism 2.4.2 CHT exact FormKey seed
00000A45	F21F3E:MysticismMagic.esp	SPEL	MAG_HazardCircleofStrengthSpell	FULL	0	Circle of Strength	力量領域術	Mysticism 2.4.2 CHT exact FormKey seed
00000A46	F21F3E:MysticismMagic.esp	SPEL	MAG_HazardCircleofStrengthSpell	DESC	0			Mysticism 2.4.2 CHT exact FormKey seed
00000A47	F21F4A:MysticismMagic.esp	SPEL	MAG_CircleofStrength	FULL	0	Circle of Strength	力量領域術	Mysticism 2.4.2 CHT exact FormKey seed
00000A48	F21F4A:MysticismMagic.esp	SPEL	MAG_CircleofStrength	DESC	0			Mysticism 2.4.2 CHT exact FormKey seed
00000A49	F36351:MysticismMagic.esp	SPEL	MAG_FontofStrengthHazardSpell	FULL	0	Font of Strength	力量聖泉	Mysticism 2.4.2 CHT exact FormKey seed
00000A4A	F36351:MysticismMagic.esp	SPEL	MAG_FontofStrengthHazardSpell	DESC	0			Mysticism 2.4.2 CHT exact FormKey seed
00000A4B	F3635D:MysticismMagic.esp	SPEL	MAG_FontofStrength	FULL	0	Font of Strength	力量聖泉	Mysticism 2.4.2 CHT exact FormKey seed
00000A4C	F3635D:MysticismMagic.esp	SPEL	MAG_FontofStrength	DESC	0			Mysticism 2.4.2 CHT exact FormKey seed
00000A4D	F36363:MysticismMagic.esp	SPEL	MAG_FontofWisdomHazardSpell	FULL	0	Font of Wisdom	智慧聖泉	Mysticism 2.4.2 CHT exact FormKey seed
00000A4E	F36363:MysticismMagic.esp	SPEL	MAG_FontofWisdomHazardSpell	DESC	0			Mysticism 2.4.2 CHT exact FormKey seed
00000A4F	F3636B:MysticismMagic.esp	SPEL	MAG_FontofWisdom	FULL	0	Font of Wisdom	智慧聖泉	Mysticism 2.4.2 CHT exact FormKey seed
00000A50	F3636B:MysticismMagic.esp	SPEL	MAG_FontofWisdom	DESC	0			Mysticism 2.4.2 CHT exact FormKey seed
00000A51	F3636F:MysticismMagic.esp	SPEL	MAG_CircleofLifeHazardSpell	FULL	0	Circle of Life	活力領域術	Mysticism 2.4.2 CHT exact FormKey seed
00000A52	F3636F:MysticismMagic.esp	SPEL	MAG_CircleofLifeHazardSpell	DESC	0			Mysticism 2.4.2 CHT exact FormKey seed
00000A53	F68EA2:MysticismMagic.esp	SCRL	MAG_ConjureVolkiharHoundScroll	FULL	0	Scroll of the Volkihar Hound	沃奇哈獵犬卷軸	Mysticism 2.4.2 CHT exact FormKey seed
00000A54	021876:Skyrim.esm	SCRL	MAG_DebilitationScroll	FULL	0	Scroll of Debilitation	癱瘓術卷軸	Mysticism 2.4.2 CHT exact FormKey seed
00000A55	0218F2:Skyrim.esm	SCRL	MAG_BaneOfTheUndeadScroll	FULL	0	Scroll of Bane of the Undead	破邪術卷軸	Mysticism 2.4.2 CHT exact FormKey seed
00000A56	096598:Skyrim.esm	SCRL	MAG_FireboltScroll	FULL	0	Scroll of Firebolt	火彈術卷軸	Mysticism 2.4.2 CHT exact FormKey seed
00000A57	096599:Skyrim.esm	SCRL	MAG_IceSpikeScroll	FULL	0	Scroll of Ice Spike	冰錐術卷軸	Mysticism 2.4.2 CHT exact FormKey seed
00000A58	09659A:Skyrim.esm	SCRL	MAG_LightningBoltScroll	FULL	0	Scroll of Lightning Bolts	閃電卷軸	Mysticism 2.4.2 CHT exact FormKey seed
00000A59	09659B:Skyrim.esm	SCRL	MAG_CandlelightScroll	FULL	0	Scroll of Candlelight	燭光術卷軸	Mysticism 2.4.2 CHT exact FormKey seed
00000A5A	09659C:Skyrim.esm	SCRL	MAG_OakfleshScroll	FULL	0	Scroll of Oakflesh	木身術卷軸	Mysticism 2.4.2 CHT exact FormKey seed
00000A5B	09659E:Skyrim.esm	SCRL	MAG_RaiseZombieScroll	FULL	0	Scroll of Raise Zombie	屍儡喚醒術卷軸	Mysticism 2.4.2 CHT exact FormKey seed
00000A5C	09659F:Skyrim.esm	SCRL	MAG_ConjureSpectralWolfScroll	FULL	0	Scroll of the Spectral Wolf	幽靈狼卷軸	Mysticism 2.4.2 CHT exact FormKey seed
00000A5D	0965A0:Skyrim.esm	SCRL	MAG_CourageScroll	FULL	0	Scroll of Courage	勇氣術卷軸	Mysticism 2.4.2 CHT exact FormKey seed
00000A5E	0965A1:Skyrim.esm	SCRL	MAG_FrenzyScroll	FULL	0	Scroll of Frenzy	狂心術卷軸	Mysticism 2.4.2 CHT exact FormKey seed
00000A5F	0965A2:Skyrim.esm	SCRL	MAG_MagelightScroll	FULL	0	Scroll of Magelight	魔光術卷軸	Mysticism 2.4.2 CHT exact FormKey seed
00000A60	0965A3:Skyrim.esm	SCRL	MAG_StonefleshScroll	FULL	0	Scroll of Stoneflesh	石身術卷軸	Mysticism 2.4.2 CHT exact FormKey seed
00000A61	0965A4:Skyrim.esm	SCRL	MAG_ReanimateCorpseScroll	FULL	0	Scroll of Reanimate Corpse	屍儡喚起術卷軸	Mysticism 2.4.2 CHT exact FormKey seed
00000A62	0965A5:Skyrim.esm	SCRL	MAG_ConjureFlameAtronachScroll	FULL	0	Scroll of the Flame Atronach	烈焰屬靈卷軸	Mysticism 2.4.2 CHT exact FormKey seed
00000A63	0965A7:Skyrim.esm	SCRL	MAG_SoulTrapScroll	FULL	0	Scroll of Soul Trap	縛魂術卷軸	Mysticism 2.4.2 CHT exact FormKey seed
00000A64	0965A8:Skyrim.esm	SCRL	MAG_FireRuneScroll	FULL	0	Scroll of the Fire Rune	暴炎法印卷軸	Mysticism 2.4.2 CHT exact FormKey seed
00000A65	0965A9:Skyrim.esm	SCRL	MAG_FrostRuneScroll	FULL	0	Scroll of the Frost Rune	暴霜法印卷軸	Mysticism 2.4.2 CHT exact FormKey seed
00000A66	0965AA:Skyrim.esm	SCRL	MAG_LightningRuneScroll	FULL	0	Scroll of the Lightning Rune	暴電法印卷軸	Mysticism 2.4.2 CHT exact FormKey seed
00000A67	0965AB:Skyrim.esm	SCRL	MAG_MuffleScroll	FULL	0	Scroll of Muffle	消音術卷軸	Mysticism 2.4.2 CHT exact FormKey seed
00000A68	0965AD:Skyrim.esm	SCRL	MAG_CalmScroll	FULL	0	Scroll of Calm	安撫術卷軸	Mysticism 2.4.2 CHT exact FormKey seed
00000A69	0965AE:Skyrim.esm	SCRL	MAG_FearScroll	FULL	0	Scroll of Fear	懼逃術卷軸	Mysticism 2.4.2 CHT exact FormKey seed
00000A6A	0965AF:Skyrim.esm	SCRL	MAG_CloseWoundsScroll	FULL	0	Scroll of Close Wounds	癒合傷口卷軸	Mysticism 2.4.2 CHT exact FormKey seed
00000A6B	0965B0:Skyrim.esm	SCRL	MAG_TurnUndeadScroll	FULL	0	Scroll of Turn Undead	進階驅邪術卷軸	Mysticism 2.4.2 CHT exact FormKey seed
00000A6C	0A449B:Skyrim.esm	SCRL	MAG_IronfleshScroll	FULL	0	Scroll of Ironflesh	鐵身術卷軸	Mysticism 2.4.2 CHT exact FormKey seed
00000A6D	0A449C:Skyrim.esm	SCRL	MAG_WaterBreathingScroll	FULL	0	Scroll of Water Breathing	水中呼吸卷軸	Mysticism 2.4.2 CHT exact FormKey seed
00000A6E	0A449D:Skyrim.esm	SCRL	MAG_ImmobilizeScroll	FULL	0	Scroll of Immobilize	定身術卷軸	Mysticism 2.4.2 CHT exact FormKey seed
00000A6F	0A449E:Skyrim.esm	SCRL	MAG_EbonyfleshScroll	FULL	0	Scroll of Ebonyflesh	玄曜身術卷軸	Mysticism 2.4.2 CHT exact FormKey seed
00000A70	0A449F:Skyrim.esm	SCRL	MAG_BanishDaedraScroll	FULL	0	Scroll of Banish Daedra	魔族遣返術卷軸	Mysticism 2.4.2 CHT exact FormKey seed
00000A71	0A44A0:Skyrim.esm	SCRL	MAG_ConjureFrostAtronachScroll	FULL	0	Scroll of the Frost Atronach	寒霜屬靈卷軸	Mysticism 2.4.2 CHT exact FormKey seed
00000A72	0A44A1:Skyrim.esm	SCRL	MAG_ConjureStormAtronachScroll	FULL	0	Scroll of the Storm Atronach	風暴屬靈卷軸	Mysticism 2.4.2 CHT exact FormKey seed
00000A73	0A44A3:Skyrim.esm	SCRL	MAG_RevenantScroll	FULL	0	Scroll of Revenant	屍儡驅使術卷軸	Mysticism 2.4.2 CHT exact FormKey seed
00000A74	0A44A4:Skyrim.esm	SCRL	MAG_ExpelDaedraScroll	FULL	0	Scroll of Expel Daedra	魔族逐返術卷軸	Mysticism 2.4.2 CHT exact FormKey seed
00000A75	0A44A5:Skyrim.esm	SCRL	MAG_DreadZombieScroll	FULL	0	Scroll of Dread Zombie	屍儡差遣術卷軸	Mysticism 2.4.2 CHT exact FormKey seed
00000A76	0A44A6:Skyrim.esm	SCRL	MAG_ConjureDremoraLordScroll	FULL	0	Scroll of the Dremora Lord	魔人將士卷軸	Mysticism 2.4.2 CHT exact FormKey seed
00000A77	0A44A7:Skyrim.esm	SCRL	MAG_DeadThrallScroll	FULL	0	Scroll of Dead Thrall	屍僕支配術卷軸	Mysticism 2.4.2 CHT exact FormKey seed
00000A78	0A44A8:Skyrim.esm	SCRL	MAG_ConjureFlameMonarchScroll	FULL	0	Scroll of the Flame Monarch	火焰君王召喚術卷軸	Mysticism 2.4.2 CHT exact FormKey seed
00000A79	0A44A9:Skyrim.esm	SCRL	MAG_ConjureFrostMonarchScroll	FULL	0	Scroll of the Frost Monarch	寒霜君王召喚術卷軸	Mysticism 2.4.2 CHT exact FormKey seed
00000A7A	0A44AA:Skyrim.esm	SCRL	MAG_ConjureStormMonarchScroll	FULL	0	Scroll of the Storm Monarch	風暴君王召喚術卷軸	Mysticism 2.4.2 CHT exact FormKey seed
00000A7B	0A44AB:Skyrim.esm	SCRL	MAG_FlameCloakScroll	FULL	0	Scroll of Flame Cloak	火焰斗篷術卷軸	Mysticism 2.4.2 CHT exact FormKey seed
00000A7C	0A44AC:Skyrim.esm	SCRL	MAG_FrostCloakScroll	FULL	0	Scroll of Frost Cloak	冰霜斗篷術卷軸	Mysticism 2.4.2 CHT exact FormKey seed
00000A7D	0A44AD:Skyrim.esm	SCRL	MAG_LightningCloakScroll	FULL	0	Scroll of the Lightning Cloak	閃電斗篷術卷軸	Mysticism 2.4.2 CHT exact FormKey seed
00000A7E	0A44AE:Skyrim.esm	SCRL	MAG_FireballScroll	FULL	0	Scroll of Fireball	火球術卷軸	Mysticism 2.4.2 CHT exact FormKey seed
00000A7F	0A44AF:Skyrim.esm	SCRL	MAG_IceStormScroll	FULL	0	Scroll of Ice Storm	冰霜氣團術卷軸	Mysticism 2.4.2 CHT exact FormKey seed
00000A80	0A44B0:Skyrim.esm	SCRL	MAG_ChainLightningScroll	FULL	0	Scroll of Chain Lightning	閃電連鎖術卷軸	Mysticism 2.4.2 CHT exact FormKey seed
00000A81	0A44B1:Skyrim.esm	SCRL	MAG_FireStormScroll	FULL	0	Scroll of Fire Storm	炎火爆燃術卷軸	Mysticism 2.4.2 CHT exact FormKey seed
00000A82	0A44B2:Skyrim.esm	SCRL	MAG_BlizzardScroll	FULL	0	Scroll of Blizzard	暴雪氣旋術卷軸	Mysticism 2.4.2 CHT exact FormKey seed
00000A83	0A44B5:Skyrim.esm	SCRL	MAG_RallyScroll	FULL	0	Scroll of Rally	振奮術卷軸	Mysticism 2.4.2 CHT exact FormKey seed
00000A84	0A44B6:Skyrim.esm	SCRL	MAG_FuryScroll	FULL	0	Scroll of Fury	狂怒術卷軸	Mysticism 2.4.2 CHT exact FormKey seed
00000A85	0A44B7:Skyrim.esm	SCRL	MAG_InvisibilityScroll	FULL	0	Scroll of Invisibility	隱身術卷軸	Mysticism 2.4.2 CHT exact FormKey seed
00000A86	0A44B9:Skyrim.esm	SCRL	MAG_PacifyScroll	FULL	0	Scroll of Pacify	平息術卷軸	Mysticism 2.4.2 CHT exact FormKey seed
00000A87	0A44BA:Skyrim.esm	SCRL	MAG_RoutScroll	FULL	0	Scroll of Rout	潰逃術卷軸	Mysticism 2.4.2 CHT exact FormKey seed
00000A88	0A44BB:Skyrim.esm	SCRL	MAG_MayhemScroll	FULL	0	Scroll of Mayhem	狂亂術卷軸	Mysticism 2.4.2 CHT exact FormKey seed
00000A89	0A44BC:Skyrim.esm	SCRL	MAG_HarmonyScroll	FULL	0	Scroll of Harmony	和睦術卷軸	Mysticism 2.4.2 CHT exact FormKey seed
00000A8A	0A44BD:Skyrim.esm	SCRL	MAG_HysteriaScroll	FULL	0	Scroll of Hysteria	瘋逃術卷軸	Mysticism 2.4.2 CHT exact FormKey seed
00000A8B	0A44BE:Skyrim.esm	SCRL	MAG_CallToArmsScroll	FULL	0	Scroll of Call to Arms	激勵術卷軸	Mysticism 2.4.2 CHT exact FormKey seed
00000A8C	0A44BF:Skyrim.esm	SCRL	MAG_TurnLesserUndeadScroll	FULL	0	Scroll of Turn Lesser Undead	初階驅邪術卷軸	Mysticism 2.4.2 CHT exact FormKey seed
00000A8D	0A44C1:Skyrim.esm	SCRL	MAG_HealOtherScroll	FULL	0	Scroll of Heal Other	高效他人治療術卷軸	Mysticism 2.4.2 CHT exact FormKey seed
00000A8E	0A44C2:Skyrim.esm	SCRL	MAG_SunfireScroll	FULL	0	Scroll of Sun Fire	陽焱術卷軸	Mysticism 2.4.2 CHT exact FormKey seed
00000A8F	0A44C3:Skyrim.esm	SCRL	MAG_CircleofProtectionScroll	FULL	0	Scroll of Circle of Protection	庇護領域術卷軸	Mysticism 2.4.2 CHT exact FormKey seed
00000A90	0A44C4:Skyrim.esm	SCRL	MAG_BreathofLifeScroll	FULL	0	Scroll of Breath of Life	生命吐息術卷軸	Mysticism 2.4.2 CHT exact FormKey seed
00000A91	0A44C5:Skyrim.esm	SCRL	MAG_RepelUndeadScroll	FULL	0	Scroll of Repel Undead	進階辟邪術卷軸	Mysticism 2.4.2 CHT exact FormKey seed
00000A92	0A44C6:Skyrim.esm	SCRL	MAG_TurnGreaterUndeadScroll	FULL	0	Scroll of Turn Greater Undead	高階驅邪術卷軸	Mysticism 2.4.2 CHT exact FormKey seed
00000A93	0B64B3:Skyrim.esm	SCRL	MAG_CloseGreaterWoundsScroll	FULL	0	Scroll of Close Greater Wounds	進階癒合傷口卷軸	Mysticism 2.4.2 CHT exact FormKey seed
00000A94	0E0CD5:Skyrim.esm	SCRL	MAG_FontofLifeScroll	FULL	0	Scroll of Font of Life	活力聖泉卷軸	Mysticism 2.4.2 CHT exact FormKey seed
00000A95	0E0CD6:Skyrim.esm	SCRL	MAG_DragonhideScroll	FULL	0	Scroll of Dragonhide	龍膚術卷軸	Mysticism 2.4.2 CHT exact FormKey seed
00000A96	1019AE:Skyrim.esm	SCRL	MAG_FeatherScroll	FULL	0	Scroll of Feather	輕羽術卷軸	Mysticism 2.4.2 CHT exact FormKey seed
00000A97	00FFF2:MysticismMagic.esp	SCRL	MAG_ConjureDremoraHunterScroll	FULL	0	Scroll of the Dremora Hunter	魔人獵人卷軸	Mysticism 2.4.2 CHT exact FormKey seed
00000A98	00FFF3:MysticismMagic.esp	SCRL	MAG_ConjureDremoraSorcererScroll	FULL	0	Scroll of the Dremora Sorcerer	魔人巫士卷軸	Mysticism 2.4.2 CHT exact FormKey seed
00000A99	01F306:MysticismMagic.esp	SCRL	MAG_ConjureWrathmanMarksmanScroll	FULL	0	Scroll of the Wrathman Marksman	怒骸神射手卷軸	Mysticism 2.4.2 CHT exact FormKey seed
00000A9A	01F307:MysticismMagic.esp	SCRL	MAG_ConjureWrathmanWarlockScroll	FULL	0	Scroll of the Wrathman Warlock	怒骸術士卷軸	Mysticism 2.4.2 CHT exact FormKey seed
00000A9B	10D26A:MysticismMagic.esp	SCRL	MAG_WindwalkerScroll	FULL	0	Scroll of Windwalking	風行者卷軸	Mysticism 2.4.2 CHT exact FormKey seed
00000A9C	10D26B:MysticismMagic.esp	SCRL	MAG_WindrunnerScroll	FULL	0	Scroll of Windrunning	風乘者卷軸	Mysticism 2.4.2 CHT exact FormKey seed
00000A9D	2002D1:MysticismMagic.esp	SCRL	MAG_GrandWeaknesstoFireScroll	FULL	0	Scroll of Grand Weakness to Fire	強效火焰弱化卷軸	Mysticism 2.5.0 custom; Skyrim 8.20 terminology
00000A9E	2002D7:MysticismMagic.esp	SCRL	MAG_GrandWeaknesstoFrostScroll	FULL	0	Scroll of Grand Weakness to Frost	強效寒霜弱化卷軸	Mysticism 2.5.0 custom; Skyrim 8.20 terminology
00000A9F	2002DD:MysticismMagic.esp	SCRL	MAG_GrandWeaknesstoPoisonScroll	FULL	0	Scroll of Grand Weakness to Poison	強效毒素弱化卷軸	Mysticism 2.5.0 custom; Skyrim 8.20 terminology
00000AA0	2002E3:MysticismMagic.esp	SCRL	MAG_GrandWeaknesstoShockScroll	FULL	0	Scroll of Grand Weakness to Shock	強效閃電弱化卷軸	Mysticism 2.5.0 custom; Skyrim 8.20 terminology
00000AA1	C62077:MysticismMagic.esp	SCRL	MAG_SootheScroll	FULL	0	Scroll of Soothe	舒緩術卷軸	Mysticism 2.4.2 CHT exact FormKey seed
00000AA2	C62078:MysticismMagic.esp	SCRL	MAG_SilenceScroll	FULL	0	Scroll of Silence	靜默術卷軸	Mysticism 2.4.2 CHT exact FormKey seed
00000AA3	C6207A:MysticismMagic.esp	SCRL	MAG_NightEyeScroll	FULL	0	Scroll of Night Eye	夜視術卷軸	Mysticism 2.4.2 CHT exact FormKey seed
00000AA4	C6207B:MysticismMagic.esp	SCRL	MAG_PanicScroll	FULL	0	Scroll of Panic	驚慌術卷軸	Mysticism 2.4.2 CHT exact FormKey seed
00000AA5	C6207D:MysticismMagic.esp	SCRL	MAG_HushScroll	FULL	0	Scroll of Hush	啞口術卷軸	Mysticism 2.4.2 CHT exact FormKey seed
00000AA6	C6207F:MysticismMagic.esp	SCRL	MAG_CommandScroll	FULL	0	Scroll of Command	命令術卷軸	Mysticism 2.4.2 CHT exact FormKey seed
00000AA7	C62081:MysticismMagic.esp	SCRL	MAG_ParalyzeScroll	FULL	0	Scroll of Paralyze	麻痺術卷軸	Mysticism 2.4.2 CHT exact FormKey seed
00000AA8	C62083:MysticismMagic.esp	SCRL	MAG_RageScroll	FULL	0	Scroll of Rage	狂暴術卷軸	Mysticism 2.4.2 CHT exact FormKey seed
00000AA9	C62084:MysticismMagic.esp	SCRL	MAG_ChameleonScroll	FULL	0	Scroll of Chameleon	擬態術卷軸	Mysticism 2.4.2 CHT exact FormKey seed
00000AAA	C62087:MysticismMagic.esp	SCRL	MAG_ShroudScroll	FULL	0	Scroll of Shroud	帷幕術卷軸	Mysticism 2.4.2 CHT exact FormKey seed
00000AAB	C62089:MysticismMagic.esp	SCRL	MAG_HypnotizeScroll	FULL	0	Scroll of Hypnotize	催眠術卷軸	Mysticism 2.4.2 CHT exact FormKey seed
00000AAC	C6208B:MysticismMagic.esp	SCRL	MAG_WrathScroll	FULL	0	Scroll of Wrath	憤怒術卷軸	Mysticism 2.4.2 CHT exact FormKey seed
00000AAD	C6208E:MysticismMagic.esp	SCRL	MAG_TerrorScroll	FULL	0	Scroll of Terror	潰逃術卷軸	Mysticism 2.4.2 CHT exact FormKey seed
00000AAE	C62090:MysticismMagic.esp	SCRL	MAG_MuteScroll	FULL	0	Scroll of Mute	沉默術卷軸	Mysticism 2.4.2 CHT exact FormKey seed
00000AAF	C62092:MysticismMagic.esp	SCRL	MAG_ControlScroll	FULL	0	Scroll of Control	控制術卷軸	Mysticism 2.4.2 CHT exact FormKey seed
00000AB0	C62094:MysticismMagic.esp	SCRL	MAG_FadeScroll	FULL	0	Scroll of Fade	消逝術卷軸	Mysticism 2.4.2 CHT exact FormKey seed
00000AB1	C62095:MysticismMagic.esp	SCRL	MAG_CalmRuneScroll	FULL	0	Scroll of the Calm Rune	安撫法印卷軸	Mysticism 2.4.2 CHT exact FormKey seed
00000AB2	C62097:MysticismMagic.esp	SCRL	MAG_FrenzyRuneScroll	FULL	0	Scroll of the Frenzy Rune	狂心法印卷軸	Mysticism 2.4.2 CHT exact FormKey seed
00000AB3	C6209A:MysticismMagic.esp	SCRL	MAG_SilenceRuneScroll	FULL	0	Scroll of the Silence Rune	靜默法印卷軸	Mysticism 2.4.2 CHT exact FormKey seed
00000AB4	C6209C:MysticismMagic.esp	SCRL	MAG_FearRuneScroll	FULL	0	Scroll of the Fear Rune	懼逃法印卷軸	Mysticism 2.4.2 CHT exact FormKey seed
00000AB5	C6209E:MysticismMagic.esp	SCRL	MAG_ParalyzeRuneScroll	FULL	0	Scroll of the Paralyze Rune	麻痺法印卷軸	Mysticism 2.4.2 CHT exact FormKey seed
00000AB6	C620A0:MysticismMagic.esp	SCRL	MAG_CommandRuneScroll	FULL	0	Scroll of the Command Rune	支配法印卷軸	Mysticism 2.4.2 CHT exact FormKey seed
00000AB7	C620A2:MysticismMagic.esp	SCRL	MAG_QuietudeScroll	FULL	0	Scroll of Quietude	寂謐術卷軸	Mysticism 2.4.2 CHT exact FormKey seed
00000AB8	C671A5:MysticismMagic.esp	SCRL	MAG_DominationScroll	FULL	0	Scroll of Domination	支配術卷軸	Mysticism 2.4.2 CHT exact FormKey seed
00000AB9	C671A7:MysticismMagic.esp	SCRL	MAG_SanctuaryScroll	FULL	0	Scroll of Sanctuary	避禍聖所術卷軸	Mysticism 2.4.2 CHT exact FormKey seed
00000ABA	C671A8:MysticismMagic.esp	SCRL	MAG_GhostwalkScroll	FULL	0	Scroll of Ghostwalk	靈行術卷軸	Mysticism 2.4.2 CHT exact FormKey seed
00000ABB	C671AB:MysticismMagic.esp	SCRL	MAG_VanishScroll	FULL	0	Scroll of Vanish	消失術卷軸	Mysticism 2.4.2 CHT exact FormKey seed
00000ABC	C8A8D7:MysticismMagic.esp	SCRL	MAG_OpenNoviceLockScroll	FULL	0	Scroll of Open Novice Lock	入門開鎖術卷軸	Mysticism 2.4.2 CHT exact FormKey seed
00000ABD	C8A8ED:MysticismMagic.esp	SCRL	MAG_OpenApprenticeLockScroll	FULL	0	Scroll of Open Apprentice Lock	學徒級開鎖術卷軸	Mysticism 2.4.2 CHT exact FormKey seed
00000ABE	C8A8EF:MysticismMagic.esp	SCRL	MAG_SwiftSwimScroll	FULL	0	Scroll of Swift Swim	速泳術卷軸	Mysticism 2.4.2 CHT exact FormKey seed
00000ABF	C8A8F1:MysticismMagic.esp	SCRL	MAG_FireShellScroll	FULL	0	Scroll of the Fire Shell	火焰護罩卷軸	Mysticism 2.4.2 CHT exact FormKey seed
00000AC0	C8F9F3:MysticismMagic.esp	SCRL	MAG_FrostShellScroll	FULL	0	Scroll of the Frost Shell	寒霜護罩卷軸	Mysticism 2.4.2 CHT exact FormKey seed
00000AC1	C8F9F4:MysticismMagic.esp	SCRL	MAG_ShockShellScroll	FULL	0	Scroll of the Shock Shell	閃電護罩卷軸	Mysticism 2.4.2 CHT exact FormKey seed
00000AC2	C8F9F7:MysticismMagic.esp	SCRL	MAG_PoisonShellScroll	FULL	0	Scroll of the Poison Shell	毒素護罩卷軸	Mysticism 2.4.2 CHT exact FormKey seed
00000AC3	C8F9F8:MysticismMagic.esp	SCRL	MAG_BurdenScroll	FULL	0	Scroll of Burden	重荷術卷軸	Mysticism 2.4.2 CHT exact FormKey seed
00000AC4	C8F9FA:MysticismMagic.esp	SCRL	MAG_DisintegrateWeaponScroll	FULL	0	Scroll of Disintegrate Weapon	瓦解武器術卷軸	Mysticism 2.4.2 CHT exact FormKey seed
00000AC5	C8F9FB:MysticismMagic.esp	SCRL	MAG_CorrodeArmorScroll	FULL	0	Scroll of Corrode Armor	侵蝕護甲術卷軸	Mysticism 2.4.2 CHT exact FormKey seed
00000AC6	C8F9FD:MysticismMagic.esp	SCRL	MAG_OpenAdeptLockScroll	FULL	0	Scroll of Open Adept Lock	行家開鎖術卷軸	Mysticism 2.4.2 CHT exact FormKey seed
00000AC7	C8FA00:MysticismMagic.esp	SCRL	MAG_SeaStrideScroll	FULL	0	Scroll of Sea Stride	水行術卷軸	Mysticism 2.4.2 CHT exact FormKey seed
00000AC8	C8FA02:MysticismMagic.esp	SCRL	MAG_WeaknesstoFireScroll	FULL	0	Scroll of Weakness to Fire	火抗弱化術卷軸	Mysticism 2.4.2 CHT exact FormKey seed
00000AC9	C8FA04:MysticismMagic.esp	SCRL	MAG_WeaknesstoFrostScroll	FULL	0	Scroll of Weakness to Frost	冰抗弱化術卷軸	Mysticism 2.4.2 CHT exact FormKey seed
00000ACA	C8FA06:MysticismMagic.esp	SCRL	MAG_WeaknesstoPoisonScroll	FULL	0	Scroll of Weakness to Poison	毒抗弱化術卷軸	Mysticism 2.4.2 CHT exact FormKey seed
00000ACB	C8FA08:MysticismMagic.esp	SCRL	MAG_WeaknesstoShockScroll	FULL	0	Scroll of Weakness to Shock	電抗弱化術卷軸	Mysticism 2.4.2 CHT exact FormKey seed
00000ACC	C8FA0C:MysticismMagic.esp	SCRL	MAG_UnusedBurdenRuneScroll	FULL	0	Scroll of the Burden Rune	重荷法印卷軸	Mysticism 2.4.2 CHT exact FormKey seed
00000ACD	C8FA0E:MysticismMagic.esp	SCRL	MAG_OpenExpertLockScroll	FULL	0	Scroll of Open Expert Lock	專家級開鎖術卷軸	Mysticism 2.4.2 CHT exact FormKey seed
00000ACE	C8FA13:MysticismMagic.esp	SCRL	MAG_FlameShieldScroll	FULL	0	Scroll of the Flame Shield	赤焰護體術卷軸	Mysticism 2.4.2 CHT exact FormKey seed
00000ACF	C8FA15:MysticismMagic.esp	SCRL	MAG_PackMuleScroll	FULL	0	Scroll of Pack Mule	駄獸術卷軸	Mysticism 2.4.2 CHT exact FormKey seed
00000AD0	C8FA16:MysticismMagic.esp	SCRL	MAG_IceShieldScroll	FULL	0	Scroll of the Ice Shield	霜寒護體術卷軸	Mysticism 2.4.2 CHT exact FormKey seed
00000AD1	C8FA1A:MysticismMagic.esp	SCRL	MAG_LightningShieldScroll	FULL	0	Scroll of the Lightning Shield	狂雷護體術卷軸	Mysticism 2.4.2 CHT exact FormKey seed
00000AD2	C8FA1C:MysticismMagic.esp	SCRL	MAG_VenomShieldScroll	FULL	0	Scroll of the Venom Shield	禍毒護體術卷軸	Mysticism 2.4.2 CHT exact FormKey seed
00000AD3	C8FA1E:MysticismMagic.esp	SCRL	MAG_OppressionScroll	FULL	0	Scroll of Oppression	壓迫卷軸	Mysticism 2.5.0 custom; Skyrim 8.20 terminology
00000AD4	C8FA20:MysticismMagic.esp	SCRL	MAG_SwordBreakerScroll	FULL	0	Scroll of the Swordbreaker	破刃術卷軸	Mysticism 2.4.2 CHT exact FormKey seed
00000AD5	C8FA22:MysticismMagic.esp	SCRL	MAG_ArmorEaterScroll	FULL	0	Scroll of the Armoreater	噬甲術卷軸	Mysticism 2.4.2 CHT exact FormKey seed
00000AD6	C8FA24:MysticismMagic.esp	SCRL	MAG_TheUnwelcomeGuestScroll	FULL	0	Scroll of the Unwelcome Guest	不請自來術卷軸	Mysticism 2.4.2 CHT exact FormKey seed
00000AD7	CD1744:MysticismMagic.esp	SCRL	MAG_StendarrsMercyScroll	FULL	0	Scroll of Stendarr's Mercy	斯丹達爾的慈悲卷軸	Mysticism 2.4.2 CHT exact FormKey seed
00000AD8	CD1745:MysticismMagic.esp	SCRL	MAG_RegenerationScroll	FULL	0	Scroll of Regeneration	再生術卷軸	Mysticism 2.4.2 CHT exact FormKey seed
00000AD9	CD1747:MysticismMagic.esp	SCRL	MAG_RapidRegenerationScroll	FULL	0	Scroll of Rapid Regeneration	快速再生術卷軸	Mysticism 2.4.2 CHT exact FormKey seed
00000ADA	CD1749:MysticismMagic.esp	SCRL	MAG_MutagenScroll	FULL	0	Scroll of Mutagen	突變術卷軸	Mysticism 2.4.2 CHT exact FormKey seed
00000ADB	CD174C:MysticismMagic.esp	SCRL	MAG_ArkaysLightScroll	FULL	0	Scroll of Arkay's Light	阿爾凱之光卷軸	Mysticism 2.4.2 CHT exact FormKey seed
00000ADC	CD174D:MysticismMagic.esp	SCRL	MAG_CureDiseaseScroll	FULL	0	Scroll of Cure Disease	治療疾病卷軸	Mysticism 2.4.2 CHT exact FormKey seed
00000ADD	CD174F:MysticismMagic.esp	SCRL	MAG_AttunementScroll	FULL	0	Scroll of Attunement	諧律卷軸	Mysticism 2.4.2 CHT exact FormKey seed
00000ADE	CD1751:MysticismMagic.esp	SCRL	MAG_AugurofAetheriusScroll	FULL	0	Scroll of Augur of Aetherius	乙太的預言卷軸	Mysticism 2.4.2 CHT exact FormKey seed
00000ADF	CDB95C:MysticismMagic.esp	SCRL	MAG_BurningTouchScroll	FULL	0	Scroll of Burning Touch	燃燒之觸卷軸	Mysticism 2.4.2 CHT exact FormKey seed
00000AE0	CDB95D:MysticismMagic.esp	SCRL	MAG_FlameTouchScroll	FULL	0	Scroll of Flame Touch	紅焰之觸卷軸	Mysticism 2.4.2 CHT exact FormKey seed
00000AE1	CDB95E:MysticismMagic.esp	SCRL	MAG_IncinerateScroll	FULL	0	Scroll of Incineration	火炮術卷軸	Mysticism 2.4.2 CHT exact FormKey seed
00000AE2	CDB960:MysticismMagic.esp	SCRL	MAG_FieryGraspScroll	FULL	0	Scroll of Fiery Grasp	火舌之握卷軸	Mysticism 2.4.2 CHT exact FormKey seed
00000AE3	CDB962:MysticismMagic.esp	SCRL	MAG_GreaterFireRuneScroll	FULL	0	Scroll of the Greater Fire Rune	進階暴炎法印卷軸	Mysticism 2.4.2 CHT exact FormKey seed
00000AE4	CDB965:MysticismMagic.esp	SCRL	MAG_ImmolateScroll	FULL	0	Scroll of Immolation	地獄火卷軸	Mysticism 2.4.2 CHT exact FormKey seed
00000AE5	CDB966:MysticismMagic.esp	SCRL	MAG_ScorchScroll	FULL	0	Scroll of Scorch	焦焚術卷軸	Mysticism 2.4.2 CHT exact FormKey seed
00000AE6	CDB981:MysticismMagic.esp	SCRL	MAG_ChillingTouchScroll	FULL	0	Scroll of Chilling Touch	寒冰之觸卷軸	Mysticism 2.4.2 CHT exact FormKey seed
00000AE7	CDB982:MysticismMagic.esp	SCRL	MAG_GreaterFrostRuneScroll	FULL	0	Scroll of the Greater Frost Rune	進階暴霜法印卷軸	Mysticism 2.4.2 CHT exact FormKey seed
00000AE8	CDB984:MysticismMagic.esp	SCRL	MAG_IcyTouchScroll	FULL	0	Scroll of Icy Touch	冰封之觸卷軸	Mysticism 2.4.2 CHT exact FormKey seed
00000AE9	CDB990:MysticismMagic.esp	SCRL	MAG_IcySpearScroll	FULL	0	Scroll of Icy Spear	冰矛術卷軸	Mysticism 2.4.2 CHT exact FormKey seed
00000AEA	CDB991:MysticismMagic.esp	SCRL	MAG_FreezingGraspScroll	FULL	0	Scroll of Freezing Grasp	寒凍之握卷軸	Mysticism 2.4.2 CHT exact FormKey seed
00000AEB	CF9FB3:MysticismMagic.esp	SCRL	MAG_ThroatoftheWorldScroll	FULL	0	Scroll of Throat of the World	世界之喉卷軸	Mysticism 2.4.2 CHT exact FormKey seed
00000AEC	CF9FB7:MysticismMagic.esp	SCRL	MAG_FlashFreezeScroll	FULL	0	Scroll of Flash Freeze	冰霜速凍卷軸	Mysticism 2.4.2 CHT exact FormKey seed
00000AED	CF9FBC:MysticismMagic.esp	SCRL	MAG_ShockingTouchScroll	FULL	0	Scroll of Shocking Touch	電擊之觸卷軸	Mysticism 2.4.2 CHT exact FormKey seed
00000AEE	CF9FBD:MysticismMagic.esp	SCRL	MAG_StaticTouchScroll	FULL	0	Scroll of Static Touch	靜電之觸卷軸	Mysticism 2.4.2 CHT exact FormKey seed
00000AEF	CF9FC3:MysticismMagic.esp	SCRL	MAG_ThunderboltScroll	FULL	0	Scroll of Thunderbolt	雷電術卷軸	Mysticism 2.4.2 CHT exact FormKey seed
00000AF0	CF9FC4:MysticismMagic.esp	SCRL	MAG_ThunderingGraspScroll	FULL	0	Scroll of Thundering Grasp	雷電之握卷軸	Mysticism 2.4.2 CHT exact FormKey seed
00000AF1	CF9FC6:MysticismMagic.esp	SCRL	MAG_GreaterLightningRuneScroll	FULL	0	Scroll of the Greater Lightning Rune	進階暴電法印卷軸	Mysticism 2.4.2 CHT exact FormKey seed
00000AF2	CF9FD2:MysticismMagic.esp	SCRL	MAG_FingeroftheMountainScroll	FULL	0	Scroll of the Finger of the Mountain	山嶺雷指卷軸	Mysticism 2.4.2 CHT exact FormKey seed
00000AF3	CF9FD3:MysticismMagic.esp	SCRL	MAG_ElectrocuteScroll	FULL	0	Scroll of Electrocution	電殛術卷軸	Mysticism 2.4.2 CHT exact FormKey seed
00000AF4	CF9FD5:MysticismMagic.esp	SCRL	MAG_StormblastScroll	FULL	0	Scroll of Stormblast	天鳴雷轟術卷軸	Mysticism 2.4.2 CHT exact FormKey seed
00000AF5	D36C0C:MysticismMagic.esp	SCRL	MAG_PoisonboltScroll	FULL	0	Scroll of Poisonbolt	毒球術卷軸	Mysticism 2.4.2 CHT exact FormKey seed
00000AF6	D36C0D:MysticismMagic.esp	SCRL	MAG_PoisonousTouchScroll	FULL	0	Scroll of Poisonous Touch	劇毒之觸卷軸	Mysticism 2.4.2 CHT exact FormKey seed
00000AF7	D36C0F:MysticismMagic.esp	SCRL	MAG_PoisonRuneScroll	FULL	0	Scroll of the Poison Rune	毒害法印卷軸	Mysticism 2.4.2 CHT exact FormKey seed
00000AF8	D36C11:MysticismMagic.esp	SCRL	MAG_PoisonCloudScroll	FULL	0	Scroll of Poison Cloud	毒雲術卷軸	Mysticism 2.4.2 CHT exact FormKey seed
00000AF9	D36C13:MysticismMagic.esp	SCRL	MAG_VenomousTouchScroll	FULL	0	Scroll of Venomous Touch	惡毒之觸卷軸	Mysticism 2.4.2 CHT exact FormKey seed
00000AFA	D36C15:MysticismMagic.esp	SCRL	MAG_PoisonCloakScroll	FULL	0	Scroll of Poison Cloak	毒素斗篷術卷軸	Mysticism 2.4.2 CHT exact FormKey seed
00000AFB	D36C17:MysticismMagic.esp	SCRL	MAG_VipersGraspScroll	FULL	0	Scroll of Viper's Grasp	毒蛇之握卷軸	Mysticism 2.4.2 CHT exact FormKey seed
00000AFC	D36C19:MysticismMagic.esp	SCRL	MAG_ViperboltScroll	FULL	0	Scroll of Viperbolt	猛烈毒球術卷軸	Mysticism 2.4.2 CHT exact FormKey seed
00000AFD	D36C1A:MysticismMagic.esp	SCRL	MAG_DeadlyPoisonRuneScroll	FULL	0	Scroll of the Deadly Poison Rune	致命毒害法印卷軸	Mysticism 2.4.2 CHT exact FormKey seed
00000AFE	D36C1D:MysticismMagic.esp	SCRL	MAG_VenomfangScroll	FULL	0	Scroll of Venomfang	猛毒之牙卷軸	Mysticism 2.4.2 CHT exact FormKey seed
00000AFF	D36C1F:MysticismMagic.esp	SCRL	MAG_DeathCloudScroll	FULL	0	Scroll of Death Cloud	死亡之雲卷軸	Mysticism 2.4.2 CHT exact FormKey seed
00000B00	D36C21:MysticismMagic.esp	SCRL	MAG_BlackMarshScroll	FULL	0	Scroll of Black Marsh	黑沼卷軸	Mysticism 2.4.2 CHT exact FormKey seed
00000B01	D4B031:MysticismMagic.esp	SCRL	MAG_SunlightTouchScroll	FULL	0	Scroll of Sunlight Touch	日光之觸卷軸	Mysticism 2.4.2 CHT exact FormKey seed
00000B02	D4B032:MysticismMagic.esp	SCRL	MAG_SunlightRuneScroll	FULL	0	Scroll of the Sunlight Rune	日光法印卷軸	Mysticism 2.4.2 CHT exact FormKey seed
00000B03	D4B049:MysticismMagic.esp	SCRL	MAG_VampiresBaneScroll	FULL	0	Scroll of Vampire's Bane	淨邪術卷軸	Mysticism 2.4.2 CHT exact FormKey seed
00000B04	D4B04C:MysticismMagic.esp	SCRL	MAG_StendarrsAuraScroll	FULL	0	Scroll of Stendarr's Aura	斯丹達爾聖域術卷軸	Mysticism 2.4.2 CHT exact FormKey seed
00000B05	D4B04D:MysticismMagic.esp	SCRL	MAG_RadiantTouchScroll	FULL	0	Scroll of Radiant Touch	日陽之觸卷軸	Mysticism 2.4.2 CHT exact FormKey seed
00000B06	D4B04F:MysticismMagic.esp	SCRL	MAG_SearingGraspScroll	FULL	0	Scroll of Searing Grasp	聖焰之握卷軸	Mysticism 2.4.2 CHT exact FormKey seed
00000B07	D4B051:MysticismMagic.esp	SCRL	MAG_EclipseScroll	FULL	0	Scroll of Eclipse	日蝕術卷軸	Mysticism 2.4.2 CHT exact FormKey seed
00000B08	D4B053:MysticismMagic.esp	SCRL	MAG_ReflectiveLightScroll	FULL	0	Scroll of Reflective Light	淨化光束卷軸	Mysticism 2.4.2 CHT exact FormKey seed
00000B09	D4B056:MysticismMagic.esp	SCRL	MAG_RadiantSunlightRuneScroll	FULL	0	Scroll of the Radiant Sunlight Rune	烈日法印卷軸	Mysticism 2.4.2 CHT exact FormKey seed
00000B0A	D4B059:MysticismMagic.esp	SCRL	MAG_SolarFlareScroll	FULL	0	Scroll of Solar Flare	太陽烈炎卷軸	Mysticism 2.4.2 CHT exact FormKey seed
00000B0B	D4B05F:MysticismMagic.esp	SCRL	MAG_ChargedNovaScroll	FULL	0	Scroll of Charged Nova	耀光晨爆術卷軸	Mysticism 2.4.2 CHT exact FormKey seed
00000B0C	D64575:MysticismMagic.esp	SCRL	MAG_VampiricBoltScroll	FULL	0	Scroll of Vampiric Bolt	茹血法矢卷軸	Mysticism 2.4.2 CHT exact FormKey seed
00000B0D	D64576:MysticismMagic.esp	SCRL	MAG_VampiricTouchScroll	FULL	0	Scroll of Vampiric Touch	茹血之觸卷軸	Mysticism 2.4.2 CHT exact FormKey seed
00000B0E	D64577:MysticismMagic.esp	SCRL	MAG_VampiricGraspScroll	FULL	0	Scroll of Vampiric Grasp	茹血之握卷軸	Mysticism 2.4.2 CHT exact FormKey seed
00000B0F	D64579:MysticismMagic.esp	SCRL	MAG_VampiricBlastScroll	FULL	0	Scroll of Vampiric Blast	茹血狂宴術卷軸	Mysticism 2.4.2 CHT exact FormKey seed
00000B10	D6457A:MysticismMagic.esp	SCRL	MAG_VampiricRuneScroll	FULL	0	Scroll of the Vampiric Rune	茹血法印卷軸	Mysticism 2.4.2 CHT exact FormKey seed
00000B11	D6457D:MysticismMagic.esp	SCRL	MAG_TouchofDeathScroll	FULL	0	Scroll of Touch of Death	死亡之觸卷軸	Mysticism 2.5.0 custom; Skyrim 8.20 terminology
00000B12	D6457F:MysticismMagic.esp	SCRL	MAG_BloodLanceScroll	FULL	0	Scroll of Blood Lance	腥紅血槍卷軸	Mysticism 2.4.2 CHT exact FormKey seed
00000B13	D64581:MysticismMagic.esp	SCRL	MAG_ScionsEmbraceScroll	FULL	0	Scroll of Scion's Embrace	血裔之擁卷軸	Mysticism 2.4.2 CHT exact FormKey seed
00000B14	D64584:MysticismMagic.esp	SCRL	MAG_SiphonSpiritScroll	FULL	0	Scroll of Siphon Spirit	靈魂虹吸卷軸	Mysticism 2.4.2 CHT exact FormKey seed
00000B15	D64585:MysticismMagic.esp	SCRL	MAG_SapEssenceScroll	FULL	0	Scroll of Sap Essence	榨取元氣卷軸	Mysticism 2.4.2 CHT exact FormKey seed
00000B16	E1AA13:MysticismMagic.esp	SCRL	MAG_ConjureSkeletonScroll	FULL	0	Scroll of the Skeleton	骷髏卷軸	Mysticism 2.4.2 CHT exact FormKey seed
00000B17	E1AA14:MysticismMagic.esp	SCRL	MAG_BoundDaggerScroll	FULL	0	Scroll of the Bound Dagger	魔力塑形匕首卷軸	Mysticism 2.4.2 CHT exact FormKey seed
00000B18	E1AA16:MysticismMagic.esp	SCRL	MAG_BoundShieldScroll	FULL	0	Scroll of the Bound Shield	魔力塑形盾牌卷軸	Mysticism 2.4.2 CHT exact FormKey seed
00000B19	E1AA18:MysticismMagic.esp	SCRL	MAG_BoundWarAxeScroll	FULL	0	Scroll of the Bound War Axe	魔力塑形戰斧卷軸	Mysticism 2.4.2 CHT exact FormKey seed
00000B1A	E1AA1A:MysticismMagic.esp	SCRL	MAG_BoundMaceScroll	FULL	0	Scroll of the Bound Mace	魔力塑形釘槌卷軸	Mysticism 2.4.2 CHT exact FormKey seed
00000B1B	E1AA1C:MysticismMagic.esp	SCRL	MAG_BoundGreatswordScroll	FULL	0	Scroll of the Bound Greatsword	魔力塑形巨劍卷軸	Mysticism 2.4.2 CHT exact FormKey seed
00000B1C	E1AA1E:MysticismMagic.esp	SCRL	MAG_BoundBattleaxeScroll	FULL	0	Scroll of the Bound Battleaxe	魔力塑形戰斧卷軸	Mysticism 2.4.2 CHT exact FormKey seed
00000B1D	E1AA20:MysticismMagic.esp	SCRL	MAG_BoundWarhammerScroll	FULL	0	Scroll of the Bound Warhammer	魔力塑形戰錘卷軸	Mysticism 2.4.2 CHT exact FormKey seed
00000B1E	E1AA22:MysticismMagic.esp	SCRL	MAG_BoundBowScroll	FULL	0	Scroll of the Bound Bow	魔力塑形戰弓卷軸	Mysticism 2.4.2 CHT exact FormKey seed
00000B1F	E1AA24:MysticismMagic.esp	SCRL	MAG_BoundSwordScroll	FULL	0	Scroll of the Bound Sword	魔力塑形長劍卷軸	Mysticism 2.4.2 CHT exact FormKey seed
00000B20	E1AA26:MysticismMagic.esp	SCRL	MAG_ConjureSpectralDireWolfScroll	FULL	0	Scroll of the Spectral Dire Wolf	幽靈惡狼卷軸	Mysticism 2.4.2 CHT exact FormKey seed
00000B21	E1AA28:MysticismMagic.esp	SCRL	MAG_ConjureSkeletonArcherScroll	FULL	0	Scroll of the Skeleton Archer	骷髏弓箭手卷軸	Mysticism 2.4.2 CHT exact FormKey seed
00000B22	E1AA2A:MysticismMagic.esp	SCRL	MAG_ConjureSpectralSabreCatScroll	FULL	0	Scroll of the Spectral Sabre Cat	幽靈劍齒虎卷軸	Mysticism 2.4.2 CHT exact FormKey seed
00000B23	E1AA2C:MysticismMagic.esp	SCRL	MAG_ConjureSpectralSteedScroll	FULL	0	Scroll of the Spectral Steed	幽靈戰馬法杖	Mysticism 2.4.2 CHT exact FormKey seed
00000B24	E1AA2E:MysticismMagic.esp	SCRL	MAG_ConjureDremoraWarriorScroll	FULL	0	Scroll of the Dremora Warrior	魔人戰士卷軸	Mysticism 2.4.2 CHT exact FormKey seed
00000B25	E1AA30:MysticismMagic.esp	SCRL	MAG_ConjureSkeletonMageScroll	FULL	0	Scroll of the Skeleton Mage	骷髏法師卷軸	Mysticism 2.4.2 CHT exact FormKey seed
00000B26	E1AA32:MysticismMagic.esp	SCRL	MAG_ConjureAncestralGuardianScroll	FULL	0	Scroll of the Ancestral Guardian	先祖護衛者卷軸	Mysticism 2.4.2 CHT exact FormKey seed
00000B27	E1AA34:MysticismMagic.esp	SCRL	MAG_ConjureFlamingFamiliarScroll	FULL	0	Scroll of the Flaming Familiar	烈焰使魔召喚術卷軸	Mysticism 2.4.2 CHT exact FormKey seed
00000B28	E1AA36:MysticismMagic.esp	SCRL	MAG_ConjureAshSpawnScroll	FULL	0	Scroll of the Ash Spawn	凝灰鬼卷軸	Mysticism 2.4.2 CHT exact FormKey seed
00000B29	E1AA38:MysticismMagic.esp	SCRL	MAG_ConjureSeekerScroll	FULL	0	Scroll of the Seeker	識巡者卷軸	Mysticism 2.4.2 CHT exact FormKey seed
00000B2A	E1AA39:MysticismMagic.esp	SCRL	MAG_ConjureBonemanScroll	FULL	0	Scroll of the Boneman	骨骸卷軸	Mysticism 2.4.2 CHT exact FormKey seed
00000B2B	E1AA3B:MysticismMagic.esp	SCRL	MAG_SoulHarvestScroll	FULL	0	Scroll of Soul Harvest	靈魂收割卷軸	Mysticism 2.4.2 CHT exact FormKey seed
00000B2C	E1AA3D:MysticismMagic.esp	SCRL	MAG_ConjureSpectralBearScroll	FULL	0	Scroll of the Spectral Bear	幽靈熊卷軸	Mysticism 2.4.2 CHT exact FormKey seed
00000B2D	E1AA3F:MysticismMagic.esp	SCRL	MAG_ConjureDremoraWarlockScroll	FULL	0	Scroll of the Dremora Warlock	魔人術士卷軸	Mysticism 2.4.2 CHT exact FormKey seed
00000B2E	E1AA42:MysticismMagic.esp	SCRL	MAG_ConjureSkeletonWarriorScroll	FULL	0	Scroll of the Skeleton Warrior	骷髏戰士卷軸	Mysticism 2.4.2 CHT exact FormKey seed
00000B2F	E1AA44:MysticismMagic.esp	SCRL	MAG_ConjureAncestralWizardScroll	FULL	0	Scroll of the Ancestral Wizard	先祖法師卷軸	Mysticism 2.4.2 CHT exact FormKey seed
00000B30	E1AA46:MysticismMagic.esp	SCRL	MAG_ConjureMistmanScroll	FULL	0	Scroll of the Mistman	霧骸卷軸	Mysticism 2.4.2 CHT exact FormKey seed
00000B31	E1AA48:MysticismMagic.esp	SCRL	MAG_ConjureSpectralManbeastScroll	FULL	0	Scroll of the Spectral Manbeast	幽靈獸化人卷軸	Mysticism 2.4.2 CHT exact FormKey seed
00000B32	E1AA4C:MysticismMagic.esp	SCRL	MAG_ConjureSkeletonChampionScroll	FULL	0	Scroll of the Skeleton Champion	骷髏霸主卷軸	Mysticism 2.4.2 CHT exact FormKey seed
00000B33	E1AA4E:MysticismMagic.esp	SCRL	MAG_ConjureAncestralAssassinScroll	FULL	0	Scroll of the Ancestral Assassin	先祖刺客卷軸	Mysticism 2.4.2 CHT exact FormKey seed
00000B34	E1AA50:MysticismMagic.esp	SCRL	MAG_ConjureAshHuskScroll	FULL	0	Scroll of the Ash Husk	凝灰犬卷軸	Mysticism 2.4.2 CHT exact FormKey seed
00000B35	E1AA52:MysticismMagic.esp	SCRL	MAG_ConjureHighSeekerScroll	FULL	0	Scroll of the High Seeker	高等識巡者卷軸	Mysticism 2.4.2 CHT exact FormKey seed
00000B36	E1AA54:MysticismMagic.esp	SCRL	MAG_ConjureWrathmanScroll	FULL	0	Scroll of the Wrathman	怒骸卷軸	Mysticism 2.4.2 CHT exact FormKey seed
00000B37	F3B491:MysticismMagic.esp	SCRL	MAG_CircleofLifeScroll	FULL	0	Scroll of Circle of Life	活力領域術卷軸	Mysticism 2.4.2 CHT exact FormKey seed
00000B38	F3B492:MysticismMagic.esp	SCRL	MAG_FontofWisdomScroll	FULL	0	Scroll of Font of Wisdom	智慧聖泉卷軸	Mysticism 2.4.2 CHT exact FormKey seed
00000B39	F3B49D:MysticismMagic.esp	SCRL	MAG_CircleofWisdomScroll	FULL	0	Scroll of Circle of Wisdom	智慧領域術卷軸	Mysticism 2.4.2 CHT exact FormKey seed
00000B3A	F3B49E:MysticismMagic.esp	SCRL	MAG_FontofStrengthScroll	FULL	0	Scroll of Font of Strength	力量聖泉卷軸	Mysticism 2.4.2 CHT exact FormKey seed
00000B3B	F3B4A0:MysticismMagic.esp	SCRL	MAG_CircleofStrengthScroll	FULL	0	Scroll of Circle of Strength	力量領域術卷軸	Mysticism 2.4.2 CHT exact FormKey seed
00000B3C	F4A7A6:MysticismMagic.esp	SCRL	MAG_DispelScroll	FULL	0	Scroll of Dispel	驅散術卷軸	Mysticism 2.4.2 CHT exact FormKey seed
00000B3D	F4A7A7:MysticismMagic.esp	SCRL	MAG_DestroyConstructScroll	FULL	0	Scroll of Destroy Construct	構裝體破壞術卷軸	Mysticism 2.4.2 CHT exact FormKey seed
00000B3E	F4A7A9:MysticismMagic.esp	SCRL	MAG_SlowfallScroll	FULL	0	Scroll of Slowfall	緩落術卷軸	Mysticism 2.4.2 CHT exact FormKey seed
00000B3F	F4A7AA:MysticismMagic.esp	SCRL	MAG_WhirlwindCloakScroll	FULL	0	Scroll of Whirlwind Cloak	旋風斗篷術卷軸	Mysticism 2.4.2 CHT exact FormKey seed
00000B40	F4A7AE:MysticismMagic.esp	SCRL	MAG_AshFormScroll	FULL	0	Scroll of Ash Form	燼封術卷軸	Mysticism 2.4.2 CHT exact FormKey seed
00000B41	F4A7AF:MysticismMagic.esp	SCRL	MAG_AshCloudScroll	FULL	0	Scroll of the Ash Cloud	燼雲術卷軸	Mysticism 2.4.2 CHT exact FormKey seed
00000B42	F4A7B0:MysticismMagic.esp	SCRL	MAG_AshRuneScroll	FULL	0	Scroll of the Ash Rune	燼封法印卷軸	Mysticism 2.4.2 CHT exact FormKey seed
00000B43	F4A7B3:MysticismMagic.esp	SCRL	MAG_DwemerbaneScroll	FULL	0	Scroll of the Dwemerbane	鍛莫泯滅術卷軸	Mysticism 2.4.2 CHT exact FormKey seed
00000B44	F4A7B4:MysticismMagic.esp	SCRL	MAG_CinderStormScroll	FULL	0	Scroll of Cinder Storm	漫天燼封術卷軸	Mysticism 2.4.2 CHT exact FormKey seed
00000B45	F4A7B6:MysticismMagic.esp	SCRL	MAG_ConjureAshGuardianScroll	FULL	0	Scroll of the Ash Guardian	凝灰岩衛卷軸	Mysticism 2.4.2 CHT exact FormKey seed
00000B46	F68E9D:MysticismMagic.esp	SCRL	MAG_ConjureGargoyleScroll	FULL	0	Scroll of the Gargoyle	石像鬼卷軸	Mysticism 2.4.2 CHT exact FormKey seed
00000B47	F68E9E:MysticismMagic.esp	SCRL	MAG_ConjureGargoyleBruteScroll	FULL	0	Scroll of the Gargoyle Brute	石像鬼擬態者卷軸	Mysticism 2.4.2 CHT exact FormKey seed
00000B48	F68EA0:MysticismMagic.esp	SCRL	MAG_ConjureDeathHoundScroll	FULL	0	Scroll of the Death Hound	殭犬卷軸	Mysticism 2.4.2 CHT exact FormKey seed
00000B49	4E8266:MysticismMagic.esp	ARMO	MAG_ArmorDremoraShield	FULL	0	Daedric Shield	魔族盾牌	Mysticism 2.4.2 CHT exact FormKey seed
00000B4A	DBF7D7:MysticismMagic.esp	ARMO	MAG_BoundArmorShield	FULL	0	Bound Shield	魔力塑形盾牌	Mysticism 2.4.2 CHT exact FormKey seed
00000B4B	40E43E:MysticismMagic.esp	ARMO	MAG_ArmorIronSkeletonShield	FULL	0	Banded Iron Shield	鐵製強固盾牌	Mysticism 2.4.2 CHT exact FormKey seed
00000B4C	DC48D8:MysticismMagic.esp	ARMO	MAG_BoundArmorShieldMystic	FULL	0	Bound Shield	魔力塑形盾牌	Mysticism 2.4.2 CHT exact FormKey seed
00000B4D	3C757E:MysticismMagic.esp	BOOK	MAG_SpellTomeWeaknesstoShock	FULL	0	Spell Tome: Weakness to Shock	法術書：電抗弱化術	Mysticism 2.4.2 CHT exact FormKey seed
00000B4E	3C757E:MysticismMagic.esp	BOOK	MAG_SpellTomeWeaknesstoShock	DESC	0	"<font face'$HandwrittenFont'><font size='40'><p align='center'>
Weakness to Shock"	"<font face'$HandwrittenFont'><font size='40'><p align='center'>
電抗弱化術"	Mysticism 2.4.2 CHT exact FormKey seed
00000B4F	F3637E:MysticismMagic.esp	BOOK	MAG_SpellTomeCircleofLife	FULL	0	Spell Tome: Circle of Life	法術書：活力領域術	Mysticism 2.4.2 CHT exact FormKey seed
00000B50	F3637E:MysticismMagic.esp	BOOK	MAG_SpellTomeCircleofLife	DESC	0	"<font face'$HandwrittenFont'><font size='40'><p align='center'>
Circle of Life"	"<font face'$HandwrittenFont'><font size='40'><p align='center'>
Circle of Life"	Mysticism 2.4.2 CHT exact FormKey seed
00000B51	FF19E1:MysticismMagic.esp	BOOK	MAG_SpellTomeSymmetry	FULL	0	Spell Tome: Symmetry	法術書：勻稱調和術	Mysticism 2.4.2 CHT exact FormKey seed
00000B52	FF19E1:MysticismMagic.esp	BOOK	MAG_SpellTomeSymmetry	DESC	0	"<font face'$HandwrittenFont'><font size='40'><p align='center'>
Symmetry"	"<font face'$HandwrittenFont'><font size='40'><p align='center'>
Symmetry"	Mysticism 2.4.2 CHT exact FormKey seed
00000B53	3C7583:MysticismMagic.esp	BOOK	MAG_SpellTomePackMule	FULL	0	Spell Tome: Pack Mule	法術書：駄獸術	Mysticism 2.4.2 CHT exact FormKey seed
00000B54	3C7583:MysticismMagic.esp	BOOK	MAG_SpellTomePackMule	DESC	0	"<font face'$HandwrittenFont'><font size='40'><p align='center'>
Pack Mule"	"<font face'$HandwrittenFont'><font size='40'><p align='center'>
駄獸術"	Mysticism 2.4.2 CHT exact FormKey seed
00000B55	3C7584:MysticismMagic.esp	BOOK	MAG_SpellTomeBurden	FULL	0	Spell Tome: Burden	法術書：重荷術	Mysticism 2.4.2 CHT exact FormKey seed
00000B56	3C7584:MysticismMagic.esp	BOOK	MAG_SpellTomeBurden	DESC	0	"<font face'$HandwrittenFont'><font size='40'><p align='center'>
Burden"	"<font face'$HandwrittenFont'><font size='40'><p align='center'>
重荷術"	Mysticism 2.4.2 CHT exact FormKey seed
00000B57	3C7585:MysticismMagic.esp	BOOK	MAG_SpellTomeFlameShield	FULL	0	Spell Tome: Flame Shield	法術書：赤焰護體術	Mysticism 2.4.2 CHT exact FormKey seed
00000B58	3C7585:MysticismMagic.esp	BOOK	MAG_SpellTomeFlameShield	DESC	0	"<font face'$HandwrittenFont'><font size='40'><p align='center'>
Flame Shield"	"<font face'$HandwrittenFont'><font size='40'><p align='center'>
赤焰護體術"	Mysticism 2.4.2 CHT exact FormKey seed
00000B59	3C7586:MysticismMagic.esp	BOOK	MAG_SpellTomeIceShield	FULL	0	Spell Tome: Ice Shield	法術書：霜寒護體術	Mysticism 2.4.2 CHT exact FormKey seed
00000B5A	3C7586:MysticismMagic.esp	BOOK	MAG_SpellTomeIceShield	DESC	0	"<font face'$HandwrittenFont'><font size='40'><p align='center'>
Ice Shield"	"<font face'$HandwrittenFont'><font size='40'><p align='center'>
霜寒護體術"	Mysticism 2.4.2 CHT exact FormKey seed
00000B5B	3C7587:MysticismMagic.esp	BOOK	MAG_SpellTomeLightningShield	FULL	0	Spell Tome: Lightning Shield	法術書：狂雷護體術	Mysticism 2.4.2 CHT exact FormKey seed
00000B5C	3C7587:MysticismMagic.esp	BOOK	MAG_SpellTomeLightningShield	DESC	0	"<font face'$HandwrittenFont'><font size='40'><p align='center'>
Lightning Shield"	"<font face'$HandwrittenFont'><font size='40'><p align='center'>
狂雷護體術"	Mysticism 2.4.2 CHT exact FormKey seed
00000B5D	09E2A8:Skyrim.esm	BOOK	MAG_SpellTomeOakflesh	FULL	0	Spell Tome: Oakflesh	法術書：木身術	Mysticism 2.4.2 CHT exact FormKey seed
00000B5E	09E2A8:Skyrim.esm	BOOK	MAG_SpellTomeOakflesh	DESC	0	"<font face'$HandwrittenFont'><font size='40'><p align='center'>
Oakflesh"	"<font face'$HandwrittenFont'><font size='40'><p align='center'>
木身術"	Mysticism 2.4.2 CHT exact FormKey seed
00000B5F	9F851F:MysticismMagic.esp	BOOK	MAG_SpellTomeElectrocute	FULL	0	Spell Tome: Electrocute	法術書：電殛術	Mysticism 2.4.2 CHT exact FormKey seed
00000B60	9F851F:MysticismMagic.esp	BOOK	MAG_SpellTomeElectrocute	DESC	0	"<font face'$HandwrittenFont'><font size='40'><p align='center'>
Electrocute"	"<font face'$HandwrittenFont'><font size='40'><p align='center'>
電殛術"	Mysticism 2.4.2 CHT exact FormKey seed
00000B61	3C7589:MysticismMagic.esp	BOOK	MAG_SpellTomeArmorEater	FULL	0	Spell Tome: Armoreater	法術書：噬甲術	Mysticism 2.4.2 CHT exact FormKey seed
00000B62	3C7589:MysticismMagic.esp	BOOK	MAG_SpellTomeArmorEater	DESC	0	"<font face'$HandwrittenFont'><font size='40'><p align='center'>
Armoreater"	"<font face'$HandwrittenFont'><font size='40'><p align='center'>
Armoreater"	Mysticism 2.4.2 CHT exact FormKey seed
00000B63	09E2AA:Skyrim.esm	BOOK	MAG_SpellTomeRaiseZombie	FULL	0	Spell Tome: Raise Zombie	法術書：屍儡喚醒術	Mysticism 2.4.2 CHT exact FormKey seed
00000B64	09E2AA:Skyrim.esm	BOOK	MAG_SpellTomeRaiseZombie	DESC	0	"<font face'$HandwrittenFont'><font size='40'><p align='center'>
Raise Zombie"	"<font face'$HandwrittenFont'><font size='40'><p align='center'>
屍儡喚醒術"	Mysticism 2.4.2 CHT exact FormKey seed
00000B65	09E2AB:Skyrim.esm	BOOK	MAG_SpellTomeConjureSpectralWolf	FULL	0	Spell Tome: Conjure Spectral Wolf	法術書：幽靈狼召喚術	Mysticism 2.4.2 CHT exact FormKey seed
00000B66	09E2AB:Skyrim.esm	BOOK	MAG_SpellTomeConjureSpectralWolf	DESC	0	"<font face'$HandwrittenFont'><font size='40'><p align='center'>
Conjure Spectral Wolf"	"<font face'$HandwrittenFont'><font size='40'><p align='center'>
幽靈狼召喚術"	Mysticism 2.4.2 CHT exact FormKey seed
00000B67	09E2AC:Skyrim.esm	BOOK	MAG_SpellTomeFrenzy	FULL	0	Spell Tome: Frenzy	法術書：狂心術	Mysticism 2.4.2 CHT exact FormKey seed
00000B68	09E2AC:Skyrim.esm	BOOK	MAG_SpellTomeFrenzy	DESC	0	"<font face'$HandwrittenFont'><font size='40'><p align='center'>
Frenzy"	"<font face'$HandwrittenFont'><font size='40'><p align='center'>
狂心術"	Mysticism 2.4.2 CHT exact FormKey seed
00000B69	09E2AD:Skyrim.esm	BOOK	MAG_SpellTomeCourage	FULL	0	Spell Tome: Courage	法術書：勇氣術	Mysticism 2.4.2 CHT exact FormKey seed
00000B6A	09E2AD:Skyrim.esm	BOOK	MAG_SpellTomeCourage	DESC	0	"<font face'$HandwrittenFont'><font size='40'><p align='center'>
Courage"	"<font face'$HandwrittenFont'><font size='40'><p align='center'>
勇氣術"	Mysticism 2.4.2 CHT exact FormKey seed
00000B6B	09E2AE:Skyrim.esm	BOOK	MAG_SpellTomeLesserWard	FULL	0	Spell Tome: Lesser Ward	法術書：初階結界術	Mysticism 2.4.2 CHT exact FormKey seed
00000B6C	09E2AE:Skyrim.esm	BOOK	MAG_SpellTomeLesserWard	DESC	0	"<font face'$HandwrittenFont'><font size='40'><p align='center'>
Lesser Ward

"	"<font face'$HandwrittenFont'><font size='40'><p align='center'>
Lesser Ward

"	Mysticism 2.4.2 CHT exact FormKey seed
00000B6D	09E2AF:Skyrim.esm	BOOK	MAG_SpellTomeHealing	FULL	0	Spell Tome: Healing	法術書：治療術	Mysticism 2.4.2 CHT exact FormKey seed
00000B6E	09E2AF:Skyrim.esm	BOOK	MAG_SpellTomeHealing	DESC	0	"<font face'$HandwrittenFont'><font size='40'><p align='center'>
Healing

<font size='40'>By concentrating on the perfect image of yourself, your body will begin to heal."	"<font face'$HandwrittenFont'><font size='40'><p align='center'>
治療術
<font size='40'>專注於該法術的過程中，你的軀體會逐漸得到醫療。"	Mysticism 2.4.2 CHT exact FormKey seed
00000B6F	0A26E2:Skyrim.esm	BOOK	MAG_SpellTomeMagelight	FULL	0	Spell Tome: Magelight	法術書：魔光術	Mysticism 2.4.2 CHT exact FormKey seed
00000B70	0A26E2:Skyrim.esm	BOOK	MAG_SpellTomeMagelight	DESC	0	"<font face'$HandwrittenFont'><font size='40'><p align='center'>
Magelight"	"<font face'$HandwrittenFont'><font size='40'><p align='center'>
魔光術"	Mysticism 2.4.2 CHT exact FormKey seed
00000B71	0A26E3:Skyrim.esm	BOOK	MAG_SpellTomeStoneflesh	FULL	0	Spell Tome: Stoneflesh	法術書：石身術	Mysticism 2.4.2 CHT exact FormKey seed
00000B72	0A26E3:Skyrim.esm	BOOK	MAG_SpellTomeStoneflesh	DESC	0	"<font face'$HandwrittenFont'><font size='40'><p align='center'>
Stoneflesh"	"<font face'$HandwrittenFont'><font size='40'><p align='center'>
石身術"	Mysticism 2.4.2 CHT exact FormKey seed
00000B73	0A26E4:Skyrim.esm	BOOK	MAG_SpellTomeIronflesh	FULL	0	Spell Tome: Ironflesh	法術書：鐵身術	Mysticism 2.4.2 CHT exact FormKey seed
00000B74	0A26E4:Skyrim.esm	BOOK	MAG_SpellTomeIronflesh	DESC	0	"<font face'$HandwrittenFont'><font size='40'><p align='center'>
Ironflesh"	"<font face'$HandwrittenFont'><font size='40'><p align='center'>
鐵身術"	Mysticism 2.4.2 CHT exact FormKey seed
00000B75	0A26E5:Skyrim.esm	BOOK	MAG_SpellTomeTelekinesis	FULL	0	Spell Tome: Telekinesis	法術書：念動術	Mysticism 2.4.2 CHT exact FormKey seed
00000B76	0A26E5:Skyrim.esm	BOOK	MAG_SpellTomeTelekinesis	DESC	0	"<font face'$HandwrittenFont'><font size='40'><p align='center'>
Telekinesis"	"<font face'$HandwrittenFont'><font size='40'><p align='center'>
念動術"	Mysticism 2.4.2 CHT exact FormKey seed
00000B77	0A26E6:Skyrim.esm	BOOK	MAG_SpellTomeWaterBreathing	FULL	0	Spell Tome: Waterbreathing	法術書：水息術	Mysticism 2.4.2 CHT exact FormKey seed
00000B78	0A26E6:Skyrim.esm	BOOK	MAG_SpellTomeWaterBreathing	DESC	0	"<font face'$HandwrittenFont'><font size='40'><p align='center'>
Waterbreathing"	"<font face'$HandwrittenFont'><font size='40'><p align='center'>
水息術"	Mysticism 2.4.2 CHT exact FormKey seed
00000B79	0A26E7:Skyrim.esm	BOOK	MAG_SpellTomeDetectLife	FULL	0	Spell Tome: Detect Life	法術書：生命感知術	Mysticism 2.4.2 CHT exact FormKey seed
00000B7A	0A26E7:Skyrim.esm	BOOK	MAG_SpellTomeDetectLife	DESC	0	"<font face'$HandwrittenFont'><font size='40'><p align='center'>
Detect Life
"	"<font face'$HandwrittenFont'><font size='40'><p align='center'>
Detect Life
"	Mysticism 2.4.2 CHT exact FormKey seed
00000B7B	0A26E8:Skyrim.esm	BOOK	MAG_SpellTomeParalyze	FULL	0	Spell Tome: Paralyze	法術書：麻痺術	Mysticism 2.4.2 CHT exact FormKey seed
00000B7C	0A26E8:Skyrim.esm	BOOK	MAG_SpellTomeParalyze	DESC	0	"<font face'$HandwrittenFont'><font size='40'><p align='center'>
Paralyze"	"<font face'$HandwrittenFont'><font size='40'><p align='center'>
麻痺術"	Mysticism 2.4.2 CHT exact FormKey seed
00000B7D	0A26E9:Skyrim.esm	BOOK	MAG_SpellTomeEbonyflesh	FULL	0	Spell Tome: Ebonyflesh	法術書：玄曜身術	Mysticism 2.4.2 CHT exact FormKey seed
00000B7E	0A26E9:Skyrim.esm	BOOK	MAG_SpellTomeEbonyflesh	DESC	0	"<font face'$HandwrittenFont'><font size='40'><p align='center'>
Ebonyflesh"	"<font face'$HandwrittenFont'><font size='40'><p align='center'>
玄曜身術"	Mysticism 2.4.2 CHT exact FormKey seed
00000B7F	0A26EA:Skyrim.esm	BOOK	MAG_SpellTomeDetectDead	FULL	0	Spell Tome: Detect Dead	法術書：亡者感知術	Mysticism 2.4.2 CHT exact FormKey seed
00000B80	0A26EA:Skyrim.esm	BOOK	MAG_SpellTomeDetectDead	DESC	0	"<font face'$HandwrittenFont'><font size='40'><p align='center'>
Detect Dead"	"<font face'$HandwrittenFont'><font size='40'><p align='center'>
亡者感知術"	Mysticism 2.4.2 CHT exact FormKey seed
00000B81	0A26EB:Skyrim.esm	BOOK	MAG_SpellTomeReanimateCorpse	FULL	0	Spell Tome: Reanimate Corpse	法術書：屍儡喚起術	Mysticism 2.4.2 CHT exact FormKey seed
00000B82	0A26EB:Skyrim.esm	BOOK	MAG_SpellTomeReanimateCorpse	DESC	0	"<font face'$HandwrittenFont'><font size='40'><p align='center'>
Reanimate Corpse"	"<font face'$HandwrittenFont'><font size='40'><p align='center'>
屍儡喚起術"	Mysticism 2.4.2 CHT exact FormKey seed
00000B83	0A26EC:Skyrim.esm	BOOK	MAG_SpellTomeConjureFlameAtronach	FULL	0	Spell Tome: Conjure Flame Atronach	法術書：烈焰屬靈召喚術	Mysticism 2.4.2 CHT exact FormKey seed
00000B84	0A26EC:Skyrim.esm	BOOK	MAG_SpellTomeConjureFlameAtronach	DESC	0	"<font face'$HandwrittenFont'><font size='40'><p align='center'>
Conjure Flame Atronach"	"<font face'$HandwrittenFont'><font size='40'><p align='center'>
烈焰屬靈召喚術"	Mysticism 2.4.2 CHT exact FormKey seed
00000B85	0A26ED:Skyrim.esm	BOOK	MAG_SpellTomeBoundBattleaxe	FULL	0	Spell Tome: Bound Battleaxe	法術書：巨斧塑形術	Mysticism 2.4.2 CHT exact FormKey seed
00000B86	0A26ED:Skyrim.esm	BOOK	MAG_SpellTomeBoundBattleaxe	DESC	0	"<font face'$HandwrittenFont'><font size='40'><p align='center'>
Bound Battleaxe"	"<font face'$HandwrittenFont'><font size='40'><p align='center'>
巨斧塑形術"	Mysticism 2.4.2 CHT exact FormKey seed
00000B87	0A26EE:Skyrim.esm	BOOK	MAG_SpellTomeBanishDaedra	FULL	0	Spell Tome: Banish Daedra	法術書：魔族遣返術	Mysticism 2.4.2 CHT exact FormKey seed
00000B88	0A26EE:Skyrim.esm	BOOK	MAG_SpellTomeBanishDaedra	DESC	0	"<font face'$HandwrittenFont'><font size='40'><p align='center'>
Banish Daedra"	"<font face'$HandwrittenFont'><font size='40'><p align='center'>
魔族遣返術"	Mysticism 2.4.2 CHT exact FormKey seed
00000B89	0A26EF:Skyrim.esm	BOOK	MAG_SpellTomeConjureFrostAtronach	FULL	0	Spell Tome: Conjure Frost Atronach	法術書：寒霜屬靈召喚術	Mysticism 2.4.2 CHT exact FormKey seed
00000B8A	0A26EF:Skyrim.esm	BOOK	MAG_SpellTomeConjureFrostAtronach	DESC	0	"<font face'$HandwrittenFont'><font size='40'><p align='center'>
Conjure Frost Atronach"	"<font face'$HandwrittenFont'><font size='40'><p align='center'>
寒霜屬靈召喚術"	Mysticism 2.4.2 CHT exact FormKey seed
00000B8B	0A26F0:Skyrim.esm	BOOK	MAG_SpellTomeConjureStormAtronach	FULL	0	Spell Tome: Conjure Storm Atronach	法術書：風暴屬靈召喚術	Mysticism 2.4.2 CHT exact FormKey seed
00000B8C	0A26F0:Skyrim.esm	BOOK	MAG_SpellTomeConjureStormAtronach	DESC	0	"<font face'$HandwrittenFont'><font size='40'><p align='center'>
Conjure Storm Atronach"	"<font face'$HandwrittenFont'><font size='40'><p align='center'>
風暴屬靈召喚術"	Mysticism 2.4.2 CHT exact FormKey seed
00000B8D	0A26F1:Skyrim.esm	BOOK	MAG_SpellTomeBoundBow	FULL	0	Spell Tome: Bound Bow	法術書：戰弓塑形術	Mysticism 2.4.2 CHT exact FormKey seed
00000B8E	0A26F1:Skyrim.esm	BOOK	MAG_SpellTomeBoundBow	DESC	0	"<font face'$HandwrittenFont'><font size='40'><p align='center'>
Bound Bow"	"<font face'$HandwrittenFont'><font size='40'><p align='center'>
戰弓塑形術"	Mysticism 2.4.2 CHT exact FormKey seed
00000B8F	0A26F2:Skyrim.esm	BOOK	MAG_SpellTomeRevenant	FULL	0	Spell Tome: Revenant	法術書：屍儡驅使術	Mysticism 2.4.2 CHT exact FormKey seed
00000B90	0A26F2:Skyrim.esm	BOOK	MAG_SpellTomeRevenant	DESC	0	"<font face'$HandwrittenFont'><font size='40'><p align='center'>
Revenant"	"<font face'$HandwrittenFont'><font size='40'><p align='center'>
屍儡驅使術"	Mysticism 2.4.2 CHT exact FormKey seed
00000B91	0A26F6:Skyrim.esm	BOOK	MAG_SpellTomeSoulHarvest	FULL	0	Spell Tome: Soul Harvest	法術書：靈魂收割	Mysticism 2.4.2 CHT exact FormKey seed
00000B92	0A26F6:Skyrim.esm	BOOK	MAG_SpellTomeSoulHarvest	DESC	0	"<font face'$HandwrittenFont'><font size='40'><p align='center'>
Soul Harvest"	"<font face'$HandwrittenFont'><font size='40'><p align='center'>
Soul Harvest"	Mysticism 2.4.2 CHT exact FormKey seed
00000B93	0A26F7:Skyrim.esm	BOOK	MAG_SpellTomeDreadZombie	FULL	0	Spell Tome: Dread Zombie	法術書：屍儡差遣術	Mysticism 2.4.2 CHT exact FormKey seed
00000B94	0A26F7:Skyrim.esm	BOOK	MAG_SpellTomeDreadZombie	DESC	0	"<font face'$HandwrittenFont'><font size='40'><p align='center'>
Dread Zombie"	"<font face'$HandwrittenFont'><font size='40'><p align='center'>
屍儡差遣術"	Mysticism 2.4.2 CHT exact FormKey seed
00000B95	0A26F8:Skyrim.esm	BOOK	MAG_SpellTomeExpelDaedra	FULL	0	Spell Tome: Expel Daedra	法術書：魔族逐返術	Mysticism 2.4.2 CHT exact FormKey seed
00000B96	0A26F8:Skyrim.esm	BOOK	MAG_SpellTomeExpelDaedra	DESC	0	"<font face'$HandwrittenFont'><font size='40'><p align='center'>
Expel Daedra"	"<font face'$HandwrittenFont'><font size='40'><p align='center'>
魔族逐返術"	Mysticism 2.4.2 CHT exact FormKey seed
00000B97	0A26F9:Skyrim.esm	BOOK	MAG_SpellTomeDeadThrall	FULL	0	Spell Tome: Dead Thrall	法術書：屍僕支配術	Mysticism 2.4.2 CHT exact FormKey seed
00000B98	0A26F9:Skyrim.esm	BOOK	MAG_SpellTomeDeadThrall	DESC	0	"<font face'$HandwrittenFont'><font size='40'><p align='center'>
Dead Thrall"	"<font face'$HandwrittenFont'><font size='40'><p align='center'>
屍僕支配術"	Mysticism 2.4.2 CHT exact FormKey seed
00000B99	0A26FA:Skyrim.esm	BOOK	MAG_SpellTomeConjureFlameMonarch	FULL	0	Spell Tome: Conjure Flame Monarch	法術書：烈焰君王召喚術	Mysticism 2.4.2 CHT exact FormKey seed
00000B9A	0A26FA:Skyrim.esm	BOOK	MAG_SpellTomeConjureFlameMonarch	DESC	0	"<font face'$HandwrittenFont'><font size='40'><p align='center'>
Conjure Flame Monarch"	"<font face'$HandwrittenFont'><font size='40'><p align='center'>
烈焰君王召喚術"	Mysticism 2.4.2 CHT exact FormKey seed
00000B9B	0A26FB:Skyrim.esm	BOOK	MAG_SpellTomeConjureFrostMonarch	FULL	0	Spell Tome: Conjure Frost Monarch	法術書：寒霜君王召喚術	Mysticism 2.4.2 CHT exact FormKey seed
00000B9C	0A26FB:Skyrim.esm	BOOK	MAG_SpellTomeConjureFrostMonarch	DESC	0	"<font face'$HandwrittenFont'><font size='40'><p align='center'>
Conjure Frost Monarch"	"<font face'$HandwrittenFont'><font size='40'><p align='center'>
Conjure Frost Monarch"	Mysticism 2.4.2 CHT exact FormKey seed
00000B9D	0A26FC:Skyrim.esm	BOOK	MAG_SpellTomeConjureStormMonarch	FULL	0	Spell Tome: Conjure Storm Monarch	法術書：風暴君王召喚術	Mysticism 2.4.2 CHT exact FormKey seed
00000B9E	0A26FC:Skyrim.esm	BOOK	MAG_SpellTomeConjureStormMonarch	DESC	0	"<font face'$HandwrittenFont'><font size='40'><p align='center'>
Conjure Storm Monarch"	"<font face'$HandwrittenFont'><font size='40'><p align='center'>
Conjure Storm Monarch"	Mysticism 2.4.2 CHT exact FormKey seed
00000B9F	0A26FD:Skyrim.esm	BOOK	MAG_SpellTomeFirebolt	FULL	0	Spell Tome: Firebolt	法術書：火彈術	Mysticism 2.4.2 CHT exact FormKey seed
00000BA0	0A26FD:Skyrim.esm	BOOK	MAG_SpellTomeFirebolt	DESC	0	"<font face'$HandwrittenFont'><font size='40'><p align='center'>
Firebolt"	"<font face'$HandwrittenFont'><font size='40'><p align='center'>
火彈術"	Mysticism 2.4.2 CHT exact FormKey seed
00000BA1	0A26FE:Skyrim.esm	BOOK	MAG_SpellTomeIceSpike	FULL	0	Spell Tome: Ice Spike	法術書：冰錐術	Mysticism 2.4.2 CHT exact FormKey seed
00000BA2	0A26FE:Skyrim.esm	BOOK	MAG_SpellTomeIceSpike	DESC	0	"<font face'$HandwrittenFont'><font size='40'><p align='center'>
Ice Spike"	"<font face'$HandwrittenFont'><font size='40'><p align='center'>
冰錐術"	Mysticism 2.4.2 CHT exact FormKey seed
00000BA3	0A26FF:Skyrim.esm	BOOK	MAG_SpellTomeLightningBolt	FULL	0	Spell Tome: Lightning Bolt	法術書：閃電術	Mysticism 2.4.2 CHT exact FormKey seed
00000BA4	0A26FF:Skyrim.esm	BOOK	MAG_SpellTomeLightningBolt	DESC	0	"<font face'$HandwrittenFont'><font size='40'><p align='center'>
Lightning Bolt"	"<font face'$HandwrittenFont'><font size='40'><p align='center'>
閃電術"	Mysticism 2.4.2 CHT exact FormKey seed
00000BA5	0A2700:Skyrim.esm	BOOK	MAG_SpellTomeFireRune	FULL	0	Spell Tome: Fire Rune	法術書：暴炎法印	Mysticism 2.4.2 CHT exact FormKey seed
00000BA6	0A2700:Skyrim.esm	BOOK	MAG_SpellTomeFireRune	DESC	0	"<font face'$HandwrittenFont'><font size='40'><p align='center'>
Fire Rune"	"<font face'$HandwrittenFont'><font size='40'><p align='center'>
暴炎法印"	Mysticism 2.4.2 CHT exact FormKey seed
00000BA7	0A2701:Skyrim.esm	BOOK	MAG_SpellTomeFrostRune	FULL	0	Spell Tome: Frost Rune	法術書：暴霜法印	Mysticism 2.4.2 CHT exact FormKey seed
00000BA8	0A2701:Skyrim.esm	BOOK	MAG_SpellTomeFrostRune	DESC	0	"<font face'$HandwrittenFont'><font size='40'><p align='center'>
Frost Rune"	"<font face'$HandwrittenFont'><font size='40'><p align='center'>
暴霜法印"	Mysticism 2.4.2 CHT exact FormKey seed
00000BA9	0A2702:Skyrim.esm	BOOK	MAG_SpellTomeLightningRune	FULL	0	Spell Tome: Lightning Rune	法術書：暴電法印	Mysticism 2.4.2 CHT exact FormKey seed
00000BAA	0A2702:Skyrim.esm	BOOK	MAG_SpellTomeLightningRune	DESC	0	"<font face'$HandwrittenFont'><font size='40'><p align='center'>
Lightning Rune"	"<font face'$HandwrittenFont'><font size='40'><p align='center'>
暴電法印"	Mysticism 2.4.2 CHT exact FormKey seed
00000BAB	0A2703:Skyrim.esm	BOOK	MAG_SpellTomeFlameCloak	FULL	0	Spell Tome: Flame Cloak	法術書：火焰斗篷術	Mysticism 2.4.2 CHT exact FormKey seed
00000BAC	0A2703:Skyrim.esm	BOOK	MAG_SpellTomeFlameCloak	DESC	0	"<font face'$HandwrittenFont'><font size='40'><p align='center'>
Flame Cloak"	"<font face'$HandwrittenFont'><font size='40'><p align='center'>
火焰斗篷術"	Mysticism 2.4.2 CHT exact FormKey seed
00000BAD	0A2704:Skyrim.esm	BOOK	MAG_SpellTomeFrostCloak	FULL	0	Spell Tome: Frost Cloak	法術書：冰霜斗篷術	Mysticism 2.4.2 CHT exact FormKey seed
00000BAE	0A2704:Skyrim.esm	BOOK	MAG_SpellTomeFrostCloak	DESC	0	"<font face'$HandwrittenFont'><font size='40'><p align='center'>
Frost Cloak"	"<font face'$HandwrittenFont'><font size='40'><p align='center'>
冰霜斗篷術"	Mysticism 2.4.2 CHT exact FormKey seed
00000BAF	0A2705:Skyrim.esm	BOOK	MAG_SpellTomeLightningCloak	FULL	0	Spell Tome: Lightning Cloak	法術書：閃電斗篷術	Mysticism 2.4.2 CHT exact FormKey seed
00000BB0	0A2705:Skyrim.esm	BOOK	MAG_SpellTomeLightningCloak	DESC	0	"<font face'$HandwrittenFont'><font size='40'><p align='center'>
Lightning Cloak"	"<font face'$HandwrittenFont'><font size='40'><p align='center'>
閃電斗篷術"	Mysticism 2.4.2 CHT exact FormKey seed
00000BB1	0A2706:Skyrim.esm	BOOK	MAG_SpellTomeFireball	FULL	0	Spell Tome: Fireball	法術書：火球術	Mysticism 2.4.2 CHT exact FormKey seed
00000BB2	0A2706:Skyrim.esm	BOOK	MAG_SpellTomeFireball	DESC	0	"<font face='$HandwrittenFont'><font size='40'><p align='center'>
Fireball
"	"<font face='$HandwrittenFont'><font size='40'><p align='center'>
火球術"	Mysticism 2.4.2 CHT exact FormKey seed
00000BB3	0A2707:Skyrim.esm	BOOK	MAG_SpellTomeIceStorm	FULL	0	Spell Tome: Ice Storm	法術書：冰霜氣團術	Mysticism 2.4.2 CHT exact FormKey seed
00000BB4	0A2707:Skyrim.esm	BOOK	MAG_SpellTomeIceStorm	DESC	0	"<font face'$HandwrittenFont'><font size='40'><p align='center'>
Ice Storm"	"<font face'$HandwrittenFont'><font size='40'><p align='center'>
冰霜氣團術"	Mysticism 2.4.2 CHT exact FormKey seed
00000BB5	0A2708:Skyrim.esm	BOOK	MAG_SpellTomeChainLightning	FULL	0	Spell Tome: Chain Lightning	法術書：閃電連鎖術	Mysticism 2.4.2 CHT exact FormKey seed
00000BB6	0A2708:Skyrim.esm	BOOK	MAG_SpellTomeChainLightning	DESC	0	"<font face'$HandwrittenFont'><font size='40'><p align='center'>
Chain Lightning"	"<font face'$HandwrittenFont'><font size='40'><p align='center'>
閃電連鎖術"	Mysticism 2.4.2 CHT exact FormKey seed
00000BB7	0A2709:Skyrim.esm	BOOK	MAG_SpellTomeWallOfFlames	FULL	0	Spell Tome: Wall of Flames	法術書：烈焰障壁術	Mysticism 2.4.2 CHT exact FormKey seed
00000BB8	0A2709:Skyrim.esm	BOOK	MAG_SpellTomeWallOfFlames	DESC	0	"<font face'$HandwrittenFont'><font size='40'><p align='center'>
Wall of Flames"	"<font face'$HandwrittenFont'><font size='40'><p align='center'>
烈焰障壁術"	Mysticism 2.4.2 CHT exact FormKey seed
00000BB9	0A270A:Skyrim.esm	BOOK	MAG_SpellTomeWallOfFrost	FULL	0	Spell Tome: Wall of Frost	法術書：冰棘障壁術	Mysticism 2.4.2 CHT exact FormKey seed
00000BBA	0A270A:Skyrim.esm	BOOK	MAG_SpellTomeWallOfFrost	DESC	0	"<font face'$HandwrittenFont'><font size='40'><p align='center'>
Wall of Frost"	"<font face'$HandwrittenFont'><font size='40'><p align='center'>
冰棘障壁術"	Mysticism 2.4.2 CHT exact FormKey seed
00000BBB	0A270B:Skyrim.esm	BOOK	MAG_SpellTomeWallOfStorms	FULL	0	Spell Tome: Wall of Storms	法術書：電弧障壁術	Mysticism 2.4.2 CHT exact FormKey seed
00000BBC	0A270B:Skyrim.esm	BOOK	MAG_SpellTomeWallOfStorms	DESC	0	"<font face'$HandwrittenFont'><font size='40'><p align='center'>
Wall of Storms"	"<font face'$HandwrittenFont'><font size='40'><p align='center'>
電弧障壁術"	Mysticism 2.4.2 CHT exact FormKey seed
00000BBD	0A270C:Skyrim.esm	BOOK	MAG_SpellTomeFireStorm	FULL	0	Spell Tome: Fire Storm	法術書：炎火爆燃術	Mysticism 2.4.2 CHT exact FormKey seed
00000BBE	0A270C:Skyrim.esm	BOOK	MAG_SpellTomeFireStorm	DESC	0	"<font face'$HandwrittenFont'><font size='40'><p align='center'>
Fire Storm"	"<font face'$HandwrittenFont'><font size='40'><p align='center'>
炎火爆燃術"	Mysticism 2.4.2 CHT exact FormKey seed
00000BBF	0A270D:Skyrim.esm	BOOK	MAG_SpellTomeBlizzard	FULL	0	Spell Tome: Blizzard	法術書：暴雪氣旋術	Mysticism 2.4.2 CHT exact FormKey seed
00000BC0	0A270D:Skyrim.esm	BOOK	MAG_SpellTomeBlizzard	DESC	0	"<font face'$HandwrittenFont'><font size='40'><p align='center'>
Blizzard"	"<font face'$HandwrittenFont'><font size='40'><p align='center'>
暴雪氣旋術"	Mysticism 2.4.2 CHT exact FormKey seed
00000BC1	0A270E:Skyrim.esm	BOOK	MAG_SpellTomeLightningStorm	FULL	0	Spell Tome: Lightning Storm	法術書：閃電風暴術	Mysticism 2.4.2 CHT exact FormKey seed
00000BC2	0A270E:Skyrim.esm	BOOK	MAG_SpellTomeLightningStorm	DESC	0	"<font face'$HandwrittenFont'><font size='40'><p align='center'>
Lightning Storm"	"<font face'$HandwrittenFont'><font size='40'><p align='center'>
閃電風暴術"	Mysticism 2.4.2 CHT exact FormKey seed
00000BC3	0A270F:Skyrim.esm	BOOK	MAG_SpellTomeMuffle	FULL	0	Spell Tome: Muffle	法術書：消音術	Mysticism 2.4.2 CHT exact FormKey seed
00000BC4	0A270F:Skyrim.esm	BOOK	MAG_SpellTomeMuffle	DESC	0	"<font face'$HandwrittenFont'><font size='40'><p align='center'>
Muffle"	"<font face'$HandwrittenFont'><font size='40'><p align='center'>
消音術"	Mysticism 2.4.2 CHT exact FormKey seed
00000BC5	0A2711:Skyrim.esm	BOOK	MAG_SpellTomeCalm	FULL	0	Spell Tome: Calm	法術書：安撫術	Mysticism 2.4.2 CHT exact FormKey seed
00000BC6	0A2711:Skyrim.esm	BOOK	MAG_SpellTomeCalm	DESC	0	"<font face'$HandwrittenFont'><font size='40'><p align='center'>
Calm"	"<font face'$HandwrittenFont'><font size='40'><p align='center'>
安撫術"	Mysticism 2.4.2 CHT exact FormKey seed
00000BC7	0A2712:Skyrim.esm	BOOK	MAG_SpellTomeFear	FULL	0	Spell Tome: Fear	法術書：懼逃術	Mysticism 2.4.2 CHT exact FormKey seed
00000BC8	0A2712:Skyrim.esm	BOOK	MAG_SpellTomeFear	DESC	0	"<font face'$HandwrittenFont'><font size='40'><p align='center'>
Fear"	"<font face'$HandwrittenFont'><font size='40'><p align='center'>
懼逃術"	Mysticism 2.4.2 CHT exact FormKey seed
00000BC9	0A2713:Skyrim.esm	BOOK	MAG_SpellTomeRally	FULL	0	Spell Tome: Rally	法術書：振奮術	Mysticism 2.4.2 CHT exact FormKey seed
00000BCA	0A2713:Skyrim.esm	BOOK	MAG_SpellTomeRally	DESC	0	"<font face'$HandwrittenFont'><font size='40'><p align='center'>
Rally"	"<font face'$HandwrittenFont'><font size='40'><p align='center'>
振奮術"	Mysticism 2.4.2 CHT exact FormKey seed
00000BCB	0A2714:Skyrim.esm	BOOK	MAG_SpellTomeRage	FULL	0	Spell Tome: Rage	法術書：狂暴術	Mysticism 2.4.2 CHT exact FormKey seed
00000BCC	0A2714:Skyrim.esm	BOOK	MAG_SpellTomeRage	DESC	0	"<font face'$HandwrittenFont'><font size='40'><p align='center'>
Rage"	"<font face'$HandwrittenFont'><font size='40'><p align='center'>
狂暴術"	Mysticism 2.4.2 CHT exact FormKey seed
00000BCD	0A2715:Skyrim.esm	BOOK	MAG_SpellTomeInvisibility	FULL	0	Spell Tome: Invisibility	法術書：隱身術	Mysticism 2.4.2 CHT exact FormKey seed
00000BCE	0A2715:Skyrim.esm	BOOK	MAG_SpellTomeInvisibility	DESC	0	"<font face'$HandwrittenFont'><font size='40'><p align='center'>
Invisibility"	"<font face'$HandwrittenFont'><font size='40'><p align='center'>
隱身術"	Mysticism 2.4.2 CHT exact FormKey seed
00000BCF	0A2717:Skyrim.esm	BOOK	MAG_SpellTomePacify	FULL	0	Spell Tome: Pacify	法術書：平息術	Mysticism 2.4.2 CHT exact FormKey seed
00000BD0	0A2717:Skyrim.esm	BOOK	MAG_SpellTomePacify	DESC	0	"<font face'$HandwrittenFont'><font size='40'><p align='center'>
Pacify"	"<font face'$HandwrittenFont'><font size='40'><p align='center'>
平息術"	Mysticism 2.4.2 CHT exact FormKey seed
00000BD1	0A2718:Skyrim.esm	BOOK	MAG_SpellTomeTerror	FULL	0	Spell Tome: Terror	法術書：潰逃術	Mysticism 2.4.2 CHT exact FormKey seed
00000BD2	0A2718:Skyrim.esm	BOOK	MAG_SpellTomeTerror	DESC	0	"<font face'$HandwrittenFont'><font size='40'><p align='center'>
Rout"	"<font face'$HandwrittenFont'><font size='40'><p align='center'>
潰逃術"	Mysticism 2.4.2 CHT exact FormKey seed
00000BD3	0A2719:Skyrim.esm	BOOK	MAG_SpellTomeMayhem	FULL	0	Spell Tome: Mayhem	法術書：狂亂術	Mysticism 2.4.2 CHT exact FormKey seed
00000BD4	0A2719:Skyrim.esm	BOOK	MAG_SpellTomeMayhem	DESC	0	"<font face'$HandwrittenFont'><font size='40'><p align='center'>
Mayhem"	"<font face'$HandwrittenFont'><font size='40'><p align='center'>
狂亂術"	Mysticism 2.4.2 CHT exact FormKey seed
00000BD5	0A271A:Skyrim.esm	BOOK	MAG_SpellTomeHarmony	FULL	0	Spell Tome: Harmony	法術書：和睦術	Mysticism 2.4.2 CHT exact FormKey seed
00000BD6	0A271A:Skyrim.esm	BOOK	MAG_SpellTomeHarmony	DESC	0	"<font face'$HandwrittenFont'><font size='40'><p align='center'>
Harmony"	"<font face'$HandwrittenFont'><font size='40'><p align='center'>
和睦術"	Mysticism 2.4.2 CHT exact FormKey seed
00000BD7	0A271B:Skyrim.esm	BOOK	MAG_SpellTomeCallToArms	FULL	0	Spell Tome: Call To Arms	法術書：激勵術	Mysticism 2.4.2 CHT exact FormKey seed
00000BD8	0A271B:Skyrim.esm	BOOK	MAG_SpellTomeCallToArms	DESC	0	"<font face'$HandwrittenFont'><font size='40'><p align='center'>
Call to Arms"	"<font face'$HandwrittenFont'><font size='40'><p align='center'>
激勵術"	Mysticism 2.4.2 CHT exact FormKey seed
00000BD9	0A271C:Skyrim.esm	BOOK	MAG_SpellTomeHysteria	FULL	0	Spell Tome: Hysteria	法術書：瘋逃術	Mysticism 2.4.2 CHT exact FormKey seed
00000BDA	0A271C:Skyrim.esm	BOOK	MAG_SpellTomeHysteria	DESC	0	"<font face'$HandwrittenFont'><font size='40'><p align='center'>
Hysteria"	"<font face'$HandwrittenFont'><font size='40'><p align='center'>
瘋逃術"	Mysticism 2.4.2 CHT exact FormKey seed
00000BDB	0A271D:Skyrim.esm	BOOK	MAG_SpellTomeFastHealing	FULL	0	Spell Tome: Fast Healing	法術書：高效治療術	Mysticism 2.4.2 CHT exact FormKey seed
00000BDC	0A271D:Skyrim.esm	BOOK	MAG_SpellTomeFastHealing	DESC	0	"<font face'$HandwrittenFont'><font size='40'><p align='center'>
Fast Healing"	"<font face'$HandwrittenFont'><font size='40'><p align='center'>
高效治療術"	Mysticism 2.4.2 CHT exact FormKey seed
00000BDD	0A271E:Skyrim.esm	BOOK	MAG_SpellTomeHealingHands	FULL	0	Spell Tome: Healing Hands	法術書：他人治療術	Mysticism 2.4.2 CHT exact FormKey seed
00000BDE	0A271E:Skyrim.esm	BOOK	MAG_SpellTomeHealingHands	DESC	0	"<font face'$HandwrittenFont'><font size='40'><p align='center'>
Healing Hands"	"<font face'$HandwrittenFont'><font size='40'><p align='center'>
他人治療術"	Mysticism 2.4.2 CHT exact FormKey seed
00000BDF	0A271F:Skyrim.esm	BOOK	MAG_SpellTomeTurnLesserUndead	FULL	0	Spell Tome: Turn Lesser Undead	法術書：初階驅邪術	Mysticism 2.4.2 CHT exact FormKey seed
00000BE0	0A271F:Skyrim.esm	BOOK	MAG_SpellTomeTurnLesserUndead	DESC	0	"<font face'$HandwrittenFont'><font size='40'><p align='center'>
Turn Lesser Undead"	"<font face'$HandwrittenFont'><font size='40'><p align='center'>
初階驅邪術"	Mysticism 2.4.2 CHT exact FormKey seed
00000BE1	0A2720:Skyrim.esm	BOOK	MAG_SpellTomeSteadfastWard	FULL	0	Spell Tome: Steadfast Ward	法術書：堅固結界術	Mysticism 2.4.2 CHT exact FormKey seed
00000BE2	0A2720:Skyrim.esm	BOOK	MAG_SpellTomeSteadfastWard	DESC	0	"<font face'$HandwrittenFont'><font size='40'><p align='center'>
Steadfast Ward"	"<font face'$HandwrittenFont'><font size='40'><p align='center'>
堅固結界術"	Mysticism 2.4.2 CHT exact FormKey seed
00000BE3	0A2721:Skyrim.esm	BOOK	MAG_SpellTomeTurnUndead	FULL	0	Spell Tome: Turn Undead	法術書：進階驅邪術	Mysticism 2.4.2 CHT exact FormKey seed
00000BE4	0A2721:Skyrim.esm	BOOK	MAG_SpellTomeTurnUndead	DESC	0	"<font face'$HandwrittenFont'><font size='40'><p align='center'>
Turn Undead"	"<font face'$HandwrittenFont'><font size='40'><p align='center'>
進階驅邪術"	Mysticism 2.4.2 CHT exact FormKey seed
00000BE5	0A2722:Skyrim.esm	BOOK	MAG_SpellTomeGreaterWard	FULL	0	Spell Tome: Greater Ward	法術書：進階結界術	Mysticism 2.4.2 CHT exact FormKey seed
00000BE6	0A2722:Skyrim.esm	BOOK	MAG_SpellTomeGreaterWard	DESC	0	"<font face'$HandwrittenFont'><font size='40'><p align='center'>
Greater Ward"	"<font face'$HandwrittenFont'><font size='40'><p align='center'>
進階結界術"	Mysticism 2.4.2 CHT exact FormKey seed
00000BE7	0A2725:Skyrim.esm	BOOK	MAG_SpellTomeSunlightRune	FULL	0	Spell Tome: Sunlight Rune	法術書：日光法印	Mysticism 2.4.2 CHT exact FormKey seed
00000BE8	0A2725:Skyrim.esm	BOOK	MAG_SpellTomeSunlightRune	DESC	0	"<font face'$HandwrittenFont'><font size='40'><p align='center'>
Sunlight Rune"	"<font face'$HandwrittenFont'><font size='40'><p align='center'>
日光法印"	Mysticism 2.4.2 CHT exact FormKey seed
00000BE9	0A2726:Skyrim.esm	BOOK	MAG_SpellTomeRepelUndead	FULL	0	Spell Tome: Repel Undead	法術書：進階辟邪術	Mysticism 2.4.2 CHT exact FormKey seed
00000BEA	0A2726:Skyrim.esm	BOOK	MAG_SpellTomeRepelUndead	DESC	0	"<font face'$HandwrittenFont'><font size='40'><p align='center'>
Repel Undead"	"<font face'$HandwrittenFont'><font size='40'><p align='center'>
進階辟邪術"	Mysticism 2.4.2 CHT exact FormKey seed
00000BEB	0A2727:Skyrim.esm	BOOK	MAG_SpellTomeHealOther	FULL	0	Spell Tome: Heal Other	法術書：高效他人治療術	Mysticism 2.4.2 CHT exact FormKey seed
00000BEC	0A2727:Skyrim.esm	BOOK	MAG_SpellTomeHealOther	DESC	0	"<font face'$HandwrittenFont'><font size='40'><p align='center'>
Heal Other"	"<font face'$HandwrittenFont'><font size='40'><p align='center'>
高效他人治療術"	Mysticism 2.4.2 CHT exact FormKey seed
00000BED	0A2728:Skyrim.esm	BOOK	MAG_SpellTomeCircleofProtection	FULL	0	Spell Tome: Circle of Protection	法術書：庇護領域術	Mysticism 2.4.2 CHT exact FormKey seed
00000BEE	0A2728:Skyrim.esm	BOOK	MAG_SpellTomeCircleofProtection	DESC	0	"<font face'$HandwrittenFont'><font size='40'><p align='center'>
Circle of Protection"	"<font face'$HandwrittenFont'><font size='40'><p align='center'>
庇護領域術"	Mysticism 2.4.2 CHT exact FormKey seed
00000BEF	0A2729:Skyrim.esm	BOOK	MAG_SpellTomeTurnGreaterUndead	FULL	0	Spell Tome: Turn Greater Undead	法術書：高階驅邪術	Mysticism 2.4.2 CHT exact FormKey seed
00000BF0	0A2729:Skyrim.esm	BOOK	MAG_SpellTomeTurnGreaterUndead	DESC	0	"<font face'$HandwrittenFont'><font size='40'><p align='center'>
Turn Greater Undead"	"<font face'$HandwrittenFont'><font size='40'><p align='center'>
高階驅邪術"	Mysticism 2.4.2 CHT exact FormKey seed
00000BF1	0B45F7:Skyrim.esm	BOOK	MAG_SpellTomeFlamingFamiliar	FULL	0	Spell Tome: Conjure Flaming Familiar	法術書：烈焰使魔召喚術	Mysticism 2.4.2 CHT exact FormKey seed
00000BF2	0B45F7:Skyrim.esm	BOOK	MAG_SpellTomeFlamingFamiliar	DESC	0	"<font face'$HandwrittenFont'><font size='40'><p align='center'>
Conjure Flaming Familiar"	"<font face'$HandwrittenFont'><font size='40'><p align='center'>
烈焰使魔召喚術"	Mysticism 2.4.2 CHT exact FormKey seed
00000BF3	0D2B4E:Skyrim.esm	BOOK	MAG_SpellTomeDragonhide	FULL	0	Spell Tome: Dragonhide	法術書：龍膚術	Mysticism 2.4.2 CHT exact FormKey seed
00000BF4	0D2B4E:Skyrim.esm	BOOK	MAG_SpellTomeDragonhide	DESC	0	"<font face'$HandwrittenFont'><font size='40'><p align='center'>
Dragonhide"	"<font face'$HandwrittenFont'><font size='40'><p align='center'>
龍膚術"	Mysticism 2.4.2 CHT exact FormKey seed
00000BF5	0DD643:Skyrim.esm	BOOK	MAG_SpellTomeBreathofLife	FULL	0	Spell Tome: Breath of Life	法術書：生命吐息術	Mysticism 2.4.2 CHT exact FormKey seed
00000BF6	0DD643:Skyrim.esm	BOOK	MAG_SpellTomeBreathofLife	DESC	0	"<font face'$HandwrittenFont'><font size='40'><p align='center'>
Breath of Life

"	"<font face'$HandwrittenFont'><font size='40'><p align='center'>
Breath of Life

"	Mysticism 2.4.2 CHT exact FormKey seed
00000BF7	0DD646:Skyrim.esm	BOOK	MAG_SpellTomeGrandTelekinesis	FULL	0	Spell Tome: Grand Telekinesis	法術書：高階念動術	Mysticism 2.4.2 CHT exact FormKey seed
00000BF8	0DD646:Skyrim.esm	BOOK	MAG_SpellTomeGrandTelekinesis	DESC	0	"<font face'$HandwrittenFont'><font size='40'><p align='center'>
Grand Telekinesis"	"<font face'$HandwrittenFont'><font size='40'><p align='center'>
高階念動術"	Mysticism 2.4.2 CHT exact FormKey seed
00000BF9	0DD647:Skyrim.esm	BOOK	MAG_SpellTomeBaneOfTheUndead	FULL	0	Spell Tome: Bane of the Undead	法術書：破邪術	Mysticism 2.4.2 CHT exact FormKey seed
00000BFA	0DD647:Skyrim.esm	BOOK	MAG_SpellTomeBaneOfTheUndead	DESC	0	"<font face'$HandwrittenFont'><font size='40'><p align='center'>
Bane of the Undead"	"<font face'$HandwrittenFont'><font size='40'><p align='center'>
破邪術"	Mysticism 2.4.2 CHT exact FormKey seed
00000BFB	0F4997:Skyrim.esm	BOOK	MAG_SpellTomeEquilibrium	FULL	0	Spell Tome: Equilibrium	法術書：平衡分配術	Mysticism 2.4.2 CHT exact FormKey seed
00000BFC	0F4997:Skyrim.esm	BOOK	MAG_SpellTomeEquilibrium	DESC	0	"<font face'$HandwrittenFont'><font size='40'><p align='center'>
Equilibrium"	"<font face'$HandwrittenFont'><font size='40'><p align='center'>
平衡分配術"	Mysticism 2.4.2 CHT exact FormKey seed
00000BFD	0FDE7B:Skyrim.esm	BOOK	MAG_SpellTomeMarasEmbrace	FULL	0	Spell Tome: Mara's Embrace	法術書：瑪拉的擁抱	Mysticism 2.4.2 CHT exact FormKey seed
00000BFE	0FDE7B:Skyrim.esm	BOOK	MAG_SpellTomeMarasEmbrace	DESC	0	"<font face'$HandwrittenFont'><font size='40'><p align='center'>
Mara's Embrace"	"<font face'$HandwrittenFont'><font size='40'><p align='center'>
Mara's Embrace"	Mysticism 2.4.2 CHT exact FormKey seed
00000BFF	0FF7D1:Skyrim.esm	BOOK	MAG_SpellTomeClairvoyance	FULL	0	Spell Tome: Clairvoyance	法術書：嚮導術	Mysticism 2.4.2 CHT exact FormKey seed
00000C00	0FF7D1:Skyrim.esm	BOOK	MAG_SpellTomeClairvoyance	DESC	0	"<font face'$HandwrittenFont'><font size='40'><p align='center'>
Clairvoyance"	"<font face'$HandwrittenFont'><font size='40'><p align='center'>
Clairvoyance"	Mysticism 2.4.2 CHT exact FormKey seed
00000C01	109112:Skyrim.esm	BOOK	MAG_SpellTomeTransmuteOre	FULL	0	Spell Tome: Transmute Ore	法術書：礦質變換術	Mysticism 2.4.2 CHT exact FormKey seed
00000C02	109112:Skyrim.esm	BOOK	MAG_SpellTomeTransmuteOre	DESC	0	"<font face'$HandwrittenFont'><font size='40'><p align='center'>
Transmute Ore"	"<font face'$HandwrittenFont'><font size='40'><p align='center'>
Transmute Ore"	Mysticism 2.4.2 CHT exact FormKey seed
00000C03	10F64D:Skyrim.esm	BOOK	MAG_SpellTomeGreaterHealing	FULL	0	Spell Tome: Greater Healing	法術書：進階治療術	Mysticism 2.4.2 CHT exact FormKey seed
00000C04	10F64D:Skyrim.esm	BOOK	MAG_SpellTomeGreaterHealing	DESC	0	"<font face'$HandwrittenFont'><font size='40'><p align='center'>
Greater Healing"	"<font face'$HandwrittenFont'><font size='40'><p align='center'>
Greater Healing"	Mysticism 2.4.2 CHT exact FormKey seed
00000C05	10F7F3:Skyrim.esm	BOOK	MAG_SpellTomeIcySpear	FULL	0	Spell Tome: Icy Spear	法術書：冰矛術	Mysticism 2.4.2 CHT exact FormKey seed
00000C06	10F7F3:Skyrim.esm	BOOK	MAG_SpellTomeIcySpear	DESC	0	"<font face'$HandwrittenFont'><font size='40'><p align='center'>
Ice Spike"	"<font face'$HandwrittenFont'><font size='40'><p align='center'>
冰錐術"	Mysticism 2.4.2 CHT exact FormKey seed
00000C07	10F7F4:Skyrim.esm	BOOK	MAG_SpellTomeIncinerate	FULL	0	Spell Tome: Incinerate	法術書：火炮術	Mysticism 2.4.2 CHT exact FormKey seed
00000C08	10F7F4:Skyrim.esm	BOOK	MAG_SpellTomeIncinerate	DESC	0	"<font face'$HandwrittenFont'><font size='40'><p align='center'>
Incinerate"	"<font face'$HandwrittenFont'><font size='40'><p align='center'>
火炮術"	Mysticism 2.4.2 CHT exact FormKey seed
00000C09	10F7F5:Skyrim.esm	BOOK	MAG_SpellTomeThunderbolt	FULL	0	Spell Tome: Thunderbolt	法術書：雷電術	Mysticism 2.4.2 CHT exact FormKey seed
00000C0A	10F7F5:Skyrim.esm	BOOK	MAG_SpellTomeThunderbolt	DESC	0	"<font face'$HandwrittenFont'><font size='40'><p align='center'>
Thudnerbolt"	"<font face'$HandwrittenFont'><font size='40'><p align='center'>
雷電術"	Mysticism 2.4.2 CHT exact FormKey seed
00000C0B	10FD60:Skyrim.esm	BOOK	MAG_SpellTomeConjureDremoraLord	FULL	0	Spell Tome: Conjure Dremora Lord	法術書：魔人將士召喚術	Mysticism 2.4.2 CHT exact FormKey seed
00000C0C	10FD60:Skyrim.esm	BOOK	MAG_SpellTomeConjureDremoraLord	DESC	0	"<font face'$HandwrittenFont'><font size='40'><p align='center'>
Conjure Dremora Lord"	"<font face'$HandwrittenFont'><font size='40'><p align='center'>
魔人將士召喚術"	Mysticism 2.4.2 CHT exact FormKey seed
00000C0D	003F4D:Dawnguard.esm	BOOK	MAG_SpellTomeVampiresBane	FULL	0	Spell Tome: Vampire's Bane	法術書：淨邪術	Mysticism 2.4.2 CHT exact FormKey seed
00000C0E	003F4D:Dawnguard.esm	BOOK	MAG_SpellTomeVampiresBane	DESC	0	"<font face'$HandwrittenFont'><font size='40'><p align='center'>
Vampire's Bane"	"<font face'$HandwrittenFont'><font size='40'><p align='center'>
淨邪術"	Mysticism 2.4.2 CHT exact FormKey seed
00000C0F	003F4E:Dawnguard.esm	BOOK	MAG_SpellTomeStendarrsAura	FULL	0	Spell Tome: Stendarr's Aura	法術書：斯丹達爾聖域術	Mysticism 2.4.2 CHT exact FormKey seed
00000C10	003F4E:Dawnguard.esm	BOOK	MAG_SpellTomeStendarrsAura	DESC	0	"<font face'$HandwrittenFont'><font size='40'><p align='center'>
Stendarr's Aura"	"<font face'$HandwrittenFont'><font size='40'><p align='center'>
斯丹達爾聖域術"	Mysticism 2.4.2 CHT exact FormKey seed
00000C11	003F51:Dawnguard.esm	BOOK	MAG_SpellTomeSunFire	FULL	0	Spell Tome: Sun Fire	法術書：陽焱術	Mysticism 2.4.2 CHT exact FormKey seed
00000C12	003F51:Dawnguard.esm	BOOK	MAG_SpellTomeSunFire	DESC	0	"<font face'$HandwrittenFont'><font size='40'><p align='center'>
Sun Fire"	"<font face'$HandwrittenFont'><font size='40'><p align='center'>
陽焱術"	Mysticism 2.4.2 CHT exact FormKey seed
00000C13	0045B0:Dawnguard.esm	BOOK	MAG_SpellTomeConjureBoneman	FULL	0	Spell Tome: Conjure Boneman	法術書：骨骸召靈術	Mysticism 2.4.2 CHT exact FormKey seed
00000C14	0045B0:Dawnguard.esm	BOOK	MAG_SpellTomeConjureBoneman	DESC	0	"<font face'$HandwrittenFont'><font size='40'><p align='center'>
Conjure Boneman"	"<font face'$HandwrittenFont'><font size='40'><p align='center'>
骨骸召靈術"	Mysticism 2.4.2 CHT exact FormKey seed
00000C15	0045B1:Dawnguard.esm	BOOK	MAG_SpellTomeConjureMistman	FULL	0	Spell Tome: Conjure Mistman	法術書：霧骸召靈術	Mysticism 2.4.2 CHT exact FormKey seed
00000C16	0045B1:Dawnguard.esm	BOOK	MAG_SpellTomeConjureMistman	DESC	0	"<font face'$HandwrittenFont'><font size='40'><p align='center'>
Conjure Mistman"	"<font face'$HandwrittenFont'><font size='40'><p align='center'>
霧骸召靈術"	Mysticism 2.4.2 CHT exact FormKey seed
00000C17	0045B2:Dawnguard.esm	BOOK	MAG_SpellTomeConjureWrathman	FULL	0	Spell Tome: Conjure Wrathman	法術書：怒骸召靈術	Mysticism 2.4.2 CHT exact FormKey seed
00000C18	0045B2:Dawnguard.esm	BOOK	MAG_SpellTomeConjureWrathman	DESC	0	"<font face'$HandwrittenFont'><font size='40'><p align='center'>
Conjure Wrathman"	"<font face'$HandwrittenFont'><font size='40'><p align='center'>
怒骸召靈術"	Mysticism 2.4.2 CHT exact FormKey seed
00000C19	00E8D5:Dawnguard.esm	BOOK	MAG_SpellTomeDaedricCure	FULL	0	Spell Tome: Daedric Cure	法術書：治療魔族	Mysticism 2.4.2 CHT exact FormKey seed
00000C1A	00E8D5:Dawnguard.esm	BOOK	MAG_SpellTomeDaedricCure	DESC	0	"<font face'$HandwrittenFont'><font size='40'><p align='center'>
Daedric Cure"	"<font face'$HandwrittenFont'><font size='40'><p align='center'>
Daedric Cure"	Mysticism 2.4.2 CHT exact FormKey seed
00000C1B	00E8D6:Dawnguard.esm	BOOK	MAG_SpellTomeOblivionsEmbrace	FULL	0	Spell Tome: Oblivion's Embrace	法術書：湮滅之擁	Mysticism 2.4.2 CHT exact FormKey seed
00000C1C	00E8D6:Dawnguard.esm	BOOK	MAG_SpellTomeOblivionsEmbrace	DESC	0	"<font face'$HandwrittenFont'><font size='40'><p align='center'>
Oblivion's Embrace"	"<font face'$HandwrittenFont'><font size='40'><p align='center'>
Oblivion's Embrace"	Mysticism 2.4.2 CHT exact FormKey seed
00000C1D	0177AC:Dragonborn.esm	BOOK	MAG_SpellTomeAshForm	FULL	0	Spell Tome: Ash Form	法術書：燼封術	Mysticism 2.4.2 CHT exact FormKey seed
00000C1E	0177AC:Dragonborn.esm	BOOK	MAG_SpellTomeAshForm	DESC	0	"<font face'$HandwrittenFont'><font size='40'><p align='center'>
Ash Form"	"<font face'$HandwrittenFont'><font size='40'><p align='center'>
Ash Form"	Mysticism 2.4.2 CHT exact FormKey seed
00000C1F	0177AD:Dragonborn.esm	BOOK	MAG_SpellTomeWhirlwindCloak	FULL	0	Spell Tome: Whirlwind Cloak	法術書：旋風斗篷術	Mysticism 2.4.2 CHT exact FormKey seed
00000C20	0177AD:Dragonborn.esm	BOOK	MAG_SpellTomeWhirlwindCloak	DESC	0	"<font face'$HandwrittenFont'><font size='40'><p align='center'>
Whirlwind Cloak"	"<font face'$HandwrittenFont'><font size='40'><p align='center'>
旋風斗篷術"	Mysticism 2.4.2 CHT exact FormKey seed
00000C21	0177B5:Dragonborn.esm	BOOK	MAG_SpellTomeAshRune	FULL	0	Spell Tome: Ash Rune	法術書：燼封法印	Mysticism 2.4.2 CHT exact FormKey seed
00000C22	0177B5:Dragonborn.esm	BOOK	MAG_SpellTomeAshRune	DESC	0	"<font face'$HandwrittenFont'><font size='40'><p align='center'>
Ash Rune"	"<font face'$HandwrittenFont'><font size='40'><p align='center'>
燼封法印"	Mysticism 2.4.2 CHT exact FormKey seed
00000C23	0177BD:Dragonborn.esm	BOOK	MAG_SpellTomeFrenzyRune	FULL	0	Spell Tome: Frenzy Rune	法術書：狂心法印	Mysticism 2.4.2 CHT exact FormKey seed
00000C24	0177BD:Dragonborn.esm	BOOK	MAG_SpellTomeFrenzyRune	DESC	0	"<font face'$HandwrittenFont'><font size='40'><p align='center'>
Frenzy Rune"	"<font face'$HandwrittenFont'><font size='40'><p align='center'>
狂心法印"	Mysticism 2.4.2 CHT exact FormKey seed
00000C25	01AABA:Dragonborn.esm	BOOK	MAG_SpellTomeConjureAshGuardian	FULL	0	Spell Tome: Conjure Ash Guardian	法術書：凝灰岩衛召喚術	Mysticism 2.4.2 CHT exact FormKey seed
00000C26	01AABA:Dragonborn.esm	BOOK	MAG_SpellTomeConjureAshGuardian	DESC	0	"<font face'$HandwrittenFont'><font size='40'><p align='center'>
Conjure Ash Guardian"	"<font face'$HandwrittenFont'><font size='40'><p align='center'>
凝灰岩衛召喚術"	Mysticism 2.4.2 CHT exact FormKey seed
00000C27	01CE07:Dragonborn.esm	BOOK	MAG_SpellTomeBoundDagger	FULL	0	Spell Tome: Bound Dagger	法術書：匕首塑形術	Mysticism 2.4.2 CHT exact FormKey seed
00000C28	01CE07:Dragonborn.esm	BOOK	MAG_SpellTomeBoundDagger	DESC	0	"<font face'$HandwrittenFont'><font size='40'><p align='center'>
Bound Dagger"	"<font face'$HandwrittenFont'><font size='40'><p align='center'>
匕首塑形術"	Mysticism 2.4.2 CHT exact FormKey seed
00000C29	01E2B1:Dragonborn.esm	BOOK	MAG_SpellTomeConjureAshSpawn	FULL	0	Spell Tome: Conjure Ash Spawn	法術書：凝灰鬼召喚術	Mysticism 2.4.2 CHT exact FormKey seed
00000C2A	01E2B1:Dragonborn.esm	BOOK	MAG_SpellTomeConjureAshSpawn	DESC	0	"<font face'$HandwrittenFont'><font size='40'><p align='center'>
Conjure Ash Spawn"	"<font face'$HandwrittenFont'><font size='40'><p align='center'>
凝灰鬼召喚術"	Mysticism 2.4.2 CHT exact FormKey seed
00000C2B	020685:Dragonborn.esm	BOOK	MAG_SpellTomePoisonRune	FULL	0	Spell Tome: Poison Rune	法術書：毒害法印	Mysticism 2.4.2 CHT exact FormKey seed
00000C2C	020685:Dragonborn.esm	BOOK	MAG_SpellTomePoisonRune	DESC	0	"<font face'$HandwrittenFont'><font size='40'><p align='center'>
Poison Rune"	"<font face'$HandwrittenFont'><font size='40'><p align='center'>
毒害法印"	Mysticism 2.4.2 CHT exact FormKey seed
00000C2D	033C67:Dragonborn.esm	BOOK	MAG_SpellTomeConjureSeeker	FULL	0	Spell Tome: Conjure Seeker	法術書：識巡者召喚術	Mysticism 2.4.2 CHT exact FormKey seed
00000C2E	033C67:Dragonborn.esm	BOOK	MAG_SpellTomeConjureSeeker	DESC	0	"<font face'$HandwrittenFont'><font size='40'><p align='center'>
Conjure Seeker"	"<font face'$HandwrittenFont'><font size='40'><p align='center'>
識巡者召喚術"	Mysticism 2.4.2 CHT exact FormKey seed
00000C2F	00FFFF:MysticismMagic.esp	BOOK	MAG_SpellTomeConjureDremoraHunter	FULL	0	Spell Tome: Conjure Dremora Hunter	法術書：魔人獵人召喚術	Mysticism 2.4.2 CHT exact FormKey seed
00000C30	00FFFF:MysticismMagic.esp	BOOK	MAG_SpellTomeConjureDremoraHunter	DESC	0	"<font face'$HandwrittenFont'><font size='40'><p align='center'>
Conjure Dremora Hunter"	"<font face'$HandwrittenFont'><font size='40'><p align='center'>
Conjure Dremora Hunter"	Mysticism 2.4.2 CHT exact FormKey seed
00000C31	010000:MysticismMagic.esp	BOOK	MAG_SpellTomeConjureDremoraSorcerer	FULL	0	Spell Tome: Conjure Dremora Sorcerer	法術書：魔人巫士召喚術	Mysticism 2.4.2 CHT exact FormKey seed
00000C32	010000:MysticismMagic.esp	BOOK	MAG_SpellTomeConjureDremoraSorcerer	DESC	0	"<font face'$HandwrittenFont'><font size='40'><p align='center'>
Conjure Dremora Sorcerer"	"<font face'$HandwrittenFont'><font size='40'><p align='center'>
Conjure Dremora Sorcerer"	Mysticism 2.4.2 CHT exact FormKey seed
00000C33	01F2F8:MysticismMagic.esp	BOOK	MAG_SpellTomeConjureWrathmanMarksman	FULL	0	Spell Tome: Conjure Wrathman Marksman	法術書：怒骸神射手召靈術	Mysticism 2.4.2 CHT exact FormKey seed
00000C34	01F2F8:MysticismMagic.esp	BOOK	MAG_SpellTomeConjureWrathmanMarksman	DESC	0	"<font face'$HandwrittenFont'><font size='40'><p align='center'>
Conjure Wrathman Marksman"	"<font face'$HandwrittenFont'><font size='40'><p align='center'>
Conjure Wrathman Marksman"	Mysticism 2.4.2 CHT exact FormKey seed
00000C35	01F2F9:MysticismMagic.esp	BOOK	MAG_SpellTomeConjureWrathmanWarlock	FULL	0	Spell Tome: Conjure Wrathman Warlock	法術書：怒骸術士召靈術	Mysticism 2.4.2 CHT exact FormKey seed
00000C36	01F2F9:MysticismMagic.esp	BOOK	MAG_SpellTomeConjureWrathmanWarlock	DESC	0	"<font face'$HandwrittenFont'><font size='40'><p align='center'>
Conjure Wrathman Warlock"	"<font face'$HandwrittenFont'><font size='40'><p align='center'>
Conjure Wrathman Warlock"	Mysticism 2.4.2 CHT exact FormKey seed
00000C37	10D267:MysticismMagic.esp	BOOK	MAG_SpellTomeWindwalker	FULL	0	Spell Tome: Windwalker	法術書：風行者	Mysticism 2.4.2 CHT exact FormKey seed
00000C38	10D267:MysticismMagic.esp	BOOK	MAG_SpellTomeWindwalker	DESC	0	"<font face'$HandwrittenFont'><font size='40'><p align='center'>
Windwalker"	"<font face'$HandwrittenFont'><font size='40'><p align='center'>
風行者"	Mysticism 2.4.2 CHT exact FormKey seed
00000C39	10D268:MysticismMagic.esp	BOOK	MAG_SpellTomeWindrunner	FULL	0	Spell Tome: Windrunner	法術書：風乘者	Mysticism 2.4.2 CHT exact FormKey seed
00000C3A	10D268:MysticismMagic.esp	BOOK	MAG_SpellTomeWindrunner	DESC	0	"<font face'$HandwrittenFont'><font size='40'><p align='center'>
Windrunner"	"<font face'$HandwrittenFont'><font size='40'><p align='center'>
風乘者"	Mysticism 2.4.2 CHT exact FormKey seed
00000C3B	176CD1:MysticismMagic.esp	BOOK	MAG_SpellTomeImmobilize	FULL	0	Spell Tome: Immobilize	法術書：定身術	Mysticism 2.4.2 CHT exact FormKey seed
00000C3C	176CD1:MysticismMagic.esp	BOOK	MAG_SpellTomeImmobilize	DESC	0	"<font face'$HandwrittenFont'><font size='40'><p align='center'>
Immobilize"	"<font face'$HandwrittenFont'><font size='40'><p align='center'>
定身術"	Mysticism 2.4.2 CHT exact FormKey seed
00000C3D	1901E6:MysticismMagic.esp	BOOK	MAG_SpellTomeAshCloud	FULL	0	Spell Tome: Ash Cloud	法術書：燼雲術	Mysticism 2.4.2 CHT exact FormKey seed
00000C3E	1901E6:MysticismMagic.esp	BOOK	MAG_SpellTomeAshCloud	DESC	0	"<font face'$HandwrittenFont'><font size='40'><p align='center'>
Ash Cloud
"	"<font face'$HandwrittenFont'><font size='40'><p align='center'>
灰燼雲"	Mysticism 2.4.2 CHT exact FormKey seed
00000C3F	1A96F7:MysticismMagic.esp	BOOK	MAG_SpellTomeBurningTouch	FULL	0	Spell Tome: Burning Touch	法術書：燃燒之觸	Mysticism 2.4.2 CHT exact FormKey seed
00000C40	1A96F7:MysticismMagic.esp	BOOK	MAG_SpellTomeBurningTouch	DESC	0	"<font face'$HandwrittenFont'><font size='40'><p align='center'>
Burning Touch"	"<font face'$HandwrittenFont'><font size='40'><p align='center'>
燃燒之觸"	Mysticism 2.4.2 CHT exact FormKey seed
00000C41	1AE803:MysticismMagic.esp	BOOK	MAG_SpellTomeChillingTouch	FULL	0	Spell Tome: Chilling Touch	法術書：寒冰之觸	Mysticism 2.4.2 CHT exact FormKey seed
00000C42	1AE803:MysticismMagic.esp	BOOK	MAG_SpellTomeChillingTouch	DESC	0	"<font face'$HandwrittenFont'><font size='40'><p align='center'>
Chilling Touch"	"<font face'$HandwrittenFont'><font size='40'><p align='center'>
寒冰之觸"	Mysticism 2.4.2 CHT exact FormKey seed
00000C43	1AE805:MysticismMagic.esp	BOOK	MAG_SpellTomeShockingTouch	FULL	0	Spell Tome: Shocking Touch	法術書：電擊之觸	Mysticism 2.4.2 CHT exact FormKey seed
00000C44	1AE805:MysticismMagic.esp	BOOK	MAG_SpellTomeShockingTouch	DESC	0	"<font face'$HandwrittenFont'><font size='40'><p align='center'>
Shocking Touch"	"<font face'$HandwrittenFont'><font size='40'><p align='center'>
Shocking Touch"	Mysticism 2.4.2 CHT exact FormKey seed
00000C45	1B8A13:MysticismMagic.esp	BOOK	MAG_SpellTomeVampiricTouch	FULL	0	Spell Tome: Vampiric Touch	法術書：茹血之觸	Mysticism 2.4.2 CHT exact FormKey seed
00000C46	1B8A13:MysticismMagic.esp	BOOK	MAG_SpellTomeVampiricTouch	DESC	0	"<font face'$HandwrittenFont'><font size='40'><p align='center'>
Vampiric Touch"	"<font face'$HandwrittenFont'><font size='40'><p align='center'>
Vampiric Touch"	Mysticism 2.4.2 CHT exact FormKey seed
00000C47	1B8A16:MysticismMagic.esp	BOOK	MAG_SpellTomeVampiricBolt	FULL	0	Spell Tome: Vampiric Bolt	法術書：茹血法矢	Mysticism 2.4.2 CHT exact FormKey seed
00000C48	1B8A16:MysticismMagic.esp	BOOK	MAG_SpellTomeVampiricBolt	DESC	0	"<font face'$HandwrittenFont'><font size='40'><p align='center'>
Vampiric Bolt"	"<font face'$HandwrittenFont'><font size='40'><p align='center'>
Vampiric Bolt"	Mysticism 2.4.2 CHT exact FormKey seed
00000C49	1D7033:MysticismMagic.esp	BOOK	MAG_SpellTomeGreaterFlames	FULL	0	Spell Tome: Greater Flames	法術書：進階火燃術	Mysticism 2.4.2 CHT exact FormKey seed
00000C4A	1D7033:MysticismMagic.esp	BOOK	MAG_SpellTomeGreaterFlames	DESC	0	"<font face'$HandwrittenFont'><font size='40'><p align='center'>
Greater Flames"	"<font face'$HandwrittenFont'><font size='40'><p align='center'>
進階火燃術"	Mysticism 2.4.2 CHT exact FormKey seed
00000C4B	1D7035:MysticismMagic.esp	BOOK	MAG_SpellTomeGreaterFrostbite	FULL	0	Spell Tome: Greater Frostbite	法術書：進階冰寒術	Mysticism 2.4.2 CHT exact FormKey seed
00000C4C	1D7035:MysticismMagic.esp	BOOK	MAG_SpellTomeGreaterFrostbite	DESC	0	"<font face'$HandwrittenFont'><font size='40'><p align='center'>
Greater Frostbite"	"<font face'$HandwrittenFont'><font size='40'><p align='center'>
進階冰寒術"	Mysticism 2.4.2 CHT exact FormKey seed
00000C4D	1D7036:MysticismMagic.esp	BOOK	MAG_SpellTomeGreaterSparks	FULL	0	Spell Tome: Greater Sparks	法術書：進階電擊術	Mysticism 2.4.2 CHT exact FormKey seed
00000C4E	1D7036:MysticismMagic.esp	BOOK	MAG_SpellTomeGreaterSparks	DESC	0	"<font face'$HandwrittenFont'><font size='40'><p align='center'>
Greater Sparks"	"<font face'$HandwrittenFont'><font size='40'><p align='center'>
進階電擊術"	Mysticism 2.4.2 CHT exact FormKey seed
00000C4F	1D7037:MysticismMagic.esp	BOOK	MAG_SpellTomeThunderingGrasp	FULL	0	Spell Tome: Thundering Grasp	法術書：雷電之握	Mysticism 2.4.2 CHT exact FormKey seed
00000C50	1D7037:MysticismMagic.esp	BOOK	MAG_SpellTomeThunderingGrasp	DESC	0	"<font face'$HandwrittenFont'><font size='40'><p align='center'>
Thundering Grasp"	"<font face'$HandwrittenFont'><font size='40'><p align='center'>
Thundering Grasp"	Mysticism 2.4.2 CHT exact FormKey seed
00000C51	1D7038:MysticismMagic.esp	BOOK	MAG_SpellTomeFieryGrasp	FULL	0	Spell Tome: Fiery Grasp	法術書：火舌之握	Mysticism 2.4.2 CHT exact FormKey seed
00000C52	1D7038:MysticismMagic.esp	BOOK	MAG_SpellTomeFieryGrasp	DESC	0	"<font face'$HandwrittenFont'><font size='40'><p align='center'>
Fiery Grasp"	"<font face'$HandwrittenFont'><font size='40'><p align='center'>
火舌之握"	Mysticism 2.4.2 CHT exact FormKey seed
00000C53	1DC13A:MysticismMagic.esp	BOOK	MAG_SpellTomeImmolate	FULL	0	Spell Tome: Immolate	法術書：地獄火	Mysticism 2.4.2 CHT exact FormKey seed
00000C54	1DC13A:MysticismMagic.esp	BOOK	MAG_SpellTomeImmolate	DESC	0	"<font face'$HandwrittenFont'><font size='40'><p align='center'>
Immolate"	"<font face'$HandwrittenFont'><font size='40'><p align='center'>
Immolate"	Mysticism 2.4.2 CHT exact FormKey seed
00000C55	2002E7:MysticismMagic.esp	BOOK	MAG_SpellTomeGrandWeaknessToFire	FULL	0	Spell Tome: Grand Weakness to Fire	法術書：強效火焰弱化	Mysticism 2.5.0 custom; Skyrim 8.20 terminology
00000C56	2002E7:MysticismMagic.esp	BOOK	MAG_SpellTomeGrandWeaknessToFire	DESC	0	"<font face'$HandwrittenFont'><font size='40'><p align='center'>
Grand Weakness to Fire"	"<font face'$HandwrittenFont'><font size='40'><p align='center'>
強效火焰弱化"	Mysticism 2.5.0 custom; Skyrim 8.20 terminology
00000C57	2002E9:MysticismMagic.esp	BOOK	MAG_SpellTomeGrandWeaknesstoFrost	FULL	0	Spell Tome: Grand Weakness to Frost	法術書：強效寒霜弱化	Mysticism 2.5.0 custom; Skyrim 8.20 terminology
00000C58	2002E9:MysticismMagic.esp	BOOK	MAG_SpellTomeGrandWeaknesstoFrost	DESC	0	"<font face'$HandwrittenFont'><font size='40'><p align='center'>
Grand Weakness to Frost"	"<font face'$HandwrittenFont'><font size='40'><p align='center'>
強效寒霜弱化"	Mysticism 2.5.0 custom; Skyrim 8.20 terminology
00000C59	2002EA:MysticismMagic.esp	BOOK	MAG_SpellTomeGrandWeaknesstoPoison	FULL	0	Spell Tome: Grand Weakness to Poison	法術書：強效毒素弱化	Mysticism 2.5.0 custom; Skyrim 8.20 terminology
00000C5A	2002EA:MysticismMagic.esp	BOOK	MAG_SpellTomeGrandWeaknesstoPoison	DESC	0	"<font face'$HandwrittenFont'><font size='40'><p align='center'>
Grand Weakness to Poison"	"<font face'$HandwrittenFont'><font size='40'><p align='center'>
強效毒素弱化"	Mysticism 2.5.0 custom; Skyrim 8.20 terminology
00000C5B	2002EB:MysticismMagic.esp	BOOK	MAG_SpellTomeGrandWeaknesstoShock	FULL	0	Spell Tome: Grand Weakness to Shock	法術書：強效閃電弱化	Mysticism 2.5.0 custom; Skyrim 8.20 terminology
00000C5C	2002EB:MysticismMagic.esp	BOOK	MAG_SpellTomeGrandWeaknesstoShock	DESC	0	"<font face'$HandwrittenFont'><font size='40'><p align='center'>
Grand Weakness to Shock"	"<font face'$HandwrittenFont'><font size='40'><p align='center'>
強效閃電弱化"	Mysticism 2.5.0 custom; Skyrim 8.20 terminology
00000C5D	209A7E:MysticismMagic.esp	BOOK	MAG_SpellTomeDealdyPoisonRune	FULL	0	Spell Tome: Deadly Poison Rune	法術書：致命毒害法印	Mysticism 2.4.2 CHT exact FormKey seed
00000C5E	209A7E:MysticismMagic.esp	BOOK	MAG_SpellTomeDealdyPoisonRune	DESC	0	"<font face'$HandwrittenFont'><font size='40'><p align='center'>
Deadly Poison Rune"	"<font face'$HandwrittenFont'><font size='40'><p align='center'>
致命毒害法印"	Mysticism 2.4.2 CHT exact FormKey seed
00000C5F	209A83:MysticismMagic.esp	BOOK	MAG_SpellTomePoisonousTouch	FULL	0	Spell Tome: Poisonous Touch	法術書：劇毒之觸	Mysticism 2.4.2 CHT exact FormKey seed
00000C60	209A83:MysticismMagic.esp	BOOK	MAG_SpellTomePoisonousTouch	DESC	0	"<font face'$HandwrittenFont'><font size='40'><p align='center'>
Poisonous Touch"	"<font face'$HandwrittenFont'><font size='40'><p align='center'>
劇毒之觸"	Mysticism 2.4.2 CHT exact FormKey seed
00000C61	209A84:MysticismMagic.esp	BOOK	MAG_SpellTomeVipersGrasp	FULL	0	Spell Tome: Viper's Grasp	法術書：毒蛇之握	Mysticism 2.4.2 CHT exact FormKey seed
00000C62	209A84:MysticismMagic.esp	BOOK	MAG_SpellTomeVipersGrasp	DESC	0	"<font face'$HandwrittenFont'><font size='40'><p align='center'>
Viper's Grasp"	"<font face'$HandwrittenFont'><font size='40'><p align='center'>
Viper's Grasp"	Mysticism 2.4.2 CHT exact FormKey seed
00000C63	209A85:MysticismMagic.esp	BOOK	MAG_SpellTomePoisonbolt	FULL	0	Spell Tome: Poisonbolt	法術書：毒球術	Mysticism 2.4.2 CHT exact FormKey seed
00000C64	209A85:MysticismMagic.esp	BOOK	MAG_SpellTomePoisonbolt	DESC	0	"<font face'$HandwrittenFont'><font size='40'><p align='center'>
Poisonbolt"	"<font face'$HandwrittenFont'><font size='40'><p align='center'>
毒球術"	Mysticism 2.4.2 CHT exact FormKey seed
00000C65	209A86:MysticismMagic.esp	BOOK	MAG_SpellTomeViperbolt	FULL	0	Spell Tome: Viperbolt	法術書：猛烈毒球術	Mysticism 2.4.2 CHT exact FormKey seed
00000C66	209A86:MysticismMagic.esp	BOOK	MAG_SpellTomeViperbolt	DESC	0	"<font face'$HandwrittenFont'><font size='40'><p align='center'>
Viperbolt"	"<font face'$HandwrittenFont'><font size='40'><p align='center'>
猛烈毒球術"	Mysticism 2.4.2 CHT exact FormKey seed
00000C67	209A87:MysticismMagic.esp	BOOK	MAG_SpellTomePoisonCloak	FULL	0	Spell Tome: Poison Cloak	法術書：毒素斗篷術	Mysticism 2.4.2 CHT exact FormKey seed
00000C68	209A87:MysticismMagic.esp	BOOK	MAG_SpellTomePoisonCloak	DESC	0	"<font face'$HandwrittenFont'><font size='40'><p align='center'>
Poison Cloak"	"<font face'$HandwrittenFont'><font size='40'><p align='center'>
毒素斗篷術"	Mysticism 2.4.2 CHT exact FormKey seed
00000C69	209A88:MysticismMagic.esp	BOOK	MAG_SpellTomePoisonCloud	FULL	0	Spell Tome: Poison Cloud	法術書：毒雲術	Mysticism 2.4.2 CHT exact FormKey seed
00000C6A	209A88:MysticismMagic.esp	BOOK	MAG_SpellTomePoisonCloud	DESC	0	"<font face'$HandwrittenFont'><font size='40'><p align='center'>
Poison Cloud"	"<font face'$HandwrittenFont'><font size='40'><p align='center'>
毒雲術"	Mysticism 2.4.2 CHT exact FormKey seed
00000C6B	209A89:MysticismMagic.esp	BOOK	MAG_SpellTomeDeathCloud	FULL	0	Spell Tome: Death Cloud	法術書：奪命霧雲術	Mysticism 2.4.2 CHT exact FormKey seed
00000C6C	209A89:MysticismMagic.esp	BOOK	MAG_SpellTomeDeathCloud	DESC	0	"<font face'$HandwrittenFont'><font size='40'><p align='center'>
Death Cloud"	"<font face'$HandwrittenFont'><font size='40'><p align='center'>
奪命霧雲術"	Mysticism 2.4.2 CHT exact FormKey seed
00000C6D	2508CA:MysticismMagic.esp	BOOK	MAG_SpellTomeSunlightTouch	FULL	0	Spell Tome: Sunlight Touch	法術書：日光之觸	Mysticism 2.4.2 CHT exact FormKey seed
00000C6E	2508CA:MysticismMagic.esp	BOOK	MAG_SpellTomeSunlightTouch	DESC	0	"<font face'$HandwrittenFont'><font size='40'><p align='center'>
Sunlight Touch"	"<font face'$HandwrittenFont'><font size='40'><p align='center'>
日光之觸"	Mysticism 2.4.2 CHT exact FormKey seed
00000C6F	2508CC:MysticismMagic.esp	BOOK	MAG_SpellTomeSearingGrasp	FULL	0	Spell Tome: Searing Grasp	法術書：聖焰之握	Mysticism 2.4.2 CHT exact FormKey seed
00000C70	2508CC:MysticismMagic.esp	BOOK	MAG_SpellTomeSearingGrasp	DESC	0	"<font face'$HandwrittenFont'><font size='40'><p align='center'>
Searing Grasp"	"<font face'$HandwrittenFont'><font size='40'><p align='center'>
Searing Grasp"	Mysticism 2.4.2 CHT exact FormKey seed
00000C71	2508CF:MysticismMagic.esp	BOOK	MAG_SpellTomeReflectiveLight	FULL	0	Spell Tome: Reflective Light	法術書：淨化光束	Mysticism 2.4.2 CHT exact FormKey seed
00000C72	2508CF:MysticismMagic.esp	BOOK	MAG_SpellTomeReflectiveLight	DESC	0	"<font face'$HandwrittenFont'><font size='40'><p align='center'>
Reflective Light"	"<font face'$HandwrittenFont'><font size='40'><p align='center'>
Reflective Light"	Mysticism 2.4.2 CHT exact FormKey seed
00000C73	2508D0:MysticismMagic.esp	BOOK	MAG_SpellTomeChargedNova	FULL	0	Spell Tome: Charged Nova	法術書：耀光晨爆術	Mysticism 2.4.2 CHT exact FormKey seed
00000C74	2508D0:MysticismMagic.esp	BOOK	MAG_SpellTomeChargedNova	DESC	0	"<font face'$HandwrittenFont'><font size='40'><p align='center'>
Daybreak"	"<font face'$HandwrittenFont'><font size='40'><p align='center'>
耀光晨爆術"	Mysticism 2.4.2 CHT exact FormKey seed
00000C75	25FC02:MysticismMagic.esp	BOOK	MAG_SpellTomeSolarFlare	FULL	0	Spell Tome: Solar Flare	法術書：太陽烈炎	Mysticism 2.4.2 CHT exact FormKey seed
00000C76	25FC02:MysticismMagic.esp	BOOK	MAG_SpellTomeSolarFlare	DESC	0	"<font face'$HandwrittenFont'><font size='40'><p align='center'>
Solar Flare"	"<font face'$HandwrittenFont'><font size='40'><p align='center'>
太陽烈炎"	Mysticism 2.4.2 CHT exact FormKey seed
00000C77	2A19B1:MysticismMagic.esp	BOOK	MAG_SpellTomeFreezingGrasp	FULL	0	Spell Tome: Freezing Grasp	法術書：寒凍之握	Mysticism 2.4.2 CHT exact FormKey seed
00000C78	2A19B1:MysticismMagic.esp	BOOK	MAG_SpellTomeFreezingGrasp	DESC	0	"<font face'$HandwrittenFont'><font size='40'><p align='center'>
Freezing Grasp"	"<font face'$HandwrittenFont'><font size='40'><p align='center'>
寒凍之握"	Mysticism 2.4.2 CHT exact FormKey seed
00000C79	2E8871:MysticismMagic.esp	BOOK	MAG_SpellTomeThroatoftheWorld	FULL	0	Spell Tome: Throat of the World	法術書：世界之喉	Mysticism 2.4.2 CHT exact FormKey seed
00000C7A	2E8871:MysticismMagic.esp	BOOK	MAG_SpellTomeThroatoftheWorld	DESC	0	"<font face'$HandwrittenFont'><font size='40'><p align='center'>
Throat of the World
"	"<font face'$HandwrittenFont'><font size='40'><p align='center'>
世界之喉"	Mysticism 2.4.2 CHT exact FormKey seed
00000C7B	36C2C5:MysticismMagic.esp	BOOK	MAG_SpellTomeBlackMarsh	FULL	0	Spell Tome: Black Marsh	法術書：黑沼死池術	Mysticism 2.4.2 CHT exact FormKey seed
00000C7C	36C2C5:MysticismMagic.esp	BOOK	MAG_SpellTomeBlackMarsh	DESC	0	"<font face'$HandwrittenFont'><font size='40'><p align='center'>
Black Marsh"	"<font face'$HandwrittenFont'><font size='40'><p align='center'>
黑沼死池術"	Mysticism 2.4.2 CHT exact FormKey seed
00000C7D	36C2DC:MysticismMagic.esp	BOOK	MAG_SpellTomeGreaterFireRune	FULL	0	Spell Tome: Greater Fire Rune	法術書：進階暴炎法印	Mysticism 2.4.2 CHT exact FormKey seed
00000C7E	36C2DC:MysticismMagic.esp	BOOK	MAG_SpellTomeGreaterFireRune	DESC	0	"<font face'$HandwrittenFont'><font size='40'><p align='center'>
Greater Fire Rune"	"<font face'$HandwrittenFont'><font size='40'><p align='center'>
進階暴炎法印"	Mysticism 2.4.2 CHT exact FormKey seed
00000C7F	36C2DD:MysticismMagic.esp	BOOK	MAG_SpellTomeVampiricGrasp	FULL	0	Spell Tome: Vampiric Grasp	法術書：茹血之握	Mysticism 2.4.2 CHT exact FormKey seed
00000C80	36C2DD:MysticismMagic.esp	BOOK	MAG_SpellTomeVampiricGrasp	DESC	0	"<font face'$HandwrittenFont'><font size='40'><p align='center'>
Vampiric Grasp"	"<font face'$HandwrittenFont'><font size='40'><p align='center'>
Vampiric Grasp"	Mysticism 2.4.2 CHT exact FormKey seed
00000C81	36C2DE:MysticismMagic.esp	BOOK	MAG_SpellTomeVampiricRune	FULL	0	Spell Tome: Vampiric Rune	法術書：茹血法印	Mysticism 2.4.2 CHT exact FormKey seed
00000C82	36C2DE:MysticismMagic.esp	BOOK	MAG_SpellTomeVampiricRune	DESC	0	"<font face'$HandwrittenFont'><font size='40'><p align='center'>
Vampiric Rune"	"<font face'$HandwrittenFont'><font size='40'><p align='center'>
Vampiric Rune"	Mysticism 2.4.2 CHT exact FormKey seed
00000C83	36C2E0:MysticismMagic.esp	BOOK	MAG_SpellTomeBloodLance	FULL	0	Spell Tome: Blood Lance	法術書：腥紅血槍	Mysticism 2.4.2 CHT exact FormKey seed
00000C84	36C2E0:MysticismMagic.esp	BOOK	MAG_SpellTomeBloodLance	DESC	0	"<font face'$HandwrittenFont'><font size='40'><p align='center'>
Blood Lance"	"<font face'$HandwrittenFont'><font size='40'><p align='center'>
Blood Lance"	Mysticism 2.4.2 CHT exact FormKey seed
00000C85	36C2E8:MysticismMagic.esp	BOOK	MAG_SpellTomeLeechStamina	FULL	0	Spell Tome: Leech Stamina	法術書：汲取耐力	Mysticism 2.4.2 CHT exact FormKey seed
00000C86	36C2E8:MysticismMagic.esp	BOOK	MAG_SpellTomeLeechStamina	DESC	0	"<font face'$HandwrittenFont'><font size='40'><p align='center'>
Leech Stamina"	"<font face'$HandwrittenFont'><font size='40'><p align='center'>
Leech Stamina"	Mysticism 2.4.2 CHT exact FormKey seed
00000C87	3A3E0B:MysticismMagic.esp	BOOK	MAG_SpellTomeGreaterFrostRune	FULL	0	Spell Tome: Greater Frost Rune	法術書：進階暴霜法印	Mysticism 2.4.2 CHT exact FormKey seed
00000C88	3A3E0B:MysticismMagic.esp	BOOK	MAG_SpellTomeGreaterFrostRune	DESC	0	"<font face'$HandwrittenFont'><font size='40'><p align='center'>
Greater Frost Rune"	"<font face'$HandwrittenFont'><font size='40'><p align='center'>
進階暴霜法印"	Mysticism 2.4.2 CHT exact FormKey seed
00000C89	3A3E0C:MysticismMagic.esp	BOOK	MAG_SpellTomeGreaterLightningRune	FULL	0	Spell Tome: Greater Lightning Rune	法術書：進階暴電法印	Mysticism 2.4.2 CHT exact FormKey seed
00000C8A	3A3E0C:MysticismMagic.esp	BOOK	MAG_SpellTomeGreaterLightningRune	DESC	0	"<font face'$HandwrittenFont'><font size='40'><p align='center'>
Greater Lightning Rune"	"<font face'$HandwrittenFont'><font size='40'><p align='center'>
進階暴電法印"	Mysticism 2.4.2 CHT exact FormKey seed
00000C8B	3A3E10:MysticismMagic.esp	BOOK	MAG_SpellTomeFingeroftheMountain	FULL	0	Spell Tome: Finger of the Mountain	法術書：山嶺雷指	Mysticism 2.4.2 CHT exact FormKey seed
00000C8C	3A3E10:MysticismMagic.esp	BOOK	MAG_SpellTomeFingeroftheMountain	DESC	0	"<font face'$HandwrittenFont'><font size='40'><p align='center'>
Finger of the Mountain"	"<font face'$HandwrittenFont'><font size='40'><p align='center'>
山嶺雷指"	Mysticism 2.4.2 CHT exact FormKey seed
00000C8D	3C756C:MysticismMagic.esp	BOOK	MAG_SpellTomeOpenNoviceLock	FULL	0	Spell Tome: Open Novice Lock	法術書：入門開鎖術	Mysticism 2.4.2 CHT exact FormKey seed
00000C8E	3C756C:MysticismMagic.esp	BOOK	MAG_SpellTomeOpenNoviceLock	DESC	0	"<font face'$HandwrittenFont'><font size='40'><p align='center'>
Open Novice Lock"	"<font face'$HandwrittenFont'><font size='40'><p align='center'>
入門開鎖術"	Mysticism 2.4.2 CHT exact FormKey seed
00000C8F	3C756D:MysticismMagic.esp	BOOK	MAG_SpellTomeOpenApprenticeLock	FULL	0	Spell Tome: Open Apprentice Lock	法術書：學徒開鎖術	Mysticism 2.4.2 CHT exact FormKey seed
00000C90	3C756D:MysticismMagic.esp	BOOK	MAG_SpellTomeOpenApprenticeLock	DESC	0	"<font face'$HandwrittenFont'><font size='40'><p align='center'>
Open Apprentice Lock"	"<font face'$HandwrittenFont'><font size='40'><p align='center'>
Open Apprentice Lock"	Mysticism 2.4.2 CHT exact FormKey seed
00000C91	3C756E:MysticismMagic.esp	BOOK	MAG_SpellTomeOpenAdeptLock	FULL	0	Spell Tome: Open Adept Lock	法術書：行家開鎖術	Mysticism 2.4.2 CHT exact FormKey seed
00000C92	3C756E:MysticismMagic.esp	BOOK	MAG_SpellTomeOpenAdeptLock	DESC	0	"<font face'$HandwrittenFont'><font size='40'><p align='center'>
Open Adept Lock"	"<font face'$HandwrittenFont'><font size='40'><p align='center'>
行家開鎖術"	Mysticism 2.4.2 CHT exact FormKey seed
00000C93	3C756F:MysticismMagic.esp	BOOK	MAG_SpellTomeOpenExpertLock	FULL	0	Spell Tome: Open Expert Lock	法術書：專家開鎖術	Mysticism 2.4.2 CHT exact FormKey seed
00000C94	3C756F:MysticismMagic.esp	BOOK	MAG_SpellTomeOpenExpertLock	DESC	0	"<font face'$HandwrittenFont'><font size='40'><p align='center'>
Open Expert Lock"	"<font face'$HandwrittenFont'><font size='40'><p align='center'>
Open Expert Lock"	Mysticism 2.4.2 CHT exact FormKey seed
00000C95	3C7571:MysticismMagic.esp	BOOK	MAG_SpellTomeFeather	FULL	0	Spell Tome: Feather	法術書：輕羽術	Mysticism 2.4.2 CHT exact FormKey seed
00000C96	3C7571:MysticismMagic.esp	BOOK	MAG_SpellTomeFeather	DESC	0	"<font face'$HandwrittenFont'><font size='40'><p align='center'>
Feather"	"<font face'$HandwrittenFont'><font size='40'><p align='center'>
輕羽術"	Mysticism 2.4.2 CHT exact FormKey seed
00000C97	3C7573:MysticismMagic.esp	BOOK	MAG_SpellTomeFireShell	FULL	0	Spell Tome: Fire Shell	法術書：火焰護罩	Mysticism 2.4.2 CHT exact FormKey seed
00000C98	3C7573:MysticismMagic.esp	BOOK	MAG_SpellTomeFireShell	DESC	0	"<font face'$HandwrittenFont'><font size='40'><p align='center'>
Fire Shell"	"<font face'$HandwrittenFont'><font size='40'><p align='center'>
火焰護罩"	Mysticism 2.4.2 CHT exact FormKey seed
00000C99	3C7574:MysticismMagic.esp	BOOK	MAG_SpellTomeFrostShell	FULL	0	Spell Tome: Frost Shell	法術書：寒霜護罩	Mysticism 2.4.2 CHT exact FormKey seed
00000C9A	3C7574:MysticismMagic.esp	BOOK	MAG_SpellTomeFrostShell	DESC	0	"<font face'$HandwrittenFont'><font size='40'><p align='center'>
Frost Shell"	"<font face'$HandwrittenFont'><font size='40'><p align='center'>
寒霜護罩"	Mysticism 2.4.2 CHT exact FormKey seed
00000C9B	3C7575:MysticismMagic.esp	BOOK	MAG_SpellTomeShockShell	FULL	0	Spell Tome: Shock Shell	法術書：閃電護罩	Mysticism 2.4.2 CHT exact FormKey seed
00000C9C	3C7575:MysticismMagic.esp	BOOK	MAG_SpellTomeShockShell	DESC	0	"<font face'$HandwrittenFont'><font size='40'><p align='center'>
Shock Shell"	"<font face'$HandwrittenFont'><font size='40'><p align='center'>
閃電護罩"	Mysticism 2.4.2 CHT exact FormKey seed
00000C9D	3C7576:MysticismMagic.esp	BOOK	MAG_SpellTomePoisonShell	FULL	0	Spell Tome: Poison Shell	法術書：毒素護罩	Mysticism 2.4.2 CHT exact FormKey seed
00000C9E	3C7576:MysticismMagic.esp	BOOK	MAG_SpellTomePoisonShell	DESC	0	"<font face'$HandwrittenFont'><font size='40'><p align='center'>
Poison Shell"	"<font face'$HandwrittenFont'><font size='40'><p align='center'>
毒素護罩"	Mysticism 2.4.2 CHT exact FormKey seed
00000C9F	3C7577:MysticismMagic.esp	BOOK	MAG_SpellTomeCorrodeArmor	FULL	0	Spell Tome: Corrode Armor	法術書：侵蝕護甲術	Mysticism 2.4.2 CHT exact FormKey seed
00000CA0	3C7577:MysticismMagic.esp	BOOK	MAG_SpellTomeCorrodeArmor	DESC	0	"<font face'$HandwrittenFont'><font size='40'><p align='center'>
Corrode Armor"	"<font face'$HandwrittenFont'><font size='40'><p align='center'>
侵蝕護甲術"	Mysticism 2.4.2 CHT exact FormKey seed
00000CA1	3C7579:MysticismMagic.esp	BOOK	MAG_SpellTomeSeaStride	FULL	0	Spell Tome: Sea Stride	法術書：水行術	Mysticism 2.4.2 CHT exact FormKey seed
00000CA2	3C7579:MysticismMagic.esp	BOOK	MAG_SpellTomeSeaStride	DESC	0	"<font face'$HandwrittenFont'><font size='40'><p align='center'>
Sea Stride"	"<font face'$HandwrittenFont'><font size='40'><p align='center'>
水行術"	Mysticism 2.4.2 CHT exact FormKey seed
00000CA3	3C757C:MysticismMagic.esp	BOOK	MAG_SpellTomeWeaknessToFire	FULL	0	Spell Tome: Weakness to Fire	法術書：火抗弱化術	Mysticism 2.4.2 CHT exact FormKey seed
00000CA4	3C757C:MysticismMagic.esp	BOOK	MAG_SpellTomeWeaknessToFire	DESC	0	"<font face'$HandwrittenFont'><font size='40'><p align='center'>
Weakness to Fire"	"<font face'$HandwrittenFont'><font size='40'><p align='center'>
火抗弱化術"	Mysticism 2.4.2 CHT exact FormKey seed
00000CA5	3C757D:MysticismMagic.esp	BOOK	MAG_SpellTomeWeaknesstoFrost	FULL	0	Spell Tome: Weakness to Frost	法術書：冰抗弱化術	Mysticism 2.4.2 CHT exact FormKey seed
00000CA6	3C757D:MysticismMagic.esp	BOOK	MAG_SpellTomeWeaknesstoFrost	DESC	0	"<font face'$HandwrittenFont'><font size='40'><p align='center'>
Weakness to Frost"	"<font face'$HandwrittenFont'><font size='40'><p align='center'>
冰抗弱化術"	Mysticism 2.4.2 CHT exact FormKey seed
00000CA7	F3635E:MysticismMagic.esp	BOOK	MAG_SpellTomeFontofStrength	FULL	0	Spell Tome: Font of Strength	法術書：力量聖泉	Mysticism 2.4.2 CHT exact FormKey seed
00000CA8	F3635E:MysticismMagic.esp	BOOK	MAG_SpellTomeFontofStrength	DESC	0	"<font face'$HandwrittenFont'><font size='40'><p align='center'>
Font of Strength"	"<font face'$HandwrittenFont'><font size='40'><p align='center'>
Font of Strength"	Mysticism 2.4.2 CHT exact FormKey seed
00000CA9	F3636C:MysticismMagic.esp	BOOK	MAG_SpellTomeFontofWisdom	FULL	0	Spell Tome: Font of Wisdom	法術書：智慧聖泉	Mysticism 2.4.2 CHT exact FormKey seed
00000CAA	F3636C:MysticismMagic.esp	BOOK	MAG_SpellTomeFontofWisdom	DESC	0	"<font face'$HandwrittenFont'><font size='40'><p align='center'>
Font of Wisdom"	"<font face'$HandwrittenFont'><font size='40'><p align='center'>
Font of Wisdom"	Mysticism 2.4.2 CHT exact FormKey seed
00000CAB	3C757F:MysticismMagic.esp	BOOK	MAG_SpellTomeWeaknesstoPoison	FULL	0	Spell Tome: Weakness to Poison	法術書：毒抗弱化術	Mysticism 2.4.2 CHT exact FormKey seed
00000CAC	3C757F:MysticismMagic.esp	BOOK	MAG_SpellTomeWeaknesstoPoison	DESC	0	"<font face'$HandwrittenFont'><font size='40'><p align='center'>
Weakness to Poison"	"<font face'$HandwrittenFont'><font size='40'><p align='center'>
毒抗弱化術"	Mysticism 2.4.2 CHT exact FormKey seed
00000CAD	09CD51:Skyrim.esm	BOOK	MAG_SpellTomeFlames	FULL	0	Spell Tome: Flames	法術書：火燃術	Mysticism 2.4.2 CHT exact FormKey seed
00000CAE	09CD51:Skyrim.esm	BOOK	MAG_SpellTomeFlames	DESC	0	"<font face'$HandwrittenFont'><font size='40'><p align='center'>
Flames"	"<font face'$HandwrittenFont'><font size='40'><p align='center'>
火燃術"	Mysticism 2.4.2 CHT exact FormKey seed
00000CAF	09CD52:Skyrim.esm	BOOK	MAG_SpellTomeFrostbite	FULL	0	Spell Tome: Frostbite	法術書：冰寒術	Mysticism 2.4.2 CHT exact FormKey seed
00000CB0	09CD52:Skyrim.esm	BOOK	MAG_SpellTomeFrostbite	DESC	0	"<font face'$HandwrittenFont'><font size='40'><p align='center'>
Frostbite"	"<font face'$HandwrittenFont'><font size='40'><p align='center'>
冰寒術"	Mysticism 2.4.2 CHT exact FormKey seed
00000CB1	09CD53:Skyrim.esm	BOOK	MAG_SpellTomeSparks	FULL	0	Spell Tome: Sparks	法術書：電擊術	Mysticism 2.4.2 CHT exact FormKey seed
00000CB2	09CD53:Skyrim.esm	BOOK	MAG_SpellTomeSparks	DESC	0	"<font face'$HandwrittenFont'><font size='40'><p align='center'>
Sparks"	"<font face'$HandwrittenFont'><font size='40'><p align='center'>
電擊術"	Mysticism 2.4.2 CHT exact FormKey seed
00000CB3	09CD54:Skyrim.esm	BOOK	MAG_SpellTomeSoulTrap	FULL	0	Spell Tome: Soul Trap	法術書：縛魂術	Mysticism 2.4.2 CHT exact FormKey seed
00000CB4	09CD54:Skyrim.esm	BOOK	MAG_SpellTomeSoulTrap	DESC	0	"<font face'$HandwrittenFont'><font size='40'><p align='center'>
Soul Trap"	"<font face'$HandwrittenFont'><font size='40'><p align='center'>
縛魂術"	Mysticism 2.4.2 CHT exact FormKey seed
00000CB5	09E2A7:Skyrim.esm	BOOK	MAG_SpellTomeCandlelight	FULL	0	Spell Tome: Candlelight	法術書：燭光術	Mysticism 2.4.2 CHT exact FormKey seed
00000CB6	09E2A7:Skyrim.esm	BOOK	MAG_SpellTomeCandlelight	DESC	0	"<font face'$HandwrittenFont'><font size='40'><p align='center'>
Candlelight
"	"<font face'$HandwrittenFont'><font size='40'><p align='center'>
燭光術"	Mysticism 2.4.2 CHT exact FormKey seed
00000CB7	3C7588:MysticismMagic.esp	BOOK	MAG_SpellTomeVenomShield	FULL	0	Spell Tome: Venom Shield	法術書：禍毒護體術	Mysticism 2.4.2 CHT exact FormKey seed
00000CB8	3C7588:MysticismMagic.esp	BOOK	MAG_SpellTomeVenomShield	DESC	0	"<font face'$HandwrittenFont'><font size='40'><p align='center'>
Venom Shield"	"<font face'$HandwrittenFont'><font size='40'><p align='center'>
禍毒護體術"	Mysticism 2.4.2 CHT exact FormKey seed
00000CB9	09E2A9:Skyrim.esm	BOOK	MAG_SpellTomeBoundSword	FULL	0	Spell Tome: Bound Sword	法術書：長劍塑形術	Mysticism 2.4.2 CHT exact FormKey seed
00000CBA	09E2A9:Skyrim.esm	BOOK	MAG_SpellTomeBoundSword	DESC	0	"<font face'$HandwrittenFont'><font size='40'><p align='center'>
Bound Sword"	"<font face'$HandwrittenFont'><font size='40'><p align='center'>
長劍塑形術"	Mysticism 2.4.2 CHT exact FormKey seed
00000CBB	3C758B:MysticismMagic.esp	BOOK	MAG_SpellTomeDwemerbane	FULL	0	Spell Tome: Dwemerbane	法術書：鍛莫泯滅術	Mysticism 2.4.2 CHT exact FormKey seed
00000CBC	3C758B:MysticismMagic.esp	BOOK	MAG_SpellTomeDwemerbane	DESC	0	"<font face'$HandwrittenFont'><font size='40'><p align='center'>
Dwemerbane"	"<font face'$HandwrittenFont'><font size='40'><p align='center'>
Dwemerbane"	Mysticism 2.4.2 CHT exact FormKey seed
00000CBD	3E0AA9:MysticismMagic.esp	BOOK	MAG_SpellTomeRegeneration	FULL	0	Spell Tome: Regeneration	法術書：再生術	Mysticism 2.4.2 CHT exact FormKey seed
00000CBE	3E0AA9:MysticismMagic.esp	BOOK	MAG_SpellTomeRegeneration	DESC	0	"<font face'$HandwrittenFont'><font size='40'><p align='center'>
Healing Light

"	"<font face'$HandwrittenFont'><font size='40'><p align='center'>
Healing Light

"	Mysticism 2.4.2 CHT exact FormKey seed
00000CBF	3E0AAB:MysticismMagic.esp	BOOK	MAG_SpellTomeGrandWard	FULL	0	Spell Tome: Grand Ward	法術書：高階結界術	Mysticism 2.4.2 CHT exact FormKey seed
00000CC0	3E0AAB:MysticismMagic.esp	BOOK	MAG_SpellTomeGrandWard	DESC	0	"<font face'$HandwrittenFont'><font size='40'><p align='center'>
Grand Ward

"	"<font face'$HandwrittenFont'><font size='40'><p align='center'>
高階結界術"	Mysticism 2.4.2 CHT exact FormKey seed
00000CC1	3E0AAF:MysticismMagic.esp	BOOK	MAG_SpellTomeAttunement	FULL	0	Spell Tome: Attunement	法術書：點化術	Mysticism 2.4.2 CHT exact FormKey seed
00000CC2	3E0AAF:MysticismMagic.esp	BOOK	MAG_SpellTomeAttunement	DESC	0	"<font face'$HandwrittenFont'><font size='40'><p align='center'>
Attunement"	"<font face'$HandwrittenFont'><font size='40'><p align='center'>
點化術"	Mysticism 2.4.2 CHT exact FormKey seed
00000CC3	3E0AB1:MysticismMagic.esp	BOOK	MAG_SpellTomeAugurofAetherius	FULL	0	Spell Tome: Augur of Aetherius	法術書：乙太的預言	Mysticism 2.4.2 CHT exact FormKey seed
00000CC4	3E0AB1:MysticismMagic.esp	BOOK	MAG_SpellTomeAugurofAetherius	DESC	0	"<font face'$HandwrittenFont'><font size='40'><p align='center'>
Augur of Aetherius"	"<font face'$HandwrittenFont'><font size='40'><p align='center'>
乙太的預言"	Mysticism 2.4.2 CHT exact FormKey seed
00000CC5	3E0AB4:MysticismMagic.esp	BOOK	MAG_SpellTomeCloseGreaterWounds	FULL	0	Spell Tome: Close Greater Wounds	法術書：進階癒合傷口	Mysticism 2.4.2 CHT exact FormKey seed
00000CC6	3E0AB4:MysticismMagic.esp	BOOK	MAG_SpellTomeCloseGreaterWounds	DESC	0	"<font face'$HandwrittenFont'><font size='40'><p align='center'>
Close Greater Wounds"	"<font face'$HandwrittenFont'><font size='40'><p align='center'>
Close Greater Wounds"	Mysticism 2.4.2 CHT exact FormKey seed
00000CC7	3E0AB5:MysticismMagic.esp	BOOK	MAG_SpellTomeGrandHealing	FULL	0	Spell Tome: Grand Healing	法術書：高階治療術	Mysticism 2.4.2 CHT exact FormKey seed
00000CC8	3E0AB5:MysticismMagic.esp	BOOK	MAG_SpellTomeGrandHealing	DESC	0	"<font face'$HandwrittenFont'><font size='40'><p align='center'>
Grand Healing"	"<font face'$HandwrittenFont'><font size='40'><p align='center'>
高階治療術"	Mysticism 2.4.2 CHT exact FormKey seed
00000CC9	3E0AB8:MysticismMagic.esp	BOOK	MAG_SpellTomeCureDisease	FULL	0	Spell Tome: Cure Disease	法術書：治療疾病	Mysticism 2.4.2 CHT exact FormKey seed
00000CCA	3E0AB8:MysticismMagic.esp	BOOK	MAG_SpellTomeCureDisease	DESC	0	"<font face'$HandwrittenFont'><font size='40'><p align='center'>
Cure Disease"	"<font face'$HandwrittenFont'><font size='40'><p align='center'>
治療疾病"	Mysticism 2.4.2 CHT exact FormKey seed
00000CCB	3E0AB9:MysticismMagic.esp	BOOK	MAG_SpellTomeSpelldrinker	FULL	0	Spell Tome: Spelldrinker	法術書：破魔術	Mysticism 2.4.2 CHT exact FormKey seed
00000CCC	3E0AB9:MysticismMagic.esp	BOOK	MAG_SpellTomeSpelldrinker	DESC	0	"<font face'$HandwrittenFont'><font size='40'><p align='center'>
Spelldrinker"	"<font face'$HandwrittenFont'><font size='40'><p align='center'>
Spelldrinker"	Mysticism 2.4.2 CHT exact FormKey seed
00000CCD	3E5C0C:MysticismMagic.esp	BOOK	MAG_SpellTomeNighteye	FULL	0	Spell Tome: Night Eye	法術書：夜視術	Mysticism 2.4.2 CHT exact FormKey seed
00000CCE	3E5C0C:MysticismMagic.esp	BOOK	MAG_SpellTomeNighteye	DESC	0	"<font face'$HandwrittenFont'><font size='40'><p align='center'>
Night Eye"	"<font face'$HandwrittenFont'><font size='40'><p align='center'>
夜視術"	Mysticism 2.4.2 CHT exact FormKey seed
00000CCF	3E5C0D:MysticismMagic.esp	BOOK	MAG_SpellTomeChameleon	FULL	0	Spell Tome: Chameleon	法術書：擬態術	Mysticism 2.4.2 CHT exact FormKey seed
00000CD0	3E5C0D:MysticismMagic.esp	BOOK	MAG_SpellTomeChameleon	DESC	0	"<font face'$HandwrittenFont'><font size='40'><p align='center'>
Chameleon"	"<font face'$HandwrittenFont'><font size='40'><p align='center'>
擬態術"	Mysticism 2.4.2 CHT exact FormKey seed
00000CD1	3E5C0F:MysticismMagic.esp	BOOK	MAG_SpellTomeCommand	FULL	0	Spell Tome: Command	法術書：命令術	Mysticism 2.4.2 CHT exact FormKey seed
00000CD2	3E5C0F:MysticismMagic.esp	BOOK	MAG_SpellTomeCommand	DESC	0	"<font face'$HandwrittenFont'><font size='40'><p align='center'>
Command"	"<font face'$HandwrittenFont'><font size='40'><p align='center'>
支配術"	Mysticism 2.4.2 CHT exact FormKey seed
00000CD3	3E5C10:MysticismMagic.esp	BOOK	MAG_SpellTomeCalmRune	FULL	0	Spell Tome: Calm Rune	法術書：安撫法印	Mysticism 2.4.2 CHT exact FormKey seed
00000CD4	3E5C10:MysticismMagic.esp	BOOK	MAG_SpellTomeCalmRune	DESC	0	"<font face'$HandwrittenFont'><font size='40'><p align='center'>
Calm Rune"	"<font face'$HandwrittenFont'><font size='40'><p align='center'>
安撫法印"	Mysticism 2.4.2 CHT exact FormKey seed
00000CD5	3E5C12:MysticismMagic.esp	BOOK	MAG_SpellTomeShroud	FULL	0	Spell Tome: Shroud	法術書：帷幕術	Mysticism 2.4.2 CHT exact FormKey seed
00000CD6	3E5C12:MysticismMagic.esp	BOOK	MAG_SpellTomeShroud	DESC	0	"<font face'$HandwrittenFont'><font size='40'><p align='center'>
Shroud"	"<font face'$HandwrittenFont'><font size='40'><p align='center'>
帷幕術"	Mysticism 2.4.2 CHT exact FormKey seed
00000CD7	3E5C13:MysticismMagic.esp	BOOK	MAG_SpellTomeMute	FULL	0	Spell Tome: Mute	法術書：沉默術	Mysticism 2.4.2 CHT exact FormKey seed
00000CD8	3E5C13:MysticismMagic.esp	BOOK	MAG_SpellTomeMute	DESC	0	"<font face'$HandwrittenFont'><font size='40'><p align='center'>
Mute"	"<font face'$HandwrittenFont'><font size='40'><p align='center'>
沉默術"	Mysticism 2.4.2 CHT exact FormKey seed
00000CD9	3E5C14:MysticismMagic.esp	BOOK	MAG_SpellTomeControl	FULL	0	Spell Tome: Control	法術書：控制術	Mysticism 2.4.2 CHT exact FormKey seed
00000CDA	3E5C14:MysticismMagic.esp	BOOK	MAG_SpellTomeControl	DESC	0	"<font face'$HandwrittenFont'><font size='40'><p align='center'>
Control"	"<font face'$HandwrittenFont'><font size='40'><p align='center'>
控制術"	Mysticism 2.4.2 CHT exact FormKey seed
00000CDB	3E5C15:MysticismMagic.esp	BOOK	MAG_SpellTomeSilenceRune	FULL	0	Spell Tome: Silence Rune	法術書：靜默法印	Mysticism 2.4.2 CHT exact FormKey seed
00000CDC	3E5C15:MysticismMagic.esp	BOOK	MAG_SpellTomeSilenceRune	DESC	0	"<font face'$HandwrittenFont'><font size='40'><p align='center'>
Silence Rune"	"<font face'$HandwrittenFont'><font size='40'><p align='center'>
靜默法印"	Mysticism 2.4.2 CHT exact FormKey seed
00000CDD	3E5C16:MysticismMagic.esp	BOOK	MAG_SpellTomeFearRune	FULL	0	Spell Tome: Fear Rune	法術書：懼逃法印	Mysticism 2.4.2 CHT exact FormKey seed
00000CDE	3E5C16:MysticismMagic.esp	BOOK	MAG_SpellTomeFearRune	DESC	0	"<font face'$HandwrittenFont'><font size='40'><p align='center'>
Fear Rune"	"<font face'$HandwrittenFont'><font size='40'><p align='center'>
懼逃法印"	Mysticism 2.4.2 CHT exact FormKey seed
00000CDF	3E5C17:MysticismMagic.esp	BOOK	MAG_SpellTomeCommandRune	FULL	0	Spell Tome: Command Rune	法術書：支配法印	Mysticism 2.4.2 CHT exact FormKey seed
00000CE0	3E5C17:MysticismMagic.esp	BOOK	MAG_SpellTomeCommandRune	DESC	0	"<font face'$HandwrittenFont'><font size='40'><p align='center'>
Command Rune"	"<font face'$HandwrittenFont'><font size='40'><p align='center'>
支配法印"	Mysticism 2.4.2 CHT exact FormKey seed
00000CE1	3E5C18:MysticismMagic.esp	BOOK	MAG_SpellTomeParalyzeRune	FULL	0	Spell Tome: Paralyze Rune	法術書：麻痺法印	Mysticism 2.4.2 CHT exact FormKey seed
00000CE2	3E5C18:MysticismMagic.esp	BOOK	MAG_SpellTomeParalyzeRune	DESC	0	"<font face'$HandwrittenFont'><font size='40'><p align='center'>
Paralyze Rune"	"<font face'$HandwrittenFont'><font size='40'><p align='center'>
Paralyze Rune"	Mysticism 2.4.2 CHT exact FormKey seed
00000CE3	3E5C1B:MysticismMagic.esp	BOOK	MAG_SpellTomeQuietude	FULL	0	Spell Tome: Quietude	法術書：寂謐術	Mysticism 2.4.2 CHT exact FormKey seed
00000CE4	3E5C1B:MysticismMagic.esp	BOOK	MAG_SpellTomeQuietude	DESC	0	"<font face'$HandwrittenFont'><font size='40'><p align='center'>
Quietude"	"<font face'$HandwrittenFont'><font size='40'><p align='center'>
Quietude"	Mysticism 2.4.2 CHT exact FormKey seed
00000CE5	3E5C1C:MysticismMagic.esp	BOOK	MAG_SpellTomeDomination	FULL	0	Spell Tome: Domination	法術書：支配術	Mysticism 2.4.2 CHT exact FormKey seed
00000CE6	3E5C1C:MysticismMagic.esp	BOOK	MAG_SpellTomeDomination	DESC	0	"<font face'$HandwrittenFont'><font size='40'><p align='center'>
Domination"	"<font face'$HandwrittenFont'><font size='40'><p align='center'>
支配術"	Mysticism 2.4.2 CHT exact FormKey seed
00000CE7	3E5C1D:MysticismMagic.esp	BOOK	MAG_SpellTomeDebilitation	FULL	0	Spell Tome: Debilitation	法術書：癱瘓術	Mysticism 2.4.2 CHT exact FormKey seed
00000CE8	3E5C1D:MysticismMagic.esp	BOOK	MAG_SpellTomeDebilitation	DESC	0	"<font face'$HandwrittenFont'><font size='40'><p align='center'>
Debilitation"	"<font face'$HandwrittenFont'><font size='40'><p align='center'>
Debilitation"	Mysticism 2.4.2 CHT exact FormKey seed
00000CE9	3E5C1E:MysticismMagic.esp	BOOK	MAG_SpellTomeGhostwalk	FULL	0	Spell Tome: Ghostwalk	法術書：靈行術	Mysticism 2.4.2 CHT exact FormKey seed
00000CEA	3E5C1E:MysticismMagic.esp	BOOK	MAG_SpellTomeGhostwalk	DESC	0	"<font face'$HandwrittenFont'><font size='40'><p align='center'>
Ghostwalk"	"<font face'$HandwrittenFont'><font size='40'><p align='center'>
靈行術"	Mysticism 2.4.2 CHT exact FormKey seed
00000CEB	3E5C1F:MysticismMagic.esp	BOOK	MAG_SpellTomeSanctuary	FULL	0	Spell Tome: Sanctuary	法術書：避禍聖所術	Mysticism 2.4.2 CHT exact FormKey seed
00000CEC	3E5C1F:MysticismMagic.esp	BOOK	MAG_SpellTomeSanctuary	DESC	0	"<font face'$HandwrittenFont'><font size='40'><p align='center'>
Sanctuary"	"<font face'$HandwrittenFont'><font size='40'><p align='center'>
避禍聖所術"	Mysticism 2.4.2 CHT exact FormKey seed
00000CED	45536F:MysticismMagic.esp	BOOK	MAG_SpellTomeMark	FULL	0	Spell Tome: Mark	法術書：標記術	Mysticism 2.4.2 CHT exact FormKey seed
00000CEE	45536F:MysticismMagic.esp	BOOK	MAG_SpellTomeMark	DESC	0	"<font face'$HandwrittenFont'><font size='40'><p align='center'>
Mark"	"<font face'$HandwrittenFont'><font size='40'><p align='center'>
標記術"	Mysticism 2.4.2 CHT exact FormKey seed
00000CEF	455371:MysticismMagic.esp	BOOK	MAG_SpellTomeRecall	FULL	0	Spell Tome: Recall	法術書：返回術	Mysticism 2.4.2 CHT exact FormKey seed
00000CF0	455371:MysticismMagic.esp	BOOK	MAG_SpellTomeRecall	DESC	0	"<font face'$HandwrittenFont'><font size='40'><p align='center'>
Recall"	"<font face'$HandwrittenFont'><font size='40'><p align='center'>
返回術"	Mysticism 2.4.2 CHT exact FormKey seed
00000CF1	46469C:MysticismMagic.esp	BOOK	MAG_SpellTomeFlameTempest	FULL	0	Spell Tome: Flame Tempest	法術書：烈焰焚天術	Mysticism 2.4.2 CHT exact FormKey seed
00000CF2	46469C:MysticismMagic.esp	BOOK	MAG_SpellTomeFlameTempest	DESC	0	"<font face'$HandwrittenFont'><font size='40'><p align='center'>
Flames Tempest
"	"<font face'$HandwrittenFont'><font size='40'><p align='center'>
Flames Tempest
"	Mysticism 2.4.2 CHT exact FormKey seed
00000CF3	46469D:MysticismMagic.esp	BOOK	MAG_SpellTomeStormblast	FULL	0	Spell Tome: Stormblast	法術書：天鳴雷轟術	Mysticism 2.4.2 CHT exact FormKey seed
00000CF4	46469D:MysticismMagic.esp	BOOK	MAG_SpellTomeStormblast	DESC	0	"<font face'$HandwrittenFont'><font size='40'><p align='center'>
Stormblast"	"<font face'$HandwrittenFont'><font size='40'><p align='center'>
天鳴雷轟術"	Mysticism 2.4.2 CHT exact FormKey seed
00000CF5	478AAA:MysticismMagic.esp	BOOK	MAG_SpellTomeVampiricBlast	FULL	0	Spell Tome: Vampiric Blast	法術書：茹血狂宴術	Mysticism 2.4.2 CHT exact FormKey seed
00000CF6	478AAA:MysticismMagic.esp	BOOK	MAG_SpellTomeVampiricBlast	DESC	0	"<font face'$HandwrittenFont'><font size='40'><p align='center'>
Vampiric Blast"	"<font face'$HandwrittenFont'><font size='40'><p align='center'>
Vampiric Blast"	Mysticism 2.4.2 CHT exact FormKey seed
00000CF7	478AAB:MysticismMagic.esp	BOOK	MAG_SpellTomeScionsEmbrace	FULL	0	Spell Tome: Scion's Embrace	法術書：血裔之擁	Mysticism 2.4.2 CHT exact FormKey seed
00000CF8	478AAB:MysticismMagic.esp	BOOK	MAG_SpellTomeScionsEmbrace	DESC	0	"<font face'$HandwrittenFont'><font size='40'><p align='center'>
Scion's Embrace"	"<font face'$HandwrittenFont'><font size='40'><p align='center'>
Scion's Embrace"	Mysticism 2.4.2 CHT exact FormKey seed
00000CF9	478AAC:MysticismMagic.esp	BOOK	MAG_SpellTomeLeechLife	FULL	0	Spell Tome: Leech Life	法術書：汲取生命	Mysticism 2.4.2 CHT exact FormKey seed
00000CFA	478AAC:MysticismMagic.esp	BOOK	MAG_SpellTomeLeechLife	DESC	0	"<font face'$HandwrittenFont'><font size='40'><p align='center'>
Leech Life"	"<font face'$HandwrittenFont'><font size='40'><p align='center'>
Leech Life"	Mysticism 2.4.2 CHT exact FormKey seed
00000CFB	478AAD:MysticismMagic.esp	BOOK	MAG_SpellTomeSapEssence	FULL	0	Spell Tome: Sap Essence	法術書：榨取元氣	Mysticism 2.4.2 CHT exact FormKey seed
00000CFC	478AAD:MysticismMagic.esp	BOOK	MAG_SpellTomeSapEssence	DESC	0	"<font face'$HandwrittenFont'><font size='40'><p align='center'>
Sap Essence"	"<font face'$HandwrittenFont'><font size='40'><p align='center'>
榨取元氣"	Mysticism 2.4.2 CHT exact FormKey seed
00000CFD	478AAE:MysticismMagic.esp	BOOK	MAG_SpellTomeDrainStamina	FULL	0	Spell Tome: Drain Stamina	法術書：吸食耐力	Mysticism 2.4.2 CHT exact FormKey seed
00000CFE	478AAE:MysticismMagic.esp	BOOK	MAG_SpellTomeDrainStamina	DESC	0	"<font face'$HandwrittenFont'><font size='40'><p align='center'>
Drain Stamina"	"<font face'$HandwrittenFont'><font size='40'><p align='center'>
Drain Stamina"	Mysticism 2.4.2 CHT exact FormKey seed
00000CFF	478AB3:MysticismMagic.esp	BOOK	MAG_SpellTomeDrainLife	FULL	0	Spell Tome: Drain Life	法術書：生命掠奪	Mysticism 2.4.2 CHT exact FormKey seed
00000D00	478AB3:MysticismMagic.esp	BOOK	MAG_SpellTomeDrainLife	DESC	0	"<font face'$HandwrittenFont'><font size='40'><p align='center'>
Drain Life"	"<font face'$HandwrittenFont'><font size='40'><p align='center'>
生命掠奪"	Mysticism 2.4.2 CHT exact FormKey seed
00000D01	478AB4:MysticismMagic.esp	BOOK	MAG_SpellTomeDrainMagicka	FULL	0	Spell Tome: Drain Magicka	法術書：吸食法力	Mysticism 2.4.2 CHT exact FormKey seed
00000D02	478AB4:MysticismMagic.esp	BOOK	MAG_SpellTomeDrainMagicka	DESC	0	"<font face'$HandwrittenFont'><font size='40'><p align='center'>
Drain Magicka"	"<font face'$HandwrittenFont'><font size='40'><p align='center'>
Drain Magicka"	Mysticism 2.4.2 CHT exact FormKey seed
00000D03	478AB5:MysticismMagic.esp	BOOK	MAG_SpellTomeSiphonSpirit	FULL	0	Spell Tome: Siphon Spirit	法術書：靈魂虹吸	Mysticism 2.4.2 CHT exact FormKey seed
00000D04	478AB5:MysticismMagic.esp	BOOK	MAG_SpellTomeSiphonSpirit	DESC	0	"<font face'$HandwrittenFont'><font size='40'><p align='center'>
Siphon Spirit"	"<font face'$HandwrittenFont'><font size='40'><p align='center'>
Siphon Spirit"	Mysticism 2.4.2 CHT exact FormKey seed
00000D05	478AB7:MysticismMagic.esp	BOOK	MAG_SpellTomeLeechMagicka	FULL	0	Spell Tome: Leech Magicka	法術書：汲取法力	Mysticism 2.4.2 CHT exact FormKey seed
00000D06	478AB7:MysticismMagic.esp	BOOK	MAG_SpellTomeLeechMagicka	DESC	0	"<font face'$HandwrittenFont'><font size='40'><p align='center'>
Leech Magicka"	"<font face'$HandwrittenFont'><font size='40'><p align='center'>
Leech Magicka"	Mysticism 2.4.2 CHT exact FormKey seed
00000D07	478AB8:MysticismMagic.esp	BOOK	MAG_SpellTomeHoarfrost	FULL	0	Spell Tome: Hoarfrost	法術書：白霜	Mysticism 2.4.2 CHT exact FormKey seed
00000D08	478AB8:MysticismMagic.esp	BOOK	MAG_SpellTomeHoarfrost	DESC	0	"<font face'$HandwrittenFont'><font size='40'><p align='center'>
Hoarfrost"	"<font face'$HandwrittenFont'><font size='40'><p align='center'>
Hoarfrost"	Mysticism 2.4.2 CHT exact FormKey seed
00000D09	482CE5:MysticismMagic.esp	BOOK	MAG_SpellTomeStendarrsMercy	FULL	0	Spell Tome: Stendarr's Mercy	法術書：斯丹達爾的慈悲	Mysticism 2.4.2 CHT exact FormKey seed
00000D0A	482CE5:MysticismMagic.esp	BOOK	MAG_SpellTomeStendarrsMercy	DESC	0	"<font face'$HandwrittenFont'><font size='40'><p align='center'>
Stendarr's Mercy"	"<font face'$HandwrittenFont'><font size='40'><p align='center'>
Stendarr's Mercy"	Mysticism 2.4.2 CHT exact FormKey seed
00000D0B	48CF05:MysticismMagic.esp	BOOK	MAG_SpellTomeVenomfang	FULL	0	Spell Tome: Venomfang	法術書：毒噬術	Mysticism 2.4.2 CHT exact FormKey seed
00000D0C	48CF05:MysticismMagic.esp	BOOK	MAG_SpellTomeVenomfang	DESC	0	"<font face'$HandwrittenFont'><font size='40'><p align='center'>
Venomfang"	"<font face'$HandwrittenFont'><font size='40'><p align='center'>
毒噬術"	Mysticism 2.4.2 CHT exact FormKey seed
00000D0D	48CF0E:MysticismMagic.esp	BOOK	MAG_SpellTomeEclipse	FULL	0	Spell Tome: Eclipse	法術書：日蝕術	Mysticism 2.4.2 CHT exact FormKey seed
00000D0E	48CF0E:MysticismMagic.esp	BOOK	MAG_SpellTomeEclipse	DESC	0	"<font face'$HandwrittenFont'><font size='40'><p align='center'>
Eclipse"	"<font face'$HandwrittenFont'><font size='40'><p align='center'>
日蝕術"	Mysticism 2.4.2 CHT exact FormKey seed
00000D0F	4B0632:MysticismMagic.esp	BOOK	MAG_SpellTomePanic	FULL	0	Spell Tome: Panic	法術書：驚慌術	Mysticism 2.4.2 CHT exact FormKey seed
00000D10	4B0632:MysticismMagic.esp	BOOK	MAG_SpellTomePanic	DESC	0	"<font face'$HandwrittenFont'><font size='40'><p align='center'>
Panic"	"<font face'$HandwrittenFont'><font size='40'><p align='center'>
驚慌術"	Mysticism 2.4.2 CHT exact FormKey seed
00000D11	4B0633:MysticismMagic.esp	BOOK	MAG_SpellTomeHush	FULL	0	Spell Tome: Hush	法術書：啞口術	Mysticism 2.4.2 CHT exact FormKey seed
00000D12	4B0633:MysticismMagic.esp	BOOK	MAG_SpellTomeHush	DESC	0	"<font face'$HandwrittenFont'><font size='40'><p align='center'>
Hush"	"<font face'$HandwrittenFont'><font size='40'><p align='center'>
啞口術"	Mysticism 2.4.2 CHT exact FormKey seed
00000D13	4B0635:MysticismMagic.esp	BOOK	MAG_SpellTomeWrath	FULL	0	Spell Tome: Wrath	法術書：憤怒術	Mysticism 2.4.2 CHT exact FormKey seed
00000D14	4B0635:MysticismMagic.esp	BOOK	MAG_SpellTomeWrath	DESC	0	"<font face'$HandwrittenFont'><font size='40'><p align='center'>
Wrath"	"<font face'$HandwrittenFont'><font size='40'><p align='center'>
憤怒術"	Mysticism 2.4.2 CHT exact FormKey seed
00000D15	4B063D:MysticismMagic.esp	BOOK	MAG_SpellTomeSoothe	FULL	0	Spell Tome: Soothe	法術書：舒緩術	Mysticism 2.4.2 CHT exact FormKey seed
00000D16	4B063D:MysticismMagic.esp	BOOK	MAG_SpellTomeSoothe	DESC	0	"<font face'$HandwrittenFont'><font size='40'><p align='center'>
Soothe"	"<font face'$HandwrittenFont'><font size='40'><p align='center'>
舒緩術"	Mysticism 2.4.2 CHT exact FormKey seed
00000D17	4B063F:MysticismMagic.esp	BOOK	MAG_SpellTomeHypnotize	FULL	0	Spell Tome: Hypnotize	法術書：催眠術	Mysticism 2.4.2 CHT exact FormKey seed
00000D18	4B063F:MysticismMagic.esp	BOOK	MAG_SpellTomeHypnotize	DESC	0	"<font face'$HandwrittenFont'><font size='40'><p align='center'>
Hypnotize "	"<font face'$HandwrittenFont'><font size='40'><p align='center'>
Hypnotize "	Mysticism 2.4.2 CHT exact FormKey seed
00000D19	4B0649:MysticismMagic.esp	BOOK	MAG_SpellTomeTheUnwelcomeGuest	FULL	0	Spell Tome: The Unwelcome Guest	法術書：不請自來	Mysticism 2.4.2 CHT exact FormKey seed
00000D1A	4B0649:MysticismMagic.esp	BOOK	MAG_SpellTomeTheUnwelcomeGuest	DESC	0	"<font face'$HandwrittenFont'><font size='40'><p align='center'>
The Unwelcome Guest"	"<font face'$HandwrittenFont'><font size='40'><p align='center'>
不請自來"	Mysticism 2.4.2 CHT exact FormKey seed
00000D1B	4B067E:MysticismMagic.esp	BOOK	MAG_SpellTomeShalidorsBeacon	FULL	0	Spell Tome: Shalidor's Beacon	法術書：沙利多的信標	Mysticism 2.4.2 CHT exact FormKey seed
00000D1C	4B067E:MysticismMagic.esp	BOOK	MAG_SpellTomeShalidorsBeacon	DESC	0	"<font face'$HandwrittenFont'><font size='40'><p align='center'>
Shalidor's Beacon"	"<font face'$HandwrittenFont'><font size='40'><p align='center'>
沙利多的信標"	Mysticism 2.4.2 CHT exact FormKey seed
00000D1D	3C7582:MysticismMagic.esp	BOOK	MAG_SpellTomeSlowfall	FULL	0	Spell Tome: Slowfall	法術書：緩落術	Mysticism 2.4.2 CHT exact FormKey seed
00000D1E	3C7582:MysticismMagic.esp	BOOK	MAG_SpellTomeSlowfall	DESC	0	"<font face'$HandwrittenFont'><font size='40'><p align='center'>
Slowfall"	"<font face'$HandwrittenFont'><font size='40'><p align='center'>
緩落術"	Mysticism 2.4.2 CHT exact FormKey seed
00000D1F	4B0684:MysticismMagic.esp	BOOK	MAG_SpellTomeCinderStorm	FULL	0	Spell Tome: Cinder Storm	法術書：漫天燼封術	Mysticism 2.4.2 CHT exact FormKey seed
00000D20	4B0684:MysticismMagic.esp	BOOK	MAG_SpellTomeCinderStorm	DESC	0	"<font face'$HandwrittenFont'><font size='40'><p align='center'>
Cinder Storm"	"<font face'$HandwrittenFont'><font size='40'><p align='center'>
漫天燼封術"	Mysticism 2.4.2 CHT exact FormKey seed
00000D21	4E312A:MysticismMagic.esp	BOOK	MAG_SpellTomeConjureSkeleton	FULL	0	Spell Tome: Conjure Skeleton	法術書：骷髏召喚術	Mysticism 2.4.2 CHT exact FormKey seed
00000D22	4E312A:MysticismMagic.esp	BOOK	MAG_SpellTomeConjureSkeleton	DESC	0	"<font face'$HandwrittenFont'><font size='40'><p align='center'>
Conjure Skeleton"	"<font face'$HandwrittenFont'><font size='40'><p align='center'>
骷髏召喚術"	Mysticism 2.4.2 CHT exact FormKey seed
00000D23	4E312B:MysticismMagic.esp	BOOK	MAG_SpellTomeConjureSpectralDireWolf	FULL	0	Spell Tome: Conjure Spectral Dire Wolf	法術書：幽靈惡狼召喚術	Mysticism 2.4.2 CHT exact FormKey seed
00000D24	4E312B:MysticismMagic.esp	BOOK	MAG_SpellTomeConjureSpectralDireWolf	DESC	0	"<font face'$HandwrittenFont'><font size='40'><p align='center'>
Conjure Spectral Dire Wolf"	"<font face'$HandwrittenFont'><font size='40'><p align='center'>
幽靈惡狼召喚術"	Mysticism 2.4.2 CHT exact FormKey seed
00000D25	4E312C:MysticismMagic.esp	BOOK	MAG_SpellTomeConjureDremoraWarrior	FULL	0	Spell Tome: Conjure Dremora Warrior	法術書：魔人戰士召喚術	Mysticism 2.4.2 CHT exact FormKey seed
00000D26	4E312C:MysticismMagic.esp	BOOK	MAG_SpellTomeConjureDremoraWarrior	DESC	0	"<font face'$HandwrittenFont'><font size='40'><p align='center'>
Conjure Dremora Warrior"	"<font face'$HandwrittenFont'><font size='40'><p align='center'>
魔人戰士召喚術"	Mysticism 2.4.2 CHT exact FormKey seed
00000D27	4E312D:MysticismMagic.esp	BOOK	MAG_SpellTomeConjureSkeletonArcher	FULL	0	Spell Tome: Conjure Skeleton Archer	法術書：骷髏弓箭手召喚術	Mysticism 2.4.2 CHT exact FormKey seed
00000D28	4E312D:MysticismMagic.esp	BOOK	MAG_SpellTomeConjureSkeletonArcher	DESC	0	"<font face'$HandwrittenFont'><font size='40'><p align='center'>
Conjure Skeleton Archer"	"<font face'$HandwrittenFont'><font size='40'><p align='center'>
骷髏弓箭手召喚術"	Mysticism 2.4.2 CHT exact FormKey seed
00000D29	4E312F:MysticismMagic.esp	BOOK	MAG_SpellTomeConjureSpectralSabreCat	FULL	0	Spell Tome: Conjure Spectral Sabre Cat	法術書：幽靈劍齒虎召喚術	Mysticism 2.4.2 CHT exact FormKey seed
00000D2A	4E312F:MysticismMagic.esp	BOOK	MAG_SpellTomeConjureSpectralSabreCat	DESC	0	"<font face'$HandwrittenFont'><font size='40'><p align='center'>
Conjure Spectral Sabre Cat"	"<font face'$HandwrittenFont'><font size='40'><p align='center'>
幽靈劍齒虎召喚術"	Mysticism 2.4.2 CHT exact FormKey seed
00000D2B	4E3131:MysticismMagic.esp	BOOK	MAG_SpellTomeConjureSkeletonMage	FULL	0	Spell Tome: Conjure Skeleton Mage	法術書：骷髏法師召喚術	Mysticism 2.4.2 CHT exact FormKey seed
00000D2C	4E3131:MysticismMagic.esp	BOOK	MAG_SpellTomeConjureSkeletonMage	DESC	0	"<font face'$HandwrittenFont'><font size='40'><p align='center'>
Conjure Skeleton Mage"	"<font face'$HandwrittenFont'><font size='40'><p align='center'>
骷髏法師召喚術"	Mysticism 2.4.2 CHT exact FormKey seed
00000D2D	4E3133:MysticismMagic.esp	BOOK	MAG_SpellTomeConjureAncestralGuardian	FULL	0	Spell Tome: Conjure Ancestral Guardian	法術書：先祖護衛者召喚術	Mysticism 2.4.2 CHT exact FormKey seed
00000D2E	4E3133:MysticismMagic.esp	BOOK	MAG_SpellTomeConjureAncestralGuardian	DESC	0	"<font face'$HandwrittenFont'><font size='40'><p align='center'>
Conjure Ancestral Guardian"	"<font face'$HandwrittenFont'><font size='40'><p align='center'>
先祖護衛者召喚術"	Mysticism 2.4.2 CHT exact FormKey seed
00000D2F	4E3134:MysticismMagic.esp	BOOK	MAG_SpellTomeConjureDwarvenSpider	FULL	0	Spell Tome: Conjure Dwarven Spider	法術書：矮人蜘蛛召喚術	Mysticism 2.4.2 CHT exact FormKey seed
00000D30	4E3134:MysticismMagic.esp	BOOK	MAG_SpellTomeConjureDwarvenSpider	DESC	0	"<font face'$HandwrittenFont'><font size='40'><p align='center'>
Conjure Dwarven Spider"	"<font face'$HandwrittenFont'><font size='40'><p align='center'>
矮人蜘蛛召喚術"	Mysticism 2.4.2 CHT exact FormKey seed
00000D31	4E3137:MysticismMagic.esp	BOOK	MAG_SpellTomeConjureSpectralBear	FULL	0	Spell Tome: Conjure Spectral Bear	法術書：幽靈熊召喚術	Mysticism 2.4.2 CHT exact FormKey seed
00000D32	4E3137:MysticismMagic.esp	BOOK	MAG_SpellTomeConjureSpectralBear	DESC	0	"<font face'$HandwrittenFont'><font size='40'><p align='center'>
Conjure Spectral Bear"	"<font face'$HandwrittenFont'><font size='40'><p align='center'>
幽靈熊召喚術"	Mysticism 2.4.2 CHT exact FormKey seed
00000D33	4E3138:MysticismMagic.esp	BOOK	MAG_SpellTomeConjureSpectralSteed	FULL	0	Spell Tome: Conjure Spectral Steed	法術書：幽靈戰馬召喚術	Mysticism 2.4.2 CHT exact FormKey seed
00000D34	4E3138:MysticismMagic.esp	BOOK	MAG_SpellTomeConjureSpectralSteed	DESC	0	"<font face'$HandwrittenFont'><font size='40'><p align='center'>
Conjure Spectral Steed"	"<font face'$HandwrittenFont'><font size='40'><p align='center'>
Conjure Spectral Steed"	Mysticism 2.4.2 CHT exact FormKey seed
00000D35	4E3139:MysticismMagic.esp	BOOK	MAG_SpellTomeConjureDremoraWarlock	FULL	0	Spell Tome: Conjure Dremora Warlock	法術書：魔人術士召喚術	Mysticism 2.4.2 CHT exact FormKey seed
00000D36	4E3139:MysticismMagic.esp	BOOK	MAG_SpellTomeConjureDremoraWarlock	DESC	0	"<font face'$HandwrittenFont'><font size='40'><p align='center'>
Conjure Dremora Warlock"	"<font face'$HandwrittenFont'><font size='40'><p align='center'>
魔人術士召喚術"	Mysticism 2.4.2 CHT exact FormKey seed
00000D37	4E313A:MysticismMagic.esp	BOOK	MAG_SpellTomeConjureSkeletonWarrior	FULL	0	Spell Tome: Conjure Skeleton Warrior	法術書：骷髏戰士召喚術	Mysticism 2.4.2 CHT exact FormKey seed
00000D38	4E313A:MysticismMagic.esp	BOOK	MAG_SpellTomeConjureSkeletonWarrior	DESC	0	"<font face'$HandwrittenFont'><font size='40'><p align='center'>
Conjure Skeleton Warrior"	"<font face'$HandwrittenFont'><font size='40'><p align='center'>
骷髏戰士召喚術"	Mysticism 2.4.2 CHT exact FormKey seed
00000D39	4E313C:MysticismMagic.esp	BOOK	MAG_SpellTomeConjureHighSeeker	FULL	0	Spell Tome: Conjure High Seeker	法術書：高階識巡者召喚術	Mysticism 2.4.2 CHT exact FormKey seed
00000D3A	4E313C:MysticismMagic.esp	BOOK	MAG_SpellTomeConjureHighSeeker	DESC	0	"<font face'$HandwrittenFont'><font size='40'><p align='center'>
Conjure High Seeker"	"<font face'$HandwrittenFont'><font size='40'><p align='center'>
高階識巡者召喚術"	Mysticism 2.4.2 CHT exact FormKey seed
00000D3B	4E313D:MysticismMagic.esp	BOOK	MAG_SpellTomeConjureAncestralWizard	FULL	0	Spell Tome: Conjure Ancestral Wizard	法術書：先祖法師召喚術	Mysticism 2.4.2 CHT exact FormKey seed
00000D3C	4E313D:MysticismMagic.esp	BOOK	MAG_SpellTomeConjureAncestralWizard	DESC	0	"<font face'$HandwrittenFont'><font size='40'><p align='center'>
Conjure Ancestral Wizard"	"<font face'$HandwrittenFont'><font size='40'><p align='center'>
先祖法師召喚術"	Mysticism 2.4.2 CHT exact FormKey seed
00000D3D	4E3142:MysticismMagic.esp	BOOK	MAG_SpellTomeConjureSkeletonChampion	FULL	0	Spell Tome: Conjure Skeleton Champion	法術書：骷髏霸主召喚術	Mysticism 2.4.2 CHT exact FormKey seed
00000D3E	4E3142:MysticismMagic.esp	BOOK	MAG_SpellTomeConjureSkeletonChampion	DESC	0	"<font face'$HandwrittenFont'><font size='40'><p align='center'>
Conjure Skeleton Champion"	"<font face'$HandwrittenFont'><font size='40'><p align='center'>
Conjure Skeleton Champion"	Mysticism 2.4.2 CHT exact FormKey seed
00000D3F	4E3145:MysticismMagic.esp	BOOK	MAG_SpellTomeConjureAshHusk	FULL	0	Spell Tome: Conjure Ash Husk	法術書：凝灰犬召喚術	Mysticism 2.4.2 CHT exact FormKey seed
00000D40	4E3145:MysticismMagic.esp	BOOK	MAG_SpellTomeConjureAshHusk	DESC	0	"<font face'$HandwrittenFont'><font size='40'><p align='center'>
Conjure Ash Husk"	"<font face'$HandwrittenFont'><font size='40'><p align='center'>
凝灰犬召喚術"	Mysticism 2.4.2 CHT exact FormKey seed
00000D41	4E3146:MysticismMagic.esp	BOOK	MAG_SpellTomeConjureAncestralAssassin	FULL	0	Spell Tome: Conjure Ancestral Assassin	法術書：先祖刺客召喚術	Mysticism 2.4.2 CHT exact FormKey seed
00000D42	4E3146:MysticismMagic.esp	BOOK	MAG_SpellTomeConjureAncestralAssassin	DESC	0	"<font face'$HandwrittenFont'><font size='40'><p align='center'>
Conjure Ancestral Assassin
"	"<font face'$HandwrittenFont'><font size='40'><p align='center'>
先祖刺客召喚術"	Mysticism 2.4.2 CHT exact FormKey seed
00000D43	4E314C:MysticismMagic.esp	BOOK	MAG_SpellTomePlanarAnchor	FULL	0	Spell Tome: Planar Anchor	法術書：座標錨	Mysticism 2.4.2 CHT exact FormKey seed
00000D44	4E314C:MysticismMagic.esp	BOOK	MAG_SpellTomePlanarAnchor	DESC	0	"<font face'$HandwrittenFont'><font size='40'><p align='center'>
Planar Anchor"	"<font face'$HandwrittenFont'><font size='40'><p align='center'>
座標錨"	Mysticism 2.4.2 CHT exact FormKey seed
00000D45	4E314D:MysticismMagic.esp	BOOK	MAG_SpellTomeTranslimination	FULL	0	Spell Tome: Translimination	法術書：座標傳送術	Mysticism 2.4.2 CHT exact FormKey seed
00000D46	4E314D:MysticismMagic.esp	BOOK	MAG_SpellTomeTranslimination	DESC	0	"<font face'$HandwrittenFont'><font size='40'><p align='center'>
Translimination"	"<font face'$HandwrittenFont'><font size='40'><p align='center'>
座標傳送術"	Mysticism 2.4.2 CHT exact FormKey seed
00000D47	4E314F:MysticismMagic.esp	BOOK	MAG_SpellTomeConjureSpectralManbeast	FULL	0	Spell Tome: Conjure Spectral Manbeast	法術書：幽靈獸化人召喚術	Mysticism 2.4.2 CHT exact FormKey seed
00000D48	4E314F:MysticismMagic.esp	BOOK	MAG_SpellTomeConjureSpectralManbeast	DESC	0	"<font face'$HandwrittenFont'><font size='40'><p align='center'>
Conjure Spectral Manbeast"	"<font face'$HandwrittenFont'><font size='40'><p align='center'>
幽靈獸化人召喚術"	Mysticism 2.4.2 CHT exact FormKey seed
00000D49	4F758F:MysticismMagic.esp	BOOK	MAG_SpellTomeDetectAll	FULL	0	Spell Tome: Detect All	法術書：全感知術	Mysticism 2.4.2 CHT exact FormKey seed
00000D4A	4F758F:MysticismMagic.esp	BOOK	MAG_SpellTomeDetectAll	DESC	0	"<font face'$HandwrittenFont'><font size='40'><p align='center'>
Detect All"	"<font face'$HandwrittenFont'><font size='40'><p align='center'>
Detect All"	Mysticism 2.4.2 CHT exact FormKey seed
00000D4B	515B98:MysticismMagic.esp	BOOK	MAG_SpellTomeCloseWounds	FULL	0	Spell Tome: Close Wounds	法術書：癒合傷口	Mysticism 2.4.2 CHT exact FormKey seed
00000D4C	515B98:MysticismMagic.esp	BOOK	MAG_SpellTomeCloseWounds	DESC	0	"<font face'$HandwrittenFont'><font size='40'><p align='center'>
Close Wounds

"	"<font face'$HandwrittenFont'><font size='40'><p align='center'>
Close Wounds

"	Mysticism 2.4.2 CHT exact FormKey seed
00000D4D	705EB3:MysticismMagic.esp	BOOK	MAG_SpellTomeVanish	FULL	0	Spell Tome: Vanish	法術書：消失術	Mysticism 2.4.2 CHT exact FormKey seed
00000D4E	705EB3:MysticismMagic.esp	BOOK	MAG_SpellTomeVanish	DESC	0	"<font face'$HandwrittenFont'><font size='40'><p align='center'>
Vanish"	"<font face'$HandwrittenFont'><font size='40'><p align='center'>
消失術"	Mysticism 2.4.2 CHT exact FormKey seed
00000D4F	78E9F8:MysticismMagic.esp	BOOK	MAG_SpellTomeRadiantSunbeam	FULL	0	Spell Tome: Radiant Sunbeam	法術書：烈日光束	Mysticism 2.4.2 CHT exact FormKey seed
00000D50	78E9F8:MysticismMagic.esp	BOOK	MAG_SpellTomeRadiantSunbeam	DESC	0	"<font face'$HandwrittenFont'><font size='40'><p align='center'>
Radiant Sunbeam"	"<font face'$HandwrittenFont'><font size='40'><p align='center'>
烈日光束"	Mysticism 2.4.2 CHT exact FormKey seed
00000D51	7D5825:MysticismMagic.esp	BOOK	MAG_SpellTomeArkaysLight	FULL	0	Spell Tome: Arkay's Light	法術書：阿爾凱之光	Mysticism 2.4.2 CHT exact FormKey seed
00000D52	7D5825:MysticismMagic.esp	BOOK	MAG_SpellTomeArkaysLight	DESC	0	"<font face'$HandwrittenFont'><font size='40'><p align='center'>
Arkay's Light"	"<font face'$HandwrittenFont'><font size='40'><p align='center'>
阿爾凱之光"	Mysticism 2.4.2 CHT exact FormKey seed
00000D53	7DA929:MysticismMagic.esp	BOOK	MAG_SpellTomeDisintegrateWeapon	FULL	0	Spell Tome: Disintegrate Weapon	法術書：瓦解武器術	Mysticism 2.4.2 CHT exact FormKey seed
00000D54	7DA929:MysticismMagic.esp	BOOK	MAG_SpellTomeDisintegrateWeapon	DESC	0	"<font face'$HandwrittenFont'><font size='40'><p align='center'>
Disintegrate Weapon"	"<font face'$HandwrittenFont'><font size='40'><p align='center'>
瓦解武器術"	Mysticism 2.4.2 CHT exact FormKey seed
00000D55	8AF367:MysticismMagic.esp	BOOK	MAG_SpellTomeSwiftSwim	FULL	0	Spell Tome: Swift Swim	法術書：速泳術	Mysticism 2.4.2 CHT exact FormKey seed
00000D56	8AF367:MysticismMagic.esp	BOOK	MAG_SpellTomeSwiftSwim	DESC	0	"<font face'$HandwrittenFont'><font size='40'><p align='center'>
Swift Swim"	"<font face'$HandwrittenFont'><font size='40'><p align='center'>
Swift Swim"	Mysticism 2.4.2 CHT exact FormKey seed
00000D57	8C3768:MysticismMagic.esp	BOOK	MAG_SpellTomeDestroyConstruct	FULL	0	Spell Tome: Destroy Construct	法術書：構裝體破壞術	Mysticism 2.4.2 CHT exact FormKey seed
00000D58	8C3768:MysticismMagic.esp	BOOK	MAG_SpellTomeDestroyConstruct	DESC	0	"<font face'$HandwrittenFont'><font size='40'><p align='center'>
Destroy Construct"	"<font face'$HandwrittenFont'><font size='40'><p align='center'>
構裝體破壞術"	Mysticism 2.4.2 CHT exact FormKey seed
00000D59	9AC5D5:MysticismMagic.esp	BOOK	MAG_SpellTomeRadiantSunlightRune	FULL	0	Spell Tome: Radiant Sunlight Rune	法術書：烈日法印	Mysticism 2.4.2 CHT exact FormKey seed
00000D5A	9AC5D5:MysticismMagic.esp	BOOK	MAG_SpellTomeRadiantSunlightRune	DESC	0	"<font face'$HandwrittenFont'><font size='40'><p align='center'>
Radiant Sunlight Rune"	"<font face'$HandwrittenFont'><font size='40'><p align='center'>
烈日"	Mysticism 2.4.2 CHT exact FormKey seed
00000D5B	9AC5D6:MysticismMagic.esp	BOOK	MAG_SpellTomePoisonSpray	FULL	0	Spell Tome: Poison Spray	法術書：毒液噴射	Mysticism 2.4.2 CHT exact FormKey seed
00000D5C	9AC5D6:MysticismMagic.esp	BOOK	MAG_SpellTomePoisonSpray	DESC	0	"<font face'$HandwrittenFont'><font size='40'><p align='center'>
Poison Spray"	"<font face'$HandwrittenFont'><font size='40'><p align='center'>
Poison Spray"	Mysticism 2.4.2 CHT exact FormKey seed
00000D5D	9AC5D8:MysticismMagic.esp	BOOK	MAG_SpellTomeDeadlyPoisonSpray	FULL	0	Spell Tome: Deadly Poison Spray	法術書：猛毒噴射	Mysticism 2.4.2 CHT exact FormKey seed
00000D5E	9AC5D8:MysticismMagic.esp	BOOK	MAG_SpellTomeDeadlyPoisonSpray	DESC	0	"<font face'$HandwrittenFont'><font size='40'><p align='center'>
Deadly Poison Spray"	"<font face'$HandwrittenFont'><font size='40'><p align='center'>
猛毒噴射"	Mysticism 2.4.2 CHT exact FormKey seed
00000D5F	9AC5DA:MysticismMagic.esp	BOOK	MAG_SpellTomeWallofPoison	FULL	0	Spell Tome: Wall of Poison	法術書：毒液障壁術	Mysticism 2.4.2 CHT exact FormKey seed
00000D60	9AC5DA:MysticismMagic.esp	BOOK	MAG_SpellTomeWallofPoison	DESC	0	"<font face'$HandwrittenFont'><font size='40'><p align='center'>
Wall of Poison"	"<font face'$HandwrittenFont'><font size='40'><p align='center'>
毒液障壁術"	Mysticism 2.4.2 CHT exact FormKey seed
00000D61	9E4105:MysticismMagic.esp	BOOK	MAG_SpellTomeWallofSunlight	FULL	0	Spell Tome: Wall of Sunlight	法術書：炎陽障壁術	Mysticism 2.4.2 CHT exact FormKey seed
00000D62	9E4105:MysticismMagic.esp	BOOK	MAG_SpellTomeWallofSunlight	DESC	0	"<font face'$HandwrittenFont'><font size='40'><p align='center'>
Wall of Sunlight"	"<font face'$HandwrittenFont'><font size='40'><p align='center'>
炎陽障壁術"	Mysticism 2.4.2 CHT exact FormKey seed
00000D63	9E9214:MysticismMagic.esp	BOOK	MAG_SpellTomeSwordBreaker	FULL	0	Spell Tome: Swordbreaker	法術書：破刃術	Mysticism 2.4.2 CHT exact FormKey seed
00000D64	9E9214:MysticismMagic.esp	BOOK	MAG_SpellTomeSwordBreaker	DESC	0	"<font face'$HandwrittenFont'><font size='40'><p align='center'>
Swordbreaker"	"<font face'$HandwrittenFont'><font size='40'><p align='center'>
Swordbreaker"	Mysticism 2.4.2 CHT exact FormKey seed
00000D65	9F851D:MysticismMagic.esp	BOOK	MAG_SpellTomeScorch	FULL	0	Spell Tome: Scorch	法術書：焦焚術	Mysticism 2.4.2 CHT exact FormKey seed
00000D66	9F851D:MysticismMagic.esp	BOOK	MAG_SpellTomeScorch	DESC	0	"<font face'$HandwrittenFont'><font size='40'><p align='center'>
Scorch"	"<font face'$HandwrittenFont'><font size='40'><p align='center'>
焦焚術"	Mysticism 2.4.2 CHT exact FormKey seed
00000D67	9F851E:MysticismMagic.esp	BOOK	MAG_SpellTomeFlashFreeze	FULL	0	Spell Tome: Flash Freeze	法術書：冰霜速凍	Mysticism 2.4.2 CHT exact FormKey seed
00000D68	9F851E:MysticismMagic.esp	BOOK	MAG_SpellTomeFlashFreeze	DESC	0	"<font face'$HandwrittenFont'><font size='40'><p align='center'>
Flash Freeze"	"<font face'$HandwrittenFont'><font size='40'><p align='center'>
冰霜速凍"	Mysticism 2.4.2 CHT exact FormKey seed
00000D69	4B0683:MysticismMagic.esp	BOOK	MAG_SpellTomeOppression	FULL	0	Spell Tome: Oppression	法術書：壓迫	Mysticism 2.5.0 custom; Skyrim 8.20 terminology
00000D6A	4B0683:MysticismMagic.esp	BOOK	MAG_SpellTomeOppression	DESC	0	"<font face'$HandwrittenFont'><font size='40'><p align='center'>
Weight of the World"	"<font face'$HandwrittenFont'><font size='40'><p align='center'>
世界之重"	Mysticism 2.4.2 CHT exact FormKey seed
00000D6B	9F8520:MysticismMagic.esp	BOOK	MAG_SpellTomeDaybreak	FULL	0	Spell Tome: Daybreak	法術書：穹蒼晨星術	Mysticism 2.4.2 CHT exact FormKey seed
00000D6C	9F8520:MysticismMagic.esp	BOOK	MAG_SpellTomeDaybreak	DESC	0	"<font face'$HandwrittenFont'><font size='40'><p align='center'>
Daybreak"	"<font face'$HandwrittenFont'><font size='40'><p align='center'>
穹蒼晨星術"	Mysticism 2.4.2 CHT exact FormKey seed
00000D6D	9F8521:MysticismMagic.esp	BOOK	MAG_SpellTomeMiasma	FULL	0	Spell Tome: Miasma	法術書：瘴毒術	Mysticism 2.4.2 CHT exact FormKey seed
00000D6E	9F8521:MysticismMagic.esp	BOOK	MAG_SpellTomeMiasma	DESC	0	"<font face'$HandwrittenFont'><font size='40'><p align='center'>
Miasma"	"<font face'$HandwrittenFont'><font size='40'><p align='center'>
瘴毒術"	Mysticism 2.4.2 CHT exact FormKey seed
00000D6F	A30050:MysticismMagic.esp	BOOK	MAG_SpellTomeTouchofDeath	FULL	0	Spell Tome: Touch of Death	法術書：亡魂之觸	Mysticism 2.4.2 CHT exact FormKey seed
00000D70	A30050:MysticismMagic.esp	BOOK	MAG_SpellTomeTouchofDeath	DESC	0	"<font face'$HandwrittenFont'><font size='40'><p align='center'>
Touch of Death"	"<font face'$HandwrittenFont'><font size='40'><p align='center'>
Touch of Death"	Mysticism 2.4.2 CHT exact FormKey seed
00000D71	A9A576:MysticismMagic.esp	BOOK	MAG_SpellTomeFade	FULL	0	Spell Tome: Fade	法術書：消逝術	Mysticism 2.4.2 CHT exact FormKey seed
00000D72	A9A576:MysticismMagic.esp	BOOK	MAG_SpellTomeFade	DESC	0	"<font face'$HandwrittenFont'><font size='40'><p align='center'>
Fade"	"<font face'$HandwrittenFont'><font size='40'><p align='center'>
Fade"	Mysticism 2.4.2 CHT exact FormKey seed
00000D73	B18EB0:MysticismMagic.esp	BOOK	MAG_SpellTomeMutagen	FULL	0	Spell Tome: Mutagen	法術書：突變術	Mysticism 2.4.2 CHT exact FormKey seed
00000D74	B18EB0:MysticismMagic.esp	BOOK	MAG_SpellTomeMutagen	DESC	0	"<font face'$HandwrittenFont'><font size='40'><p align='center'>
Mutagen"	"<font face'$HandwrittenFont'><font size='40'><p align='center'>
Mutagen"	Mysticism 2.4.2 CHT exact FormKey seed
00000D75	B1DFBB:MysticismMagic.esp	BOOK	MAG_SpellTomeCircleofWisdom	FULL	0	Spell Tome: Circle of Wisdom	法術書：智慧領域術	Mysticism 2.4.2 CHT exact FormKey seed
00000D76	B1DFBB:MysticismMagic.esp	BOOK	MAG_SpellTomeCircleofWisdom	DESC	0	"<font face'$HandwrittenFont'><font size='40'><p align='center'>
Circle of Wisdom"	"<font face'$HandwrittenFont'><font size='40'><p align='center'>
智慧領域術"	Mysticism 2.4.2 CHT exact FormKey seed
00000D77	B1DFBE:MysticismMagic.esp	BOOK	MAG_SpellTomeFontofLife	FULL	0	Spell Tome: Font of Life	法術書：活力聖泉	Mysticism 2.4.2 CHT exact FormKey seed
00000D78	B1DFBE:MysticismMagic.esp	BOOK	MAG_SpellTomeFontofLife	DESC	0	"<font face'$HandwrittenFont'><font size='40'><p align='center'>
Font of Life"	"<font face'$HandwrittenFont'><font size='40'><p align='center'>
Font of Life"	Mysticism 2.4.2 CHT exact FormKey seed
00000D79	B467E4:MysticismMagic.esp	BOOK	MAG_SpellTomeSilence	FULL	0	Spell Tome: Silence	法術書：靜默術	Mysticism 2.4.2 CHT exact FormKey seed
00000D7A	B467E4:MysticismMagic.esp	BOOK	MAG_SpellTomeSilence	DESC	0	"<font face'$HandwrittenFont'><font size='40'><p align='center'>
Silence"	"<font face'$HandwrittenFont'><font size='40'><p align='center'>
靜默術"	Mysticism 2.4.2 CHT exact FormKey seed
00000D7B	B4B8F8:MysticismMagic.esp	BOOK	MAG_SpellTomeFury	FULL	0	Spell Tome: Fury	法術書：狂怒術	Mysticism 2.4.2 CHT exact FormKey seed
00000D7C	B4B8F8:MysticismMagic.esp	BOOK	MAG_SpellTomeFury	DESC	0	"<font face'$HandwrittenFont'><font size='40'><p align='center'>
Fury"	"<font face'$HandwrittenFont'><font size='40'><p align='center'>
狂怒術"	Mysticism 2.4.2 CHT exact FormKey seed
00000D7D	C4DC38:MysticismMagic.esp	BOOK	MAG_SpellTomeFlameTouch	FULL	0	Spell Tome: Flame Touch	法術書：紅焰之觸	Mysticism 2.4.2 CHT exact FormKey seed
00000D7E	C4DC38:MysticismMagic.esp	BOOK	MAG_SpellTomeFlameTouch	DESC	0	"<font face='$HandwrittenFont'><font size='40'><p align='center'>
Flame Touch"	"<font face='$HandwrittenFont'><font size='40'><p align='center'>
紅焰之觸"	Mysticism 2.4.2 CHT exact FormKey seed
00000D7F	C671AD:MysticismMagic.esp	BOOK	MAG_SpellTomeDispel	FULL	0	Spell Tome: Dispel	法術書：驅散術	Mysticism 2.4.2 CHT exact FormKey seed
00000D80	C671AD:MysticismMagic.esp	BOOK	MAG_SpellTomeDispel	DESC	0	"<font face'$HandwrittenFont'><font size='40'><p align='center'>
Dispel"	"<font face'$HandwrittenFont'><font size='40'><p align='center'>
Dispel"	Mysticism 2.4.2 CHT exact FormKey seed
00000D81	C857B4:MysticismMagic.esp	BOOK	MAG_SpellTomeBurdenRune	FULL	0	Spell Tome: Burden Rune	法術書：重荷法印	Mysticism 2.4.2 CHT exact FormKey seed
00000D82	C857B4:MysticismMagic.esp	BOOK	MAG_SpellTomeBurdenRune	DESC	0	"<font face'$HandwrittenFont'><font size='40'><p align='center'>
Burden Rune"	"<font face'$HandwrittenFont'><font size='40'><p align='center'>
重荷法印"	Mysticism 2.4.2 CHT exact FormKey seed
00000D83	CCC63C:MysticismMagic.esp	BOOK	MAG_SpellTomeSunbeam	FULL	0	Spell Tome: Sunbeam	法術書：日光束	Mysticism 2.4.2 CHT exact FormKey seed
00000D84	CCC63C:MysticismMagic.esp	BOOK	MAG_SpellTomeSunbeam	DESC	0	"<font face'$HandwrittenFont'><font size='40'><p align='center'>
Sunbeam"	"<font face'$HandwrittenFont'><font size='40'><p align='center'>
日光束"	Mysticism 2.4.2 CHT exact FormKey seed
00000D85	CDB97E:MysticismMagic.esp	BOOK	MAG_SpellTomeIcyTouch	FULL	0	Spell Tome: Icy Touch	法術書：冰封之觸	Mysticism 2.4.2 CHT exact FormKey seed
00000D86	CDB97E:MysticismMagic.esp	BOOK	MAG_SpellTomeIcyTouch	DESC	0	"<font face'$HandwrittenFont'><font size='40'><p align='center'>
Icy Touch"	"<font face'$HandwrittenFont'><font size='40'><p align='center'>
Icy Touch"	Mysticism 2.4.2 CHT exact FormKey seed
00000D87	CF9FB0:MysticismMagic.esp	BOOK	MAG_SpellTomeStaticTouch	FULL	0	Spell Tome: Static Touch	法術書：靜電之觸	Mysticism 2.4.2 CHT exact FormKey seed
00000D88	CF9FB0:MysticismMagic.esp	BOOK	MAG_SpellTomeStaticTouch	DESC	0	"<font face'$HandwrittenFont'><font size='40'><p align='center'>
Static Touch"	"<font face'$HandwrittenFont'><font size='40'><p align='center'>
靜電之觸"	Mysticism 2.4.2 CHT exact FormKey seed
00000D89	D278E4:MysticismMagic.esp	BOOK	MAG_SpellTomeVenomousTouch	FULL	0	Spell Tome: Venomous Touch	法術書：惡毒之觸	Mysticism 2.4.2 CHT exact FormKey seed
00000D8A	D278E4:MysticismMagic.esp	BOOK	MAG_SpellTomeVenomousTouch	DESC	0	"<font face'$HandwrittenFont'><font size='40'><p align='center'>
Venomous Touch"	"<font face'$HandwrittenFont'><font size='40'><p align='center'>
Venomous Touch"	Mysticism 2.4.2 CHT exact FormKey seed
00000D8B	D45F29:MysticismMagic.esp	BOOK	MAG_SpellTomeRadiantTouch	FULL	0	Spell Tome: Radiant Touch	法術書：日陽之觸	Mysticism 2.4.2 CHT exact FormKey seed
00000D8C	D45F29:MysticismMagic.esp	BOOK	MAG_SpellTomeRadiantTouch	DESC	0	"<font face'$HandwrittenFont'><font size='40'><p align='center'>
Radiant Touch"	"<font face'$HandwrittenFont'><font size='40'><p align='center'>
Radiant Touch"	Mysticism 2.4.2 CHT exact FormKey seed
00000D8D	DBA6D4:MysticismMagic.esp	BOOK	MAG_SpellTomeRapidRegeneration	FULL	0	Spell Tome: Rapid Regeneration	法術書：快速再生術	Mysticism 2.4.2 CHT exact FormKey seed
00000D8E	DBA6D4:MysticismMagic.esp	BOOK	MAG_SpellTomeRapidRegeneration	DESC	0	"<font face'$HandwrittenFont'><font size='40'><p align='center'>
Rapid Regeneration"	"<font face'$HandwrittenFont'><font size='40'><p align='center'>
快速再生術"	Mysticism 2.4.2 CHT exact FormKey seed
00000D8F	DC48DD:MysticismMagic.esp	BOOK	MAG_SpellTomeBoundShield	FULL	0	Spell Tome: Bound Shield	法術書：盾牌塑形術	Mysticism 2.4.2 CHT exact FormKey seed
00000D90	DC48DD:MysticismMagic.esp	BOOK	MAG_SpellTomeBoundShield	DESC	0	"<font face'$HandwrittenFont'><font size='40'><p align='center'>
Bound Shield"	"<font face'$HandwrittenFont'><font size='40'><p align='center'>
Bound Shield"	Mysticism 2.4.2 CHT exact FormKey seed
00000D91	DC99E2:MysticismMagic.esp	BOOK	MAG_SpellTomeBoundGreatsword	FULL	0	Spell Tome: Bound Greatsword	法術書：巨劍塑形術	Mysticism 2.4.2 CHT exact FormKey seed
00000D92	DC99E2:MysticismMagic.esp	BOOK	MAG_SpellTomeBoundGreatsword	DESC	0	"<font face'$HandwrittenFont'><font size='40'><p align='center'>
Bound Greatsword"	"<font face'$HandwrittenFont'><font size='40'><p align='center'>
巨劍塑形術"	Mysticism 2.4.2 CHT exact FormKey seed
00000D93	DD3BEE:MysticismMagic.esp	BOOK	MAG_SpellTomeBoundWarAxe	FULL	0	Spell Tome: Bound War Axe	法術書：戰斧塑形術	Mysticism 2.4.2 CHT exact FormKey seed
00000D94	DD3BEE:MysticismMagic.esp	BOOK	MAG_SpellTomeBoundWarAxe	DESC	0	"<font face'$HandwrittenFont'><font size='40'><p align='center'>
Bound War Axe"	"<font face'$HandwrittenFont'><font size='40'><p align='center'>
Bound War Axe"	Mysticism 2.4.2 CHT exact FormKey seed
00000D95	DED0F8:MysticismMagic.esp	BOOK	MAG_SpellTomeBoundWarhammer	FULL	0	Spell Tome: Bound Warhammer	法術書：戰錘塑形術	Mysticism 2.4.2 CHT exact FormKey seed
00000D96	DED0F8:MysticismMagic.esp	BOOK	MAG_SpellTomeBoundWarhammer	DESC	0	"<font face'$HandwrittenFont'><font size='40'><p align='center'>
Bound Warhammer"	"<font face'$HandwrittenFont'><font size='40'><p align='center'>
戰錘塑形術"	Mysticism 2.4.2 CHT exact FormKey seed
00000D97	E01501:MysticismMagic.esp	BOOK	MAG_SpellTomeBoundMace	FULL	0	Spell Tome: Bound Mace	法術書：釘錘塑形術	Mysticism 2.4.2 CHT exact FormKey seed
00000D98	E01501:MysticismMagic.esp	BOOK	MAG_SpellTomeBoundMace	DESC	0	"<font face'$HandwrittenFont'><font size='40'><p align='center'>
Bound Mace"	"<font face'$HandwrittenFont'><font size='40'><p align='center'>
釘錘塑形術"	Mysticism 2.4.2 CHT exact FormKey seed
00000D99	E7FEC7:MysticismMagic.esp	BOOK	MAG_SpellTomeConjureDeathHound	FULL	0	Spell Tome: Conjure Death Hound	法術書：殭犬召喚術	Mysticism 2.4.2 CHT exact FormKey seed
00000D9A	E7FEC7:MysticismMagic.esp	BOOK	MAG_SpellTomeConjureDeathHound	DESC	0	"<font face'$HandwrittenFont'><font size='40'><p align='center'>
Conjure Death Hound"	"<font face'$HandwrittenFont'><font size='40'><p align='center'>
Conjure Death Hound"	Mysticism 2.4.2 CHT exact FormKey seed
00000D9B	E7FECC:MysticismMagic.esp	BOOK	MAG_SpellTomeConjureVolkiharHound	FULL	0	Spell Tome: Conjure Volkihar Hound	法術書：沃奇哈獵犬召喚術	Mysticism 2.4.2 CHT exact FormKey seed
00000D9C	E7FECC:MysticismMagic.esp	BOOK	MAG_SpellTomeConjureVolkiharHound	DESC	0	"<font face'$HandwrittenFont'><font size='40'><p align='center'>
Conjure Volkihar Hound"	"<font face'$HandwrittenFont'><font size='40'><p align='center'>
Conjure Volkihar Hound"	Mysticism 2.4.2 CHT exact FormKey seed
00000D9D	E7FED1:MysticismMagic.esp	BOOK	MAG_SpellTomeConjureGargoyle	FULL	0	Spell Tome: Conjure Gargoyle	法術書：召喚石像鬼	Mysticism 2.4.2 CHT exact FormKey seed
00000D9E	E7FED1:MysticismMagic.esp	BOOK	MAG_SpellTomeConjureGargoyle	DESC	0	"<font face'$HandwrittenFont'><font size='40'><p align='center'>
Conjure Gargoyle"	"<font face'$HandwrittenFont'><font size='40'><p align='center'>
Conjure Gargoyle"	Mysticism 2.4.2 CHT exact FormKey seed
00000D9F	E7FEDA:MysticismMagic.esp	BOOK	MAG_SpellTomeConjureGargoyleBrute	FULL	0	Spell Tome: Conjure Gargoyle Brute	法術書：石像鬼擬態者召喚術	Mysticism 2.4.2 CHT exact FormKey seed
00000DA0	E7FEDA:MysticismMagic.esp	BOOK	MAG_SpellTomeConjureGargoyleBrute	DESC	0	"<font face'$HandwrittenFont'><font size='40'><p align='center'>
Conjure Gargoyle Brute"	"<font face'$HandwrittenFont'><font size='40'><p align='center'>
Conjure Gargoyle Brute"	Mysticism 2.4.2 CHT exact FormKey seed
00000DA1	F21F4B:MysticismMagic.esp	BOOK	MAG_SpellTomeCircleofStrength	FULL	0	Spell Tome: Circle of Strength	法術書：力量領域術	Mysticism 2.4.2 CHT exact FormKey seed
00000DA2	F21F4B:MysticismMagic.esp	BOOK	MAG_SpellTomeCircleofStrength	DESC	0	"<font face'$HandwrittenFont'><font size='40'><p align='center'>
Circle of Strength"	"<font face'$HandwrittenFont'><font size='40'><p align='center'>
力量領域術"	Mysticism 2.4.2 CHT exact FormKey seed
00000DA3	0A2989:Skyrim.esm	CONT	MerchantSolitudeSybilleStentorChest	FULL	0	Chest	箱子	Mysticism 2.4.2 CHT exact FormKey seed
00000DA4	0A298A:Skyrim.esm	CONT	MerchantWhiterunFarengarsChest	FULL	0	Chest	箱子	Mysticism 2.4.2 CHT exact FormKey seed
00000DA5	01047A:Dawnguard.esm	CONT	DLC1VendorChestRonthil	FULL	0	Chest	箱子	Mysticism 2.4.2 CHT exact FormKey seed
00000DA6	0177C0:Dragonborn.esm	CONT	DLC2MerchantTelMithrynTalvasChest	FULL	0	Chest	箱子	Mysticism 2.4.2 CHT exact FormKey seed
00000DA7	0E7BCD:Skyrim.esm	CONT	MerchantWinterholdNelacarChest	FULL	0	Chest	箱子	Mysticism 2.4.2 CHT exact FormKey seed
00000DA8	0A2988:Skyrim.esm	CONT	MerchantRiftenWylandriahsChest	FULL	0	Chest	箱子	Mysticism 2.4.2 CHT exact FormKey seed
00000DA9	00F82B:Dawnguard.esm	CONT	DLC1VendorChestFlorentius	FULL	0	Chest	箱子	Mysticism 2.4.2 CHT exact FormKey seed
00000DAA	010479:Dawnguard.esm	CONT	DLC1VendorChestFeran	FULL	0	Chest	箱子	Mysticism 2.4.2 CHT exact FormKey seed
00000DAB	098BA4:Skyrim.esm	CONT	MerchantWCollegeTolfdirChest	FULL	0	Chest	箱子	Mysticism 2.4.2 CHT exact FormKey seed
00000DAC	09DA56:Skyrim.esm	CONT	MerchantMorthalFalionsChest	FULL	0	Chest	箱子	Mysticism 2.4.2 CHT exact FormKey seed
00000DAD	0177C1:Dragonborn.esm	CONT	DLC2MerchantTelMithrynNelothChest	FULL	0	Chest	箱子	Mysticism 2.4.2 CHT exact FormKey seed
00000DAE	0EE9F7:Skyrim.esm	CONT	MerchantWCollegeEnthirChest	FULL	0	Chest	箱子	Mysticism 2.4.2 CHT exact FormKey seed
00000DAF	0D8830:Skyrim.esm	CONT	TGFenceMerchantChestEnthir	FULL	0	Thieves Guild Fence Chest	盜賊公會銷贓商寶箱	Mysticism 2.5.0 custom; Skyrim 8.20 terminology
00000DB0	5341A9:MysticismMagic.esp	CONT	MAG_MerchantDBSanctuarySpellMerchantChest	FULL	0	Chest	箱子	Mysticism 2.4.2 CHT exact FormKey seed
00000DB1	078C0C:Skyrim.esm	CONT	MerchantRiverwoodTraderChest	FULL	0	Chest	箱子	Mysticism 2.4.2 CHT exact FormKey seed
00000DB2	09438A:Skyrim.esm	CONT	MerchantMarkarthWizardsChest	FULL	0	Chest	箱子	Mysticism 2.4.2 CHT exact FormKey seed
00000DB3	098B9E:Skyrim.esm	CONT	MerchantWCollegeDrevisChest	FULL	0	Chest	箱子	Mysticism 2.4.2 CHT exact FormKey seed
00000DB4	098BA1:Skyrim.esm	CONT	MerchantWCollegeFaraldaChest	FULL	0	Chest	箱子	Mysticism 2.4.2 CHT exact FormKey seed
00000DB5	098BA2:Skyrim.esm	CONT	MerchantWCollegePhinisChest	FULL	0	Chest	箱子	Mysticism 2.4.2 CHT exact FormKey seed
00000DB6	098BA3:Skyrim.esm	CONT	MerchantWCollegeColetteChest	FULL	0	Chest	箱子	Mysticism 2.4.2 CHT exact FormKey seed
00000DB7	0A2987:Skyrim.esm	CONT	MerchantDawnstarMadenasChest	FULL	0	Chest	箱子	Mysticism 2.4.2 CHT exact FormKey seed
00000DB8	0A3F1B:Skyrim.esm	CONT	MerchantWindhelmWuunferthsChest	FULL	0	Chest	箱子	Mysticism 2.4.2 CHT exact FormKey seed
00000DB9	4B067B:MysticismMagic.esp	MISC	MAG_OreSimonium	FULL	0	Simonium Ore	異變礦石	Mysticism 2.4.2 CHT exact FormKey seed
00000DBA	029B73:Skyrim.esm	WEAP	MAG_IllusionStaffParalyze	FULL	0	Staff of Paralysis	麻痺法杖	Mysticism 2.4.2 CHT exact FormKey seed
00000DBB	029B74:Skyrim.esm	WEAP	MAG_ConjurationStaffRaiseZombie	FULL	0	Staff of the Zombie	活屍法杖	Mysticism 2.4.2 CHT exact FormKey seed
00000DBC	029B75:Skyrim.esm	WEAP	MAG_ConjurationStaffConjureSpectralWolf	FULL	0	Staff of the Spectral Wolf	幽靈狼法杖	Mysticism 2.4.2 CHT exact FormKey seed
00000DBD	029B76:Skyrim.esm	WEAP	MAG_ConjurationStaffReanimateCorpse	FULL	0	Staff of Reanimation	屍儡喚起法杖	Mysticism 2.4.2 CHT exact FormKey seed
00000DBE	029B78:Skyrim.esm	WEAP	MAG_ConjurationStaffConjureFlameAtronach	FULL	0	Staff of the Flame Atronach	烈焰屬靈召喚法杖	Mysticism 2.4.2 CHT exact FormKey seed
00000DBF	029B79:Skyrim.esm	WEAP	MAG_ConjurationStaffBanishDeadra	FULL	0	Staff of Banishing	魔族遣返法杖	Mysticism 2.4.2 CHT exact FormKey seed
00000DC0	029B7A:Skyrim.esm	WEAP	MAG_ConjurationStaffRevenant	FULL	0	Staff of Revenant	屍儡驅使術法杖	Mysticism 2.4.2 CHT exact FormKey seed
00000DC1	029B7B:Skyrim.esm	WEAP	MAG_ConjurationStaffConjureDremoraWarlock	FULL	0	Staff of the Dremora Warlock	魔人術士法杖	Mysticism 2.4.2 CHT exact FormKey seed
00000DC2	029B7C:Skyrim.esm	WEAP	MAG_ConjurationStaffDreadZombie	FULL	0	Staff of the Dread Zombie	屍儡差遣術法杖	Mysticism 2.4.2 CHT exact FormKey seed
00000DC3	029B7D:Skyrim.esm	WEAP	MAG_ConjurationStaffConjureStormAtronach	FULL	0	Staff of the Storm Atronach	風暴屬靈召喚法杖	Mysticism 2.4.2 CHT exact FormKey seed
00000DC4	029B7E:Skyrim.esm	WEAP	MAG_ConjurationStaffExpelDeadra	FULL	0	Staff of Expulsion	魔族逐返法杖	Mysticism 2.4.2 CHT exact FormKey seed
00000DC5	029B82:Skyrim.esm	WEAP	MAG_DestructionStaffFireball	FULL	0	Staff of Fireballs	火球法杖	Mysticism 2.4.2 CHT exact FormKey seed
00000DC6	029B83:Skyrim.esm	WEAP	MAG_DestructionStaffIceStorm	FULL	0	Staff of the Ice Storm	冰霜氣團術法杖	Mysticism 2.4.2 CHT exact FormKey seed
00000DC7	029B84:Skyrim.esm	WEAP	MAG_DestructionStaffChainLightning	FULL	0	Staff of Chain Lightning	閃電連鎖法杖	Mysticism 2.4.2 CHT exact FormKey seed
00000DC8	029B85:Skyrim.esm	WEAP	MAG_DestructionStaffWallofFlames	FULL	0	Staff of the Flame Wall	烈焰障壁法杖	Mysticism 2.4.2 CHT exact FormKey seed
00000DC9	029B86:Skyrim.esm	WEAP	MAG_DestructionStaffWallofFrost	FULL	0	Staff of the Frost Wall	冰棘障壁法杖	Mysticism 2.4.2 CHT exact FormKey seed
00000DCA	029B87:Skyrim.esm	WEAP	MAG_DesctructionStaffWallofStorms	FULL	0	Staff of the Storm Wall	電弧障壁法杖	Mysticism 2.4.2 CHT exact FormKey seed
00000DCB	029B88:Skyrim.esm	WEAP	MAG_IllusionStaffSilence	FULL	0	Staff of Silence	靜默法杖	Mysticism 2.4.2 CHT exact FormKey seed
00000DCC	029B89:Skyrim.esm	WEAP	MAG_IllusionStaffFrenzy	FULL	0	Staff of Frenzy	狂心法杖	Mysticism 2.4.2 CHT exact FormKey seed
00000DCD	029B8B:Skyrim.esm	WEAP	MAG_IllusionStaffSoothe	FULL	0	Staff of Soothing	舒緩術法杖	Mysticism 2.4.2 CHT exact FormKey seed
00000DCE	029B8C:Skyrim.esm	WEAP	MAG_IllusionStaffFear	FULL	0	Staff of Fear	懼逃法杖	Mysticism 2.4.2 CHT exact FormKey seed
00000DCF	029B8E:Skyrim.esm	WEAP	MAG_IllusionStaffHush	FULL	0	Staff of Hushing	啞口術法杖	Mysticism 2.4.2 CHT exact FormKey seed
00000DD0	029B8F:Skyrim.esm	WEAP	MAG_IllusionStaffRage	FULL	0	Staff of Rage	狂暴術法杖	Mysticism 2.4.2 CHT exact FormKey seed
00000DD1	029B91:Skyrim.esm	WEAP	MAG_IllusionStaffHypnotize	FULL	0	Staff of Hypnosis	催眠術法杖	Mysticism 2.4.2 CHT exact FormKey seed
00000DD2	029B92:Skyrim.esm	WEAP	MAG_IllusionStaffTerror	FULL	0	Staff of Terror	潰逃術法杖	Mysticism 2.4.2 CHT exact FormKey seed
00000DD3	029B93:Skyrim.esm	WEAP	MAG_RestorationStaffHealingHands	FULL	0	Staff of the Healing Hand	他人治療法杖	Mysticism 2.4.2 CHT exact FormKey seed
00000DD4	029B94:Skyrim.esm	WEAP	MAG_RestorationStaffTurnLesserUndead	FULL	0	Staff of Lesser Turning	初階驅邪法杖	Mysticism 2.4.2 CHT exact FormKey seed
00000DD5	029B95:Skyrim.esm	WEAP	MAG_RestorationStaffTurnUndead	FULL	0	Staff of Turning	進階驅邪法杖	Mysticism 2.4.2 CHT exact FormKey seed
00000DD6	029B97:Skyrim.esm	WEAP	MAG_RestorationStaffTurnGreaterUndead	FULL	0	Staff of Greater Turning	高階驅邪法杖	Mysticism 2.4.2 CHT exact FormKey seed
00000DD7	029B99:Skyrim.esm	WEAP	MAG_RestorationStaffHealOther	FULL	0	Staff of Heal Other	高效他人治療術法杖	Mysticism 2.4.2 CHT exact FormKey seed
00000DD8	029B9A:Skyrim.esm	WEAP	MAG_RestorationStaffVampiresBane	FULL	0	Staff of the Vampire's Bane	淨邪術法杖	Mysticism 2.4.2 CHT exact FormKey seed
00000DD9	029B9B:Skyrim.esm	WEAP	MAG_RestorationStaffRepelUndead	FULL	0	Staff of Repulsion	初階辟邪法杖	Mysticism 2.4.2 CHT exact FormKey seed
00000DDA	0424F7:Skyrim.esm	WEAP	MAG_BoundWeaponBattleaxeMystic	FULL	0	Bound Battleaxe	魔力塑形巨斧	Mysticism 2.4.2 CHT exact FormKey seed
00000DDB	0424F8:Skyrim.esm	WEAP	MAG_BoundWeaponBowMystic	FULL	0	Bound Bow	魔力塑形戰弓	Mysticism 2.4.2 CHT exact FormKey seed
00000DDC	0424F9:Skyrim.esm	WEAP	MAG_BoundWeaponSwordMystic	FULL	0	Bound Sword	魔力塑形長劍	Mysticism 2.4.2 CHT exact FormKey seed
00000DDD	046E0B:Skyrim.esm	WEAP	MAG_ArtifactStaffGadnorsCharming	FULL	0	Gadnor's Staff of Charming	加德諾的安撫法杖	Mysticism 2.4.2 CHT exact FormKey seed
00000DDE	04C6CA:Skyrim.esm	WEAP	MAG_DestructionStaffFirebolt	FULL	0	Staff of Firebolts	火彈法杖	Mysticism 2.4.2 CHT exact FormKey seed
00000DDF	04DED8:Skyrim.esm	WEAP	MAG_DestructionStaffIceSpike	FULL	0	Staff of Ice Spikes	冰錐法杖	Mysticism 2.4.2 CHT exact FormKey seed
00000DE0	04DEE0:Skyrim.esm	WEAP	MAG_DestructionStaffFlames	FULL	0	Staff of Flames	火燃法杖	Mysticism 2.4.2 CHT exact FormKey seed
00000DE1	04DEE1:Skyrim.esm	WEAP	MAG_DestructionStaffFrostbite	FULL	0	Staff of Frostbite	冰寒法杖	Mysticism 2.4.2 CHT exact FormKey seed
00000DE2	04DEE2:Skyrim.esm	WEAP	MAG_DestructionStaffSparks	FULL	0	Staff of Sparks	電擊法杖	Mysticism 2.4.2 CHT exact FormKey seed
00000DE3	04DEE3:Skyrim.esm	WEAP	MAG_DestructionStaffLightningBolt	FULL	0	Staff of Lightning Bolts	閃電法杖	Mysticism 2.4.2 CHT exact FormKey seed
00000DE4	058F5E:Skyrim.esm	WEAP	MAG_BoundWeaponBattleaxe	FULL	0	Bound Battleaxe	魔力塑形巨斧	Mysticism 2.4.2 CHT exact FormKey seed
00000DE5	058F5F:Skyrim.esm	WEAP	MAG_BoundWeaponSword	FULL	0	Bound Sword	魔力塑形長劍	Mysticism 2.4.2 CHT exact FormKey seed
00000DE6	058F60:Skyrim.esm	WEAP	MAG_BoundWeaponBow	FULL	0	Bound Bow	魔力塑形戰弓	Mysticism 2.4.2 CHT exact FormKey seed
00000DE7	0940D8:Skyrim.esm	WEAP	MAG_ArtifactStaffArcaneAuthority	FULL	0	Staff of Arcane Authority	奧術權威之杖	Mysticism 2.4.2 CHT exact FormKey seed
00000DE8	0BE11F:Skyrim.esm	WEAP	StaffTemplateDestruction	FULL	0	Unenchanted Destruction Staff	未附魔的毀滅系法杖	Mysticism 2.4.2 CHT exact FormKey seed
00000DE9	0BE120:Skyrim.esm	WEAP	MAG_ConjurationStaffConjureFrostAtronach	FULL	0	Staff of the Frost Atronach	寒霜屬靈召喚法杖	Mysticism 2.4.2 CHT exact FormKey seed
00000DEA	0BE121:Skyrim.esm	WEAP	MAG_AlterationStaffMagelight	FULL	0	Staff of Magelight	魔光法杖	Mysticism 2.4.2 CHT exact FormKey seed
00000DEB	0BE122:Skyrim.esm	WEAP	MAG_ConjurationStaffSoulTrap	FULL	0	Staff of Soul Trapping	縛魂法杖	Mysticism 2.4.2 CHT exact FormKey seed
00000DEC	10FCF2:Skyrim.esm	WEAP	MAG_DestructionStaffIncinerate	FULL	0	Staff of Incineration	火炮法杖	Mysticism 2.4.2 CHT exact FormKey seed
00000DED	10FCF4:Skyrim.esm	WEAP	MAG_DestructionStaffThunderbolt	FULL	0	Staff of Thunderbolts	雷電法杖	Mysticism 2.4.2 CHT exact FormKey seed
00000DEE	10FCF7:Skyrim.esm	WEAP	MAG_DestructionStaffIcySpear	FULL	0	Staff of the Icy Spear	冰矛法杖	Mysticism 2.4.2 CHT exact FormKey seed
00000DEF	014C9E:Dawnguard.esm	WEAP	MAG_WrathmanWarhammer	FULL	0	Dragonbone Warhammer	龍骨戰錘	Mysticism 2.4.2 CHT exact FormKey seed
00000DF0	014C9F:Dawnguard.esm	WEAP	MAG_WrathmanGreatsword	FULL	0	Dragonbone Greatsword	龍骨巨劍	Mysticism 2.4.2 CHT exact FormKey seed
00000DF1	014CA0:Dawnguard.esm	WEAP	MAG_WrathmanBattleaxe	FULL	0	Dragonbone Battleaxe	龍骨巨斧	Mysticism 2.4.2 CHT exact FormKey seed
00000DF2	01CE02:Dragonborn.esm	WEAP	MAG_BoundWeaponDagger	FULL	0	Bound Dagger	魔力塑形匕首	Mysticism 2.4.2 CHT exact FormKey seed
00000DF3	01CE03:Dragonborn.esm	WEAP	MAG_BoundWeaponDaggerMystic	FULL	0	Bound Dagger	魔力塑形匕首	Mysticism 2.4.2 CHT exact FormKey seed
00000DF4	00FFED:MysticismMagic.esp	WEAP	MAG_ConjurationStaffConjureDremoraSorcerer	FULL	0	Staff of the Dremora Sorcerer	魔人巫士法杖	Mysticism 2.4.2 CHT exact FormKey seed
00000DF5	00FFEE:MysticismMagic.esp	WEAP	MAG_ConjurationStaffConjureDremoraHunter	FULL	0	Staff of the Dremora Hunter	魔人獵人法杖	Mysticism 2.4.2 CHT exact FormKey seed
00000DF6	00FFEF:MysticismMagic.esp	WEAP	MAG_DremoraHunterBow	FULL	0	Daedric Bow of the Inferno	魔族熾火戰弓	Mysticism 2.4.2 CHT exact FormKey seed
00000DF7	00FFF0:MysticismMagic.esp	WEAP	MAG_DremoraSorcererStaff	FULL	0	Staff of Immolation	地獄火法杖	Mysticism 2.4.2 CHT exact FormKey seed
00000DF8	00FFF1:MysticismMagic.esp	WEAP	MAG_DremoraWarlockStaff	FULL	0	Staff of Fireballs	火球法杖	Mysticism 2.4.2 CHT exact FormKey seed
00000DF9	01F2FE:MysticismMagic.esp	WEAP	MAG_WrathmanBow	FULL	0	Dragonbone Bow	龍骨戰弓	Mysticism 2.4.2 CHT exact FormKey seed
00000DFA	01F2FF:MysticismMagic.esp	WEAP	MAG_ConjurationStaffConjureWrathmanMarksman	FULL	0	Staff of the Wrathman Marksman	怒骸神射手法杖	Mysticism 2.4.2 CHT exact FormKey seed
00000DFB	01F300:MysticismMagic.esp	WEAP	MAG_ConjurationStaffConjureWrathmanWarlock	FULL	0	Staff of the Wrathman Warlock	怒骸術士法杖	Mysticism 2.4.2 CHT exact FormKey seed
00000DFC	03370A:MysticismMagic.esp	WEAP	MAG_WrathmanWarAxe	FULL	0	Dragonbone War Axe	龍骨戰斧	Mysticism 2.4.2 CHT exact FormKey seed
00000DFD	0E9B53:MysticismMagic.esp	WEAP	MAG_AlterationStaffOppression	FULL	0	Staff of Oppression	壓迫法杖	Mysticism 2.5.0 custom; Skyrim 8.20 terminology
00000DFE	2002EC:MysticismMagic.esp	WEAP	MAG_AlterationStaffGrandWeaknessFire	FULL	0	Staff of Grand Weakness to Fire	強效火焰弱化法杖	Mysticism 2.5.0 custom; Skyrim 8.20 terminology
00000DFF	2002ED:MysticismMagic.esp	WEAP	MAG_AlterationStaffGrandWeaknessFrost	FULL	0	Staff of Grand Weakness to Frost	強效寒霜弱化法杖	Mysticism 2.5.0 custom; Skyrim 8.20 terminology
00000E00	2002EE:MysticismMagic.esp	WEAP	MAG_AlterationStaffGrandWeaknessPoison	FULL	0	Staff of Grand Weakness to Poison	強效毒素弱化法杖	Mysticism 2.5.0 custom; Skyrim 8.20 terminology
00000E01	2002EF:MysticismMagic.esp	WEAP	MAG_AlterationStaffGrandWeaknessShock	FULL	0	Staff of Grand Weakness to Shock	強效閃電弱化法杖	Mysticism 2.5.0 custom; Skyrim 8.20 terminology
00000E02	4C4AA7:MysticismMagic.esp	WEAP	MAG_SkeletonWarriorFrostSword	FULL	0	Ancient Nord Sword of Ice	古諾德寒冰長劍	Mysticism 2.4.2 CHT exact FormKey seed
00000E03	66E02E:MysticismMagic.esp	WEAP	MAG_DremoraBow	FULL	0	Daedric Bow	魔族戰弓	Mysticism 2.4.2 CHT exact FormKey seed
00000E04	66E030:MysticismMagic.esp	WEAP	MAG_DremoraMace	FULL	0	Dremora Mace	魔人釘錘	Mysticism 2.4.2 CHT exact FormKey seed
00000E05	C62046:MysticismMagic.esp	WEAP	MAG_IllusionStaffCalm	FULL	0	Staff of Calm	安撫法杖	Mysticism 2.4.2 CHT exact FormKey seed
00000E06	C62048:MysticismMagic.esp	WEAP	MAG_IllusionStaffPacify	FULL	0	Staff of Pacification	平息術法杖	Mysticism 2.4.2 CHT exact FormKey seed
00000E07	C6204B:MysticismMagic.esp	WEAP	MAG_IllusionStaffFury	FULL	0	Staff of Fury	狂怒法杖	Mysticism 2.4.2 CHT exact FormKey seed
00000E08	C6204E:MysticismMagic.esp	WEAP	MAG_IllusionStaffWrath	FULL	0	Staff of Wrath	憤怒術法杖	Mysticism 2.4.2 CHT exact FormKey seed
00000E09	C62053:MysticismMagic.esp	WEAP	MAG_IllusionStaffMute	FULL	0	Staff of Muting	沉默術法杖	Mysticism 2.4.2 CHT exact FormKey seed
00000E0A	C6205A:MysticismMagic.esp	WEAP	MAG_IllusionStaffPanic	FULL	0	Staff of Panic	驚慌術法杖	Mysticism 2.4.2 CHT exact FormKey seed
00000E0B	C6205C:MysticismMagic.esp	WEAP	MAG_IllusionStaffImmobilize	FULL	0	Staff of Immobilization	定身術法杖	Mysticism 2.4.2 CHT exact FormKey seed
00000E0C	C62060:MysticismMagic.esp	WEAP	MAG_IllusionStaffCommand	FULL	0	Staff of Command	心靈控制法杖	Mysticism 2.4.2 CHT exact FormKey seed
00000E0D	C62062:MysticismMagic.esp	WEAP	MAG_IllusionStaffControl	FULL	0	Staff of Control	控制術法杖	Mysticism 2.4.2 CHT exact FormKey seed
00000E0E	C6206F:MysticismMagic.esp	WEAP	MAG_IllusionStaffCalmRune	FULL	0	Staff of the Calm Rune	安撫法印法杖	Mysticism 2.4.2 CHT exact FormKey seed
00000E0F	C62071:MysticismMagic.esp	WEAP	MAG_IllusionStaffFrenzyRune	FULL	0	Staff of the Frenzy Rune	狂心法印法杖	Mysticism 2.4.2 CHT exact FormKey seed
00000E10	C62072:MysticismMagic.esp	WEAP	MAG_IllusionStaffSilenceRune	FULL	0	Staff of the Silence Rune	靜默法印法杖	Mysticism 2.4.2 CHT exact FormKey seed
00000E11	C62073:MysticismMagic.esp	WEAP	MAG_IllusionStaffFearRune	FULL	0	Staff of the Fear Rune	懼逃法印法杖	Mysticism 2.4.2 CHT exact FormKey seed
00000E12	C62074:MysticismMagic.esp	WEAP	MAG_IllusionStaffParalyzeRune	FULL	0	Staff of the Paralyze Rune	麻痺法印法杖	Mysticism 2.4.2 CHT exact FormKey seed
00000E13	C62075:MysticismMagic.esp	WEAP	MAG_IllusionStaffCommandRune	FULL	0	Staff of the Command Rune	支配法印法杖	Mysticism 2.4.2 CHT exact FormKey seed
00000E14	C8A8C9:MysticismMagic.esp	WEAP	MAG_AlterationStaffDisintegrateWeapon	FULL	0	Staff of Disintegration	瓦解武器術法杖	Mysticism 2.4.2 CHT exact FormKey seed
00000E15	C8A8CD:MysticismMagic.esp	WEAP	MAG_AlterationStaffCorrodeArmor	FULL	0	Staff of Corrosion	腐蝕法杖	Mysticism 2.4.2 CHT exact FormKey seed
00000E16	C8A8D2:MysticismMagic.esp	WEAP	MAG_AlterationStaffArmorEater	FULL	0	Staff of the Armoreater	噬甲術法杖	Mysticism 2.4.2 CHT exact FormKey seed
00000E17	C8A8D4:MysticismMagic.esp	WEAP	MAG_AlterationStaffSwordBreaker	FULL	0	Staff of the Swordbreaker	破刃術法杖	Mysticism 2.4.2 CHT exact FormKey seed
00000E18	C8A8D6:MysticismMagic.esp	WEAP	MAG_AlterationStaffBurden	FULL	0	Staff of Burden	重荷術法杖	Mysticism 2.4.2 CHT exact FormKey seed
00000E19	C8A8DC:MysticismMagic.esp	WEAP	MAG_AlterationStaffBurdenRune	FULL	0	Staff of the Burden Rune	重荷法印法杖	Mysticism 2.4.2 CHT exact FormKey seed
00000E1A	C8A8E6:MysticismMagic.esp	WEAP	MAG_AlterationStaffWeaknessFire	FULL	0	Staff of Weakness to Fire	火抗弱化術法杖	Mysticism 2.4.2 CHT exact FormKey seed
00000E1B	C8A8E8:MysticismMagic.esp	WEAP	MAG_AlterationStaffWeaknessFrost	FULL	0	Staff of Weakness to Frost	冰抗弱化術法杖	Mysticism 2.4.2 CHT exact FormKey seed
00000E1C	C8A8E9:MysticismMagic.esp	WEAP	MAG_AlterationStaffWeaknessShock	FULL	0	Staff of Weakness to Shock	電抗弱化術法杖	Mysticism 2.4.2 CHT exact FormKey seed
00000E1D	C8A8EA:MysticismMagic.esp	WEAP	MAG_AlterationStaffWeaknessPoison	FULL	0	Staff of Weakness to Poison	毒抗弱化術法杖	Mysticism 2.4.2 CHT exact FormKey seed
00000E1E	CDB96B:MysticismMagic.esp	WEAP	MAG_DestructionStaffImmolate	FULL	0	Staff of Immolation	地獄火法杖	Mysticism 2.4.2 CHT exact FormKey seed
00000E1F	CDB96D:MysticismMagic.esp	WEAP	MAG_DestructionStaffFireRune	FULL	0	Staff of the Fire Rune	暴炎法印法杖	Mysticism 2.4.2 CHT exact FormKey seed
00000E20	CDB971:MysticismMagic.esp	WEAP	MAG_DestructionStaffGreaterFlames	FULL	0	Staff of Greater Flames	進階火燃術法杖	Mysticism 2.4.2 CHT exact FormKey seed
00000E21	CDB973:MysticismMagic.esp	WEAP	MAG_DestructionStaffFlameTempest	FULL	0	Staff of the Flame Tempest	烈焰焚天術法杖	Mysticism 2.4.2 CHT exact FormKey seed
00000E22	CDB975:MysticismMagic.esp	WEAP	MAG_DestructionStaffGreaterFireRune	FULL	0	Staff of the Greater Fire Rune	進階暴炎法印法杖	Mysticism 2.4.2 CHT exact FormKey seed
00000E23	CDB98C:MysticismMagic.esp	WEAP	MAG_DestructionStaffGreaterFrostbite	FULL	0	Staff of Greater Frostbite	進階冰寒術法杖	Mysticism 2.4.2 CHT exact FormKey seed
00000E24	CDB98F:MysticismMagic.esp	WEAP	MAG_DestructionStaffFrostRune	FULL	0	Staff of the Frost Rune	暴霜法印法杖	Mysticism 2.4.2 CHT exact FormKey seed
00000E25	CDB995:MysticismMagic.esp	WEAP	MAG_DestructionStaffGreaterFrostRune	FULL	0	Staff of the Greater Frost Rune	進階暴霜法印法杖	Mysticism 2.4.2 CHT exact FormKey seed
00000E26	CF9FB5:MysticismMagic.esp	WEAP	MAG_DestructionStaffThroatoftheWorld	FULL	0	Staff of the World's Throat	世界之喉法杖	Mysticism 2.4.2 CHT exact FormKey seed
00000E27	CF9FBA:MysticismMagic.esp	WEAP	MAG_DestructionStaffHoarfrost	FULL	0	Staff of Hoarfrost	白霜法杖	Mysticism 2.4.2 CHT exact FormKey seed
00000E28	CF9FC1:MysticismMagic.esp	WEAP	MAG_DestructionStaffGreaterSparks	FULL	0	Staff of Greater Sparks	進階電擊術法杖	Mysticism 2.4.2 CHT exact FormKey seed
00000E29	CF9FCA:MysticismMagic.esp	WEAP	MAG_DestructionStaffGreaterLightningRune	FULL	0	Staff of the Greater Lightning Rune	進階暴電法印法杖	Mysticism 2.4.2 CHT exact FormKey seed
00000E2A	CF9FCD:MysticismMagic.esp	WEAP	MAG_DestructionStaffLightningStorm	FULL	0	Staff of the Lightning Storm	閃電風暴術法杖	Mysticism 2.4.2 CHT exact FormKey seed
00000E2B	CF9FD0:MysticismMagic.esp	WEAP	MAG_DestructionStaffFingeroftheMountain	FULL	0	Staff of the Mountain's Finger	天雷術法杖	Mysticism 2.4.2 CHT exact FormKey seed
00000E2C	D2C9F8:MysticismMagic.esp	WEAP	MAG_RestorationStaffPoisonCloud	FULL	0	Staff of Poison Cloud	毒雲術法杖	Mysticism 2.4.2 CHT exact FormKey seed
00000E2D	D2C9FB:MysticismMagic.esp	WEAP	MAG_RestorationStaffPoisonSpray	FULL	0	Staff of Poison Spray	毒液噴射法杖	Mysticism 2.4.2 CHT exact FormKey seed
00000E2E	D2C9FD:MysticismMagic.esp	WEAP	MAG_RestorationStaffDeadlyPoisonSpray	FULL	0	Staff of Deadly Poison Spray	猛毒噴射法杖	Mysticism 2.4.2 CHT exact FormKey seed
00000E2F	D2C9FE:MysticismMagic.esp	WEAP	MAG_RestorationStaffMiasma	FULL	0	Staff of the Miasma	瘴毒術法杖	Mysticism 2.4.2 CHT exact FormKey seed
00000E30	D31B00:MysticismMagic.esp	WEAP	MAG_RestorationStaffPoisonbolt	FULL	0	Staff of Poisonbolts	毒球術法杖	Mysticism 2.4.2 CHT exact FormKey seed
00000E31	D31B02:MysticismMagic.esp	WEAP	MAG_RestorationStaffPoisonRune	FULL	0	Staff of the Poison Rune	毒害法印法杖	Mysticism 2.4.2 CHT exact FormKey seed
00000E32	D36C04:MysticismMagic.esp	WEAP	MAG_RestorationStaffViperbolt	FULL	0	Staff of Viperbolt	猛烈毒球術法杖	Mysticism 2.4.2 CHT exact FormKey seed
00000E33	D36C05:MysticismMagic.esp	WEAP	MAG_RestorationStaffDeadlyPoisonRune	FULL	0	Staff of the Deadly Poison Rune	致命毒害法印法杖	Mysticism 2.4.2 CHT exact FormKey seed
00000E34	D36C09:MysticismMagic.esp	WEAP	MAG_RestorationStaffWallofPoison	FULL	0	Staff of the Poison Wall	毒液障壁法杖	Mysticism 2.4.2 CHT exact FormKey seed
00000E35	D36C0B:MysticismMagic.esp	WEAP	MAG_RestorationStaffDeathCloud	FULL	0	Staff of Death's Cloud	奪命霧雲術法杖	Mysticism 2.4.2 CHT exact FormKey seed
00000E36	D4B036:MysticismMagic.esp	WEAP	MAG_RestorationStaffSunfire	FULL	0	Staff of Sun Fire	陽焱術法杖	Mysticism 2.4.2 CHT exact FormKey seed
00000E37	D4B039:MysticismMagic.esp	WEAP	MAG_RestorationStaffSunlightRune	FULL	0	Staff of the Sunlight Rune	日光法印法杖	Mysticism 2.4.2 CHT exact FormKey seed
00000E38	D4B03C:MysticismMagic.esp	WEAP	MAG_RestorationStaffSunbeam	FULL	0	Staff of the Sunbeam	日光束法杖	Mysticism 2.4.2 CHT exact FormKey seed
00000E39	D4B03E:MysticismMagic.esp	WEAP	MAG_RestorationStaffRadiantSunbeam	FULL	0	Staff of the Radiant Sunbeam	烈日光束法杖	Mysticism 2.4.2 CHT exact FormKey seed
00000E3A	D4B045:MysticismMagic.esp	WEAP	MAG_RestorationStaffReflectiveLight	FULL	0	Staff of Reflective Light	淨化光束法杖	Mysticism 2.4.2 CHT exact FormKey seed
00000E3B	D4B05C:MysticismMagic.esp	WEAP	MAG_RestorationStaffSolarFlare	FULL	0	Staff of the Solar Flare	太陽烈炎法杖	Mysticism 2.4.2 CHT exact FormKey seed
00000E3C	D4B062:MysticismMagic.esp	WEAP	MAG_RestorationStaffDaybreak	FULL	0	Staff of Daybreak	穹蒼晨星術法杖	Mysticism 2.4.2 CHT exact FormKey seed
00000E3D	D4B063:MysticismMagic.esp	WEAP	MAG_RestorationStaffRadiantSunlightRune	FULL	0	Staff of the Radiant Sunlight Rune	烈日法印法杖	Mysticism 2.4.2 CHT exact FormKey seed
00000E3E	D4B064:MysticismMagic.esp	WEAP	MAG_RestorationStaffWallofSunlight	FULL	0	Staff of the Sunlight Wall	炎陽障壁法杖	Mysticism 2.4.2 CHT exact FormKey seed
00000E3F	D6459B:MysticismMagic.esp	WEAP	MAG_DestructionStaffDrainLife	FULL	0	Staff of Life Draining	生命吸取法杖	Mysticism 2.4.2 CHT exact FormKey seed
00000E40	D6459D:MysticismMagic.esp	WEAP	MAG_DestructionStaffDrainMagicka	FULL	0	Staff of Magicka Draining	法力吸取法杖	Mysticism 2.4.2 CHT exact FormKey seed
00000E41	D6459F:MysticismMagic.esp	WEAP	MAG_DestructionStaffDrainStamina	FULL	0	Staff of Stamina Draining	耐力吸取法杖	Mysticism 2.4.2 CHT exact FormKey seed
00000E42	D645A0:MysticismMagic.esp	WEAP	MAG_DestructionStaffVampiricBolt	FULL	0	Staff of Vampiric Bolts	茹血法矢法杖	Mysticism 2.4.2 CHT exact FormKey seed
00000E43	D645A1:MysticismMagic.esp	WEAP	MAG_DestructionStaffVampiricBlast	FULL	0	Staff of Vampiric Blasts	茹血狂宴術法杖	Mysticism 2.4.2 CHT exact FormKey seed
00000E44	D645A2:MysticismMagic.esp	WEAP	MAG_DestructionStaffVampiricRune	FULL	0	Staff of the Vampiric Rune	茹血法印法杖	Mysticism 2.4.2 CHT exact FormKey seed
00000E45	D645A3:MysticismMagic.esp	WEAP	MAG_DestructionStaffLeechLife	FULL	0	Staff of Life Leeching	生命汲取法杖	Mysticism 2.4.2 CHT exact FormKey seed
00000E46	D645A4:MysticismMagic.esp	WEAP	MAG_DestructionStaffLeechMagicka	FULL	0	Staff of Magicka Leeching	法力汲取法杖	Mysticism 2.4.2 CHT exact FormKey seed
00000E47	D645A5:MysticismMagic.esp	WEAP	MAG_DestructionStaffLeechStamina	FULL	0	Staff of Stamina Leeching	耐力汲取法杖	Mysticism 2.4.2 CHT exact FormKey seed
00000E48	D645A6:MysticismMagic.esp	WEAP	MAG_DestructionStaffBloodLance	FULL	0	Staff of the Blood Lance	腥紅血槍法杖	Mysticism 2.4.2 CHT exact FormKey seed
00000E49	DC99DF:MysticismMagic.esp	WEAP	MAG_BoundWeaponGreatsword	FULL	0	Bound Greatsword	魔力塑形巨劍	Mysticism 2.4.2 CHT exact FormKey seed
00000E4A	DD3BEA:MysticismMagic.esp	WEAP	MAG_BoundWeaponWarAxe	FULL	0	Bound War Axe	魔力塑形戰斧	Mysticism 2.4.2 CHT exact FormKey seed
00000E4B	DDDDF1:MysticismMagic.esp	WEAP	MAG_BoundWeaponGreatswordMystic	FULL	0	Bound Greatsword	魔力塑形巨劍	Mysticism 2.4.2 CHT exact FormKey seed
00000E4C	DED0F3:MysticismMagic.esp	WEAP	MAG_BoundWeaponWarhammer	FULL	0	Bound Warhammer	魔力塑形戰錘	Mysticism 2.4.2 CHT exact FormKey seed
00000E4D	DFC3FC:MysticismMagic.esp	WEAP	MAG_BoundWeaponMace	FULL	0	Bound Mace	塑形釘槌	Mysticism 2.4.2 CHT exact FormKey seed
00000E4E	E15906:MysticismMagic.esp	WEAP	MAG_BoundWeaponWarAxeMystic	FULL	0	Bound War Axe	魔力塑形戰斧	Mysticism 2.4.2 CHT exact FormKey seed
00000E4F	E15907:MysticismMagic.esp	WEAP	MAG_BoundWeaponWarhammerMystic	FULL	0	Bound Warhammer	魔力塑形戰錘	Mysticism 2.4.2 CHT exact FormKey seed
00000E50	E15908:MysticismMagic.esp	WEAP	MAG_BoundWeaponMaceMystic	FULL	0	Bound Mace	塑形釘槌	Mysticism 2.4.2 CHT exact FormKey seed
00000E51	E1FB59:MysticismMagic.esp	WEAP	MAG_ConjurationStaffConjureSpectralDireWolf	FULL	0	Staff of the Spectral Dire Wolf	幽靈惡狼卷軸	Mysticism 2.4.2 CHT exact FormKey seed
00000E52	E1FB5B:MysticismMagic.esp	WEAP	MAG_ConjurationStaffConjureSkeleton	FULL	0	Staff of the Skeleton	骷髏法杖	Mysticism 2.4.2 CHT exact FormKey seed
00000E53	E1FB5D:MysticismMagic.esp	WEAP	MAG_ConjurationStaffConjureSkeletonArcher	FULL	0	Staff of the Skeleton Archer	骷髏弓箭手法杖	Mysticism 2.4.2 CHT exact FormKey seed
00000E54	E1FB60:MysticismMagic.esp	WEAP	MAG_ConjurationStaffConjureSpectralSabreCat	FULL	0	Staff of the Spectral Sabre Cat	幽靈劍齒虎法杖	Mysticism 2.4.2 CHT exact FormKey seed
00000E55	E1FB63:MysticismMagic.esp	WEAP	MAG_ConjurationStaffConjureSpectralSteed	FULL	0	Staff of the Spectral Steed	幽靈戰馬法杖	Mysticism 2.4.2 CHT exact FormKey seed
00000E56	E1FB66:MysticismMagic.esp	WEAP	MAG_ConjurationStaffConjureDremoraWarrior	FULL	0	Staff of the Dremora Warrior	魔人戰士法杖	Mysticism 2.4.2 CHT exact FormKey seed
00000E57	E1FB69:MysticismMagic.esp	WEAP	MAG_ConjurationStaffConjureSkeletonMage	FULL	0	Staff of the Skeleton Mage	骷髏法師法杖	Mysticism 2.4.2 CHT exact FormKey seed
00000E58	E1FB6C:MysticismMagic.esp	WEAP	MAG_ConjurationStaffConjureFlamingFamiliar	FULL	0	Staff of the Flaming Familiar	烈焰使魔法杖	Mysticism 2.4.2 CHT exact FormKey seed
00000E59	E1FB6F:MysticismMagic.esp	WEAP	MAG_ConjurationStaffConjureAncestralGuardian	FULL	0	Staff of the Ancestral Guardian	先祖護衛者法杖	Mysticism 2.4.2 CHT exact FormKey seed
00000E5A	E1FB72:MysticismMagic.esp	WEAP	MAG_ConjurationStaffConjureAshSpawn	FULL	0	Staff of the Ash Spawn	凝灰鬼法杖	Mysticism 2.4.2 CHT exact FormKey seed
00000E5B	E1FB75:MysticismMagic.esp	WEAP	MAG_ConjurationStaffConjureBoneman	FULL	0	Staff of the Boneman	骨骸法杖	Mysticism 2.4.2 CHT exact FormKey seed
00000E5C	E1FB78:MysticismMagic.esp	WEAP	MAG_ConjurationStaffConjureSeeker	FULL	0	Staff of the Seeker	識巡者法杖	Mysticism 2.4.2 CHT exact FormKey seed
00000E5D	E1FB7B:MysticismMagic.esp	WEAP	MAG_ConjurationStaffConjureSpectralBear	FULL	0	Staff of the Spectral Bear	幽靈熊法杖	Mysticism 2.4.2 CHT exact FormKey seed
00000E5E	E1FB82:MysticismMagic.esp	WEAP	MAG_ConjurationStaffConjureSkeletonWarrior	FULL	0	Staff of the Skeleton Warrior	骷髏戰士法杖	Mysticism 2.4.2 CHT exact FormKey seed
00000E5F	E1FB84:MysticismMagic.esp	WEAP	MAG_ConjurationStaffConjureAncestralWizard	FULL	0	Staff of the Ancestral Wizard	先祖法師法杖	Mysticism 2.4.2 CHT exact FormKey seed
00000E60	E1FB88:MysticismMagic.esp	WEAP	MAG_ConjurationStaffConjureFlameMonarch	FULL	0	Staff of the Flame Monarch	烈焰君王法杖	Mysticism 2.4.2 CHT exact FormKey seed
00000E61	E1FB8A:MysticismMagic.esp	WEAP	MAG_ConjurationStaffConjureStormMonarch	FULL	0	Staff of the Storm Monarch	風暴君王法杖	Mysticism 2.4.2 CHT exact FormKey seed
00000E62	E1FB8C:MysticismMagic.esp	WEAP	MAG_ConjurationStaffConjureFrostMonarch	FULL	0	Staff of the Frost Monarch	寒霜君王法杖	Mysticism 2.4.2 CHT exact FormKey seed
00000E63	E1FB8F:MysticismMagic.esp	WEAP	MAG_ConjurationStaffConjureDremoraLord	FULL	0	Staff of the Dremora Lord	魔人將士法杖	Mysticism 2.4.2 CHT exact FormKey seed
00000E64	E1FB92:MysticismMagic.esp	WEAP	MAG_ConjurationStaffConjureSkeletonChampion	FULL	0	Staff of the Skeleton Champion	骷髏霸主法杖	Mysticism 2.4.2 CHT exact FormKey seed
00000E65	E1FB95:MysticismMagic.esp	WEAP	MAG_ConjurationStaffConjureAncestralAssassin	FULL	0	Staff of the Ancestral Assassin	先祖刺客法杖	Mysticism 2.4.2 CHT exact FormKey seed
00000E66	E1FB9A:MysticismMagic.esp	WEAP	MAG_ConjurationStaffConjureAshHusk	FULL	0	Staff of the Ash Husk	凝灰犬法杖	Mysticism 2.4.2 CHT exact FormKey seed
00000E67	E1FB9D:MysticismMagic.esp	WEAP	MAG_ConjurationStaffConjureWrathman	FULL	0	Staff of the Wrathman	怒骸法杖	Mysticism 2.4.2 CHT exact FormKey seed
00000E68	E1FB9F:MysticismMagic.esp	WEAP	MAG_ConjurationStaffConjureHighSeeker	FULL	0	Staff of the High Seeker	高等識巡者法杖	Mysticism 2.4.2 CHT exact FormKey seed
00000E69	E1FBA3:MysticismMagic.esp	WEAP	MAG_ConjurationStaffDeadThrall	FULL	0	Staff of Dead Thrall	屍僕支配術法杖	Mysticism 2.4.2 CHT exact FormKey seed
00000E6A	E7FED8:MysticismMagic.esp	WEAP	MAG_ConjurationStaffConjureSpectralManbeast	FULL	0	Staff of the Spectral Manbeast	幽靈獸化人法杖	Mysticism 2.4.2 CHT exact FormKey seed
00000E6B	F4F8BE:MysticismMagic.esp	WEAP	MAG_ConjurationStaffConjureMistman	FULL	0	Staff of the Mistman	霧骸法杖	Mysticism 2.4.2 CHT exact FormKey seed
00000E6C	F549C7:MysticismMagic.esp	WEAP	MAG_DestructionStaffLightningRune	FULL	0	Staff of the Lightning Rune	暴電法印法杖	Mysticism 2.4.2 CHT exact FormKey seed
00000E6D	F59AE4:MysticismMagic.esp	WEAP	MAG_AlterationStaffDestroyConstruct	FULL	0	Staff of Deconstruction	解構術法杖	Mysticism 2.4.2 CHT exact FormKey seed
00000E6E	F59AEA:MysticismMagic.esp	WEAP	MAG_AlterationStaffAshForm	FULL	0	Staff of Ash Form	燼封術法杖	Mysticism 2.4.2 CHT exact FormKey seed
00000E6F	F59AF3:MysticismMagic.esp	WEAP	MAG_AlterationStaffAshRune	FULL	0	Staff of the Ash Rune	燼封法印法杖	Mysticism 2.4.2 CHT exact FormKey seed
00000E70	F59AF9:MysticismMagic.esp	WEAP	MAG_AlterationStaffDwemerbane	FULL	0	Staff of the Dwemerbane	鍛莫泯滅術法杖	Mysticism 2.4.2 CHT exact FormKey seed
00000E71	F59AFC:MysticismMagic.esp	WEAP	MAG_AlterationStaffCinderStorm	FULL	0	Staff of the Cinder Storm	漫天燼封術法杖	Mysticism 2.4.2 CHT exact FormKey seed
00000E72	F59B0C:MysticismMagic.esp	WEAP	MAG_ConjurationStaffConjureDeathHound	FULL	0	Staff of the Death Hound	殭犬法杖	Mysticism 2.4.2 CHT exact FormKey seed
00000E73	F59B0F:MysticismMagic.esp	WEAP	MAG_ConjurationStaffConjureVolkiharHound	FULL	0	Staff of the Volkihar Hound	沃奇哈獵犬法杖	Mysticism 2.4.2 CHT exact FormKey seed
00000E74	F59B18:MysticismMagic.esp	WEAP	MAG_ConjurationStaffConjureGargoyle	FULL	0	Staff of the Gargoyle	石像鬼法杖	Mysticism 2.4.2 CHT exact FormKey seed
00000E75	F59B1D:MysticismMagic.esp	WEAP	MAG_ConjurationStaffConjureGargoyleBrute	FULL	0	Staff of the Gargoyle Brute	石像鬼擬態者法杖	Mysticism 2.4.2 CHT exact FormKey seed
00000E76	F59B3E:MysticismMagic.esp	WEAP	MAG_IllusionStaffFade	FULL	0	Staff of Fading	他人隱身法杖	Mysticism 2.4.2 CHT exact FormKey seed
00000E77	FAFCDC:MysticismMagic.esp	WEAP	MAG_AlterationStaffAshCloud	FULL	0	Staff of the Ash Cloud	燼雲術法杖	Mysticism 2.4.2 CHT exact FormKey seed
00000E78	01F303:MysticismMagic.esp	AMMO	MAG_WrathmanArrow	FULL	0	Dragonbone Arrow	龍骨箭矢	Mysticism 2.4.2 CHT exact FormKey seed
00000E79	00FFEC:MysticismMagic.esp	AMMO	MAG_DaedraArrow	FULL	0	Daedric Arrow	魔族箭矢	Mysticism 2.4.2 CHT exact FormKey seed
00000E7A	0CDECC:Skyrim.esm	NPC_	MAG_SummonAtronachFlameMonarchPotent	FULL	0	Potent Flame Monarch	強力烈焰君王	Mysticism 2.4.2 CHT exact FormKey seed
00000E7B	01CDF8:Dragonborn.esm	NPC_	MAG_AshSpawnSummon	FULL	0	Ash Spawn	凝灰鬼	Mysticism 2.4.2 CHT exact FormKey seed
00000E7C	41353F:MysticismMagic.esp	NPC_	MAG_SkeletonSummon	FULL	0	Skeleton	骷髏	Mysticism 2.4.2 CHT exact FormKey seed
00000E7D	0045B7:Dawnguard.esm	NPC_	MAG_MistmanSummon	FULL	0	Mistman	霧骸	Mysticism 2.4.2 CHT exact FormKey seed
00000E7E	00BDD0:Dawnguard.esm	NPC_	MAG_ArvakSummon	FULL	0	Arvak	阿爾瓦克	Mysticism 2.4.2 CHT exact FormKey seed
00000E7F	01F2F1:MysticismMagic.esp	NPC_	MAG_DremoraSorcererSummon	FULL	0	Dremora Sorcerer	魔人巫士	Mysticism 2.4.2 CHT exact FormKey seed
00000E80	E7FECE:MysticismMagic.esp	NPC_	MAG_GargoyleSummon	FULL	0	Gargoyle	石像鬼	Mysticism 2.4.2 CHT exact FormKey seed
00000E81	0204C1:Skyrim.esm	NPC_	MAG_SummonAtronachFrost	FULL	0	Frost Atronach	寒霜屬靈	Mysticism 2.4.2 CHT exact FormKey seed
00000E82	422851:MysticismMagic.esp	NPC_	MAG_DremoraWarriorSummon	FULL	0	Dremora Warrior	魔人戰士	Mysticism 2.4.2 CHT exact FormKey seed
00000E83	413542:MysticismMagic.esp	NPC_	MAG_SkeletonArcherSummon	FULL	0	Skeleton Archer	骷髏弓箭手	Mysticism 2.4.2 CHT exact FormKey seed
00000E84	E7FEC5:MysticismMagic.esp	NPC_	MAG_DeathHoundSummon	FULL	0	Death Hound	殭犬	Mysticism 2.4.2 CHT exact FormKey seed
00000E85	0204C2:Skyrim.esm	NPC_	MAG_SummonAtronachStorm	FULL	0	Storm Atronach	風暴屬靈	Mysticism 2.4.2 CHT exact FormKey seed
00000E86	04E940:Skyrim.esm	NPC_	MAG_SummonAtronachFlamePotent	FULL	0	Potent Flame Atronach	強力烈焰屬靈	Mysticism 2.4.2 CHT exact FormKey seed
00000E87	04E943:Skyrim.esm	NPC_	MAG_SummonAtronachFrostPotent	FULL	0	Potent Frost Atronach	強力寒霜屬靈	Mysticism 2.4.2 CHT exact FormKey seed
00000E88	0640B5:Skyrim.esm	NPC_	MAG_SpectralWolfSummon	FULL	0	Spectral Wolf	幽靈狼	Mysticism 2.4.2 CHT exact FormKey seed
00000E89	06A152:Skyrim.esm	NPC_	MAG_MGArnielSummon	FULL	0	Arniel's Shade	虛影阿內爾	Mysticism 2.4.2 CHT exact FormKey seed
00000E8A	07E87D:Skyrim.esm	NPC_	MAG_SummonAtronachFlameMonarch	FULL	0	Flame Monarch	烈焰君王	Mysticism 2.4.2 CHT exact FormKey seed
00000E8B	0CDECD:Skyrim.esm	NPC_	MAG_SummonAtronachFrostMonarchPotent	FULL	0	Potent Frost Monarch	強力寒霜君王	Mysticism 2.4.2 CHT exact FormKey seed
00000E8C	0CDECE:Skyrim.esm	NPC_	MAG_SummonAtronachStormMonarchPotent	FULL	0	Potent Storm Monarch	強力風暴君王	Mysticism 2.4.2 CHT exact FormKey seed
00000E8D	01EEC9:Dragonborn.esm	NPC_	MAG_SeekerSummon	FULL	0	Seeker	識巡者	Mysticism 2.4.2 CHT exact FormKey seed
00000E8E	01F2F2:MysticismMagic.esp	NPC_	MAG_DremoraHunterSummon	FULL	0	Dremora Hunter	魔人獵人	Mysticism 2.4.2 CHT exact FormKey seed
00000E8F	01F304:MysticismMagic.esp	NPC_	MAG_WrathmanMarksmanSummon	FULL	0	Wrathman Marksman	怒骸神射手	Mysticism 2.4.2 CHT exact FormKey seed
00000E90	01F305:MysticismMagic.esp	NPC_	MAG_WrathmanWarlockSummon	FULL	0	Wrathman Warlock	怒骸術士	Mysticism 2.4.2 CHT exact FormKey seed
00000E91	3FA033:MysticismMagic.esp	NPC_	MAG_SummonEncDremoraLordFull	FULL	0	Dremora Lord	魔人將士	Mysticism 2.4.2 CHT exact FormKey seed
00000E92	404239:MysticismMagic.esp	NPC_	MAG_WrathmanSummon	FULL	0	Wrathman	怒骸	Mysticism 2.4.2 CHT exact FormKey seed
00000E93	40933A:MysticismMagic.esp	NPC_	MAG_SkeletonWarriorSummon	FULL	0	Skeleton Warrior	骷髏戰士	Mysticism 2.4.2 CHT exact FormKey seed
00000E94	413546:MysticismMagic.esp	NPC_	MAG_SkeletonMageSummon	FULL	0	Skeleton Mage	骷髏法師	Mysticism 2.4.2 CHT exact FormKey seed
00000E95	41864A:MysticismMagic.esp	NPC_	MAG_SkeletonChampionSummon	FULL	0	Skeleton Champion	骷髏霸主	Mysticism 2.4.2 CHT exact FormKey seed
00000E96	427957:MysticismMagic.esp	NPC_	MAG_DremoraWarlockSummon	FULL	0	Dremora Warlock	魔人術士	Mysticism 2.4.2 CHT exact FormKey seed
00000E97	43BD60:MysticismMagic.esp	NPC_	MAG_SpectralDireWolfSummon	FULL	0	Spectral Dire Wolf	幽靈惡狼	Mysticism 2.4.2 CHT exact FormKey seed
00000E98	43BD63:MysticismMagic.esp	NPC_	MAG_SpectralSabreCatSummon	FULL	0	Spectral Sabre Cat	幽靈劍齒虎	Mysticism 2.4.2 CHT exact FormKey seed
00000E99	43BD6F:MysticismMagic.esp	NPC_	MAG_SpectralManbeastSummon	FULL	0	Spectral Manbeast	幽靈獸化人	Mysticism 2.4.2 CHT exact FormKey seed
00000E9A	446016:MysticismMagic.esp	NPC_	MAG_DwarvenSpiderSummon	FULL	0	Dwarven Spider	矮人蜘蛛	Mysticism 2.4.2 CHT exact FormKey seed
00000E9B	D789B1:MysticismMagic.esp	NPC_	MAG_SpectralBearSummon	FULL	0	Spectral Bear	幽靈熊	Mysticism 2.4.2 CHT exact FormKey seed
00000E9C	E7ADC0:MysticismMagic.esp	NPC_	MAG_AshGuardianSummon	FULL	0	Ash Guardian	凝灰岩衛	Mysticism 2.4.2 CHT exact FormKey seed
00000E9D	E7FED3:MysticismMagic.esp	NPC_	MAG_GargoyleBruteSummon	FULL	0	Gargoyle Brute	石像鬼擬態者	Mysticism 2.4.2 CHT exact FormKey seed
00000E9E	E7FECA:MysticismMagic.esp	NPC_	MAG_VolkiharHoundSummon	FULL	0	Volkihar Hound	沃奇哈獵犬	Mysticism 2.4.2 CHT exact FormKey seed
00000E9F	09CE28:Skyrim.esm	NPC_	MAG_SummonFlamingThrall	FULL	0	Flaming Familiar	烈焰使魔召喚術	Mysticism 2.4.2 CHT exact FormKey seed
00000EA0	43BD6A:MysticismMagic.esp	NPC_	MAG_SpectralSteedSummon	FULL	0	Steed	戰馬	Mysticism 2.4.2 CHT exact FormKey seed
00000EA1	01BDB2:Skyrim.esm	NPC_	FestusKrex	FULL	0	Festus Krex	菲斯圖斯·克萊克斯	Mysticism 2.4.2 CHT exact FormKey seed
00000EA2	43BD75:MysticismMagic.esp	NPC_	MAG_AncestralGuardianSummon	FULL	0	Ancestral Guardian	先祖護衛者	Mysticism 2.4.2 CHT exact FormKey seed
00000EA3	43BD7B:MysticismMagic.esp	NPC_	MAG_AncestralWizardSummon	FULL	0	Ancestral Wizard	先祖法師	Mysticism 2.4.2 CHT exact FormKey seed
00000EA4	43BD84:MysticismMagic.esp	NPC_	MAG_AncestralAssassinSummon	FULL	0	Ancestral Assassin	先祖刺客	Mysticism 2.4.2 CHT exact FormKey seed
00000EA5	0204C0:Skyrim.esm	NPC_	MAG_SummonAtronachFlame	FULL	0	Flame Atronach	烈焰屬靈	Mysticism 2.4.2 CHT exact FormKey seed
00000EA6	455388:MysticismMagic.esp	NPC_	MAG_HighSeekerSummon	FULL	0	High Seeker	高等識巡者	Mysticism 2.4.2 CHT exact FormKey seed
00000EA7	07E87E:Skyrim.esm	NPC_	MAG_SummonAtronachFrostMonarch	FULL	0	Frost Monarch	寒霜君王	Mysticism 2.4.2 CHT exact FormKey seed
00000EA8	B230C0:MysticismMagic.esp	NPC_	MAG_AspectofPeaceSummon	FULL	0	Aspect of Peace	Aspect of Peace	Mysticism 2.4.2 CHT exact FormKey seed
00000EA9	04E944:Skyrim.esm	NPC_	MAG_SummonAtronachStormPotent	FULL	0	Potent Storm Atronach	強力風暴屬靈	Mysticism 2.4.2 CHT exact FormKey seed
00000EAA	45F593:MysticismMagic.esp	NPC_	MAG_AshHuskSummon	FULL	0	Ash Husk	凝灰犬	Mysticism 2.4.2 CHT exact FormKey seed
00000EAB	07E87F:Skyrim.esm	NPC_	MAG_SummonAtronachStormMonarch	FULL	0	Storm Monarch	風暴君王	Mysticism 2.4.2 CHT exact FormKey seed
00000EAC	0045B9:Dawnguard.esm	NPC_	MAG_BonemanSummon	FULL	0	Boneman	骨骸	Mysticism 2.4.2 CHT exact FormKey seed
00000EAD	7388D4:MysticismMagic.esp	PROJ	MAG_ProjectileSunbeam01	FULL	0	Light Beam	光束	Mysticism 2.4.2 CHT exact FormKey seed
00000EAE	05BF10:MysticismMagic.esp	HAZD	MAG_CircleofStrengthHazardPerk	FULL	0	Circle of Strength Hazard	Circle of Strength Hazard	Mysticism 2.4.2 CHT exact FormKey seed
00000EAF	0591A5:Skyrim.esm	HAZD	MAG_ShockBarrierHazard	FULL	0	Shock	Shock	Mysticism 2.4.2 CHT exact FormKey seed
00000EB0	8F617C:MysticismMagic.esp	HAZD	MAG_FireBarrierHazardDropDualcast	FULL	0	Fire	火焰	Mysticism 2.4.2 CHT exact FormKey seed
00000EB1	F21F3B:MysticismMagic.esp	HAZD	MAG_CircleofStrengthHazardDualCast	FULL	0	Circle of Strength Hazard	Circle of Strength Hazard	Mysticism 2.4.2 CHT exact FormKey seed
00000EB2	F36374:MysticismMagic.esp	HAZD	MAG_CircleofLifeHazardDualCast	FULL	0	Circle of Life Hazard	Circle of Life Hazard	Mysticism 2.4.2 CHT exact FormKey seed
00000EB3	0590FB:Skyrim.esm	HAZD	MAG_FireBarrierHazardDrop	FULL	0	Fire	火焰	Mysticism 2.4.2 CHT exact FormKey seed
00000EB4	F08A1E:MysticismMagic.esp	HAZD	MAG_CircleofWisdomHazardDualCast	FULL	0	Circle of Wisdom Hazard	Circle of Wisdom Hazard	Mysticism 2.4.2 CHT exact FormKey seed
00000EB5	05BF0E:MysticismMagic.esp	HAZD	MAG_CircleofLifeHazardPerk	FULL	0	Circle of Life Hazard	Circle of Life Hazard	Mysticism 2.4.2 CHT exact FormKey seed
00000EB6	F21F3D:MysticismMagic.esp	HAZD	MAG_CircleofStrengthHazardDummy01	FULL	0	Circle of Strength Hazard	Circle of Strength Hazard	Mysticism 2.4.2 CHT exact FormKey seed
00000EB7	F36375:MysticismMagic.esp	HAZD	MAG_CircleofLifeHazardPerkDualCast	FULL	0	Circle of Life Hazard	Circle of Life Hazard	Mysticism 2.4.2 CHT exact FormKey seed
00000EB8	48CEF8:MysticismMagic.esp	HAZD	MAG_CircleofWisdomHazardDummy01	FULL	0	Circle of Wisdom Hazard	Circle of Wisdom Hazard	Mysticism 2.4.2 CHT exact FormKey seed
00000EB9	CCC63E:MysticismMagic.esp	HAZD	MAG_CircleOfProtectionHazardDualCast	FULL	0	Circle of Protection Hazard	Circle of Protection Hazard	Mysticism 2.4.2 CHT exact FormKey seed
00000EBA	A11A3A:MysticismMagic.esp	HAZD	MAG_SunlightBarrierHazardDrop	FULL	0	Fire	火焰	Mysticism 2.4.2 CHT exact FormKey seed
00000EBB	05BF0F:MysticismMagic.esp	HAZD	MAG_CircleofWisdomHazardPerk	FULL	0	Circle of Wisdom Hazard	Circle of Wisdom Hazard	Mysticism 2.4.2 CHT exact FormKey seed
00000EBC	F21F3C:MysticismMagic.esp	HAZD	MAG_CircleofStrengthHazardPerkDualCast	FULL	0	Circle of Strength Hazard	Circle of Strength Hazard	Mysticism 2.4.2 CHT exact FormKey seed
00000EBD	F1CE37:MysticismMagic.esp	HAZD	MAG_CircleofStrengthHazard	FULL	0	Circle of Strength Hazard	Circle of Strength Hazard	Mysticism 2.4.2 CHT exact FormKey seed
00000EBE	F36364:MysticismMagic.esp	HAZD	MAG_FontofWisdomHazardDummy01	FULL	0	Font of Wisdom Hazard	Font of Wisdom Hazard	Mysticism 2.4.2 CHT exact FormKey seed
00000EBF	9C5AE8:MysticismMagic.esp	HAZD	MAG_SunlightBarrierHazard	FULL	0	Fire	火焰	Mysticism 2.4.2 CHT exact FormKey seed
00000EC0	F36354:MysticismMagic.esp	HAZD	MAG_FontofStrengthHazardDummy01	FULL	0	Font of Strength Hazard	Font of Strength Hazard	Mysticism 2.4.2 CHT exact FormKey seed
00000EC1	F36373:MysticismMagic.esp	HAZD	MAG_CircleofLifeHazard	FULL	0	Circle of Life Hazard	Circle of Life Hazard	Mysticism 2.4.2 CHT exact FormKey seed
00000EC2	A11A3C:MysticismMagic.esp	HAZD	MAG_SunlightBarrierHazardDropDualCast	FULL	0	Fire	火焰	Mysticism 2.4.2 CHT exact FormKey seed
00000EC3	A11A32:MysticismMagic.esp	HAZD	MAG_PoisonBarrierHazardDropDualCast	FULL	0	Poison Barrier	毒牆術	Mysticism 2.4.2 CHT exact FormKey seed
00000EC4	04E80C:Skyrim.esm	HAZD	MAG_CircleOfProtectionHazard	FULL	0	Circle of Protection Hazard	Circle of Protection Hazard	Mysticism 2.4.2 CHT exact FormKey seed
00000EC5	F08A1C:MysticismMagic.esp	HAZD	MAG_CircleofWisdomHazard	FULL	0	Circle of Wisdom Hazard	Circle of Wisdom Hazard	Mysticism 2.4.2 CHT exact FormKey seed
00000EC6	96F9B6:MysticismMagic.esp	HAZD	MAG_PoisonBarrierHazardDrop	FULL	0	Poison Barrier	毒牆術	Mysticism 2.4.2 CHT exact FormKey seed
00000EC7	F3B484:MysticismMagic.esp	HAZD	MAG_FontofLifeHazardDummy01	FULL	0	Font of Vitality Hazard	Font of Vitality Hazard	Mysticism 2.4.2 CHT exact FormKey seed
00000EC8	F36370:MysticismMagic.esp	HAZD	MAG_CircleofLifeHazardDummy01	FULL	0	Circle of Life Hazard	Circle of Life Hazard	Mysticism 2.4.2 CHT exact FormKey seed
00000EC9	F08A22:MysticismMagic.esp	HAZD	MAG_CircleofWisdomHazardPerkDualCast	FULL	0	Circle of Wisdom Hazard	Circle of Wisdom Hazard	Mysticism 2.4.2 CHT exact FormKey seed
00000ECA	96A8B3:MysticismMagic.esp	HAZD	MAG_PoisonBarrierHazard	FULL	0	Poison Barrier	毒牆術	Mysticism 2.4.2 CHT exact FormKey seed
00000ECB	08F3EE:Skyrim.esm	HAZD	MAG_FireBarrierHazard	FULL	0	Fire	火焰	Mysticism 2.4.2 CHT exact FormKey seed
00000ECC	A11A31:MysticismMagic.esp	HAZD	MAG_PoisonBarrierHazardDualCast	FULL	0	Poison Barrier	毒牆術	Mysticism 2.4.2 CHT exact FormKey seed
00000ECD	0592D1:Skyrim.esm	HAZD	MAG_ShockBarrierHazardDrop	FULL	0	Fire	火焰	Mysticism 2.4.2 CHT exact FormKey seed
00000ECE	0CAABF:MysticismMagic.esp	HAZD	MAG_ShockBarrierHazardDualcast	FULL	0	Shock	Shock	Mysticism 2.4.2 CHT exact FormKey seed
00000ECF	A11A2F:MysticismMagic.esp	HAZD	MAG_ShockBarrierHazardDropDualcast	FULL	0	Shock	Shock	Mysticism 2.4.2 CHT exact FormKey seed
00000ED0	A11A3B:MysticismMagic.esp	HAZD	MAG_SunlightBarrierHazardDualCast	FULL	0	Fire	火焰	Mysticism 2.4.2 CHT exact FormKey seed
00000ED1	0B15AE:MysticismMagic.esp	HAZD	MAG_FireBarrierHazardDualcast	FULL	0	Fire	火焰	Mysticism 2.4.2 CHT exact FormKey seed
00000ED2	054B6F:Skyrim.esm	CELL	Mzulft03	FULL	0	Mzulft Aedrome	姆奏夫特大試驗廳	Mysticism 2.4.2 CHT exact FormKey seed
00000ED3	01EDE2:Dragonborn.esm	CELL	DLC2Book02DungeonNEW	FULL	0	Apocrypha	晦明識界	Mysticism 2.4.2 CHT exact FormKey seed
00000ED4	0CAB92:Skyrim.esm	CELL	WinterholdCollegeArchMageQuarters	FULL	0	Arch-Mage's Quarters	首席法師居住區	Mysticism 2.4.2 CHT exact FormKey seed
00000ED5	0263EF:Skyrim.esm	CELL	PotemasCatacombs03	FULL	0	Potema's Sanctum	波特瑪密室	Mysticism 2.4.2 CHT exact FormKey seed
00000ED6	016EA1:Skyrim.esm	CELL	BloodletThrone01	FULL	0	Bloodlet Throne	釋血王座	Mysticism 2.4.2 CHT exact FormKey seed
00000ED7	0142F5:Dragonborn.esm	CELL	DLC2POIBookLevel02	FULL	0	Apocrypha	晦明識界	Mysticism 2.4.2 CHT exact FormKey seed
00000ED8	01526F:Skyrim.esm	CELL	MovarthsLair01	FULL	0	Movarth's Lair	莫瓦斯的巢穴	Mysticism 2.4.2 CHT exact FormKey seed
00000ED9	0AD5A1:Skyrim.esm	CELL	DarkBrotherhoodSanctuary	FULL	0	Dark Brotherhood Sanctuary	黑暗兄弟會所	Mysticism 2.4.2 CHT exact FormKey seed
00000EDA	00003C:Skyrim.esm	WRLD	Tamriel	FULL	0	Skyrim	天霜	Mysticism 2.4.2 CHT exact FormKey seed
00000EDB	0D45F0:Skyrim.esm	WRLD	WindhelmPitWorldspace	FULL	0	The Pit	地窖	Mysticism 2.4.2 CHT exact FormKey seed
00000EDC	01D8D1:Dragonborn.esm	QUST	DLC2TTR3b	FULL	0	Wind and Sand	風與沙	Mysticism 2.4.2 CHT exact FormKey seed
00000EDD	01D8D1:Dragonborn.esm	QUST	DLC2TTR3b	CNAM	0	Neloth has asked me to get a copy of Wind and Sand from inside <Alias=Dungeon>. He needs it for his spell research.	尼洛施要求我從<Alias=Dungeon>中拿一本《風與沙》去給他，好供他用於法術研究上。	Mysticism 2.4.2 CHT exact FormKey seed
00000EDE	01D8D1:Dragonborn.esm	QUST	DLC2TTR3b	CNAM	1	I found a copy of Wind and Sand from inside <alias=dungeon>. Neloth needs it for his spell research.	我在<alias=dungeon>中找到了一本《風與沙》。尼洛施的法術研究用得上它。	Mysticism 2.4.2 CHT exact FormKey seed
00000EDF	01D8D1:Dragonborn.esm	QUST	DLC2TTR3b	CNAM	2	I found a copy of Wind and Sand from inside <alias=dungeon>. Neloth needed it for his spell research. I should be able to buy the spell from Talvas.	我在<alias=dungeon>中找到了一本《風與沙》。尼洛施用它來進行法術研究。我可以向塔瓦斯購買那個法術。	Mysticism 2.4.2 CHT exact FormKey seed
00000EE0	01D8D1:Dragonborn.esm	QUST	DLC2TTR3b	NNAM	0	Get the Wind and Sand book	取得《風與沙》	Mysticism 2.4.2 CHT exact FormKey seed
00000EE1	01D8D1:Dragonborn.esm	QUST	DLC2TTR3b	NNAM	1	Talk to Neloth	與尼洛施交談	Mysticism 2.4.2 CHT exact FormKey seed
00000EE2	A5375B:MysticismMagic.esp	EXPL	MAG_ExplosionRuneSun01DualCast	FULL	0	DLC1AurielsBow Exp01	DLC1AurielsBow Exp01	Mysticism 2.4.2 CHT exact FormKey seed
00000EE3	A5375C:MysticismMagic.esp	EXPL	MAG_ExplosionRuneSun02DualCast	FULL	0	DLC1AurielsBow Exp01	DLC1AurielsBow Exp01	Mysticism 2.4.2 CHT exact FormKey seed
00000EE4	A53759:MysticismMagic.esp	EXPL	MAG_ExplosionRuneSun02	FULL	0	DLC1AurielsBow Exp01	DLC1AurielsBow Exp01	Mysticism 2.4.2 CHT exact FormKey seed
00000EE5	A4E651:MysticismMagic.esp	EXPL	MAG_ExplosionRuneSun01	FULL	0	DLC1AurielsBow Exp01	DLC1AurielsBow Exp01	Mysticism 2.4.2 CHT exact FormKey seed
00000EE6	798BFA:MysticismMagic.esp	EXPL	MAG_ExplosionSunbeamMassive	FULL	0	DLC1AurielsBow Exp01	DLC1AurielsBow Exp01	Mysticism 2.4.2 CHT exact FormKey seed
00000EE7	018F01:Dawnguard.esm	EXPL	MAG_ExplosionVampiresBane	FULL	0	Auriels Bow Explosion	Auriels Bow Explosion	Mysticism 2.4.2 CHT exact FormKey seed
00000EE8	05DBAD:Skyrim.esm	EXPL	MAG_ChainLightningExplosion	FULL	0	Chain Lightning	閃電連鎖術	Mysticism 2.4.2 CHT exact FormKey seed
00000EE9	CF4EA0:MysticismMagic.esp	EXPL	MAG_ChainLightningMassExplosion	FULL	0	Chain Lightning	閃電連鎖術	Mysticism 2.4.2 CHT exact FormKey seed
00000EEA	ADA505:Update.esm	PERK	MAG_VampireFalseLifeDummyPerk01	FULL	0	False Life Dummy Perk (This One)	False Life Dummy Perk (This One)	Mysticism 2.4.2 CHT exact FormKey seed
00000EEB	ADA505:Update.esm	PERK	MAG_VampireFalseLifeDummyPerk01	DESC	0			Mysticism 2.4.2 CHT exact FormKey seed
00000EEC	616110:Update.esm	PERK	MAG_PerkAurielPilgrimDummy	FULL	0	Pilgrim of Auriel	奧瑞爾之朝聖	Mysticism 2.4.2 CHT exact FormKey seed
00000EED	616110:Update.esm	PERK	MAG_PerkAurielPilgrimDummy	DESC	0			Mysticism 2.4.2 CHT exact FormKey seed
00000EEE	4B0646:MysticismMagic.esp	PERK	MAG_OpenMasterLockPerk	FULL	0	Open Master Lock	大師開鎖術	Mysticism 2.4.2 CHT exact FormKey seed
00000EEF	4B0646:MysticismMagic.esp	PERK	MAG_OpenMasterLockPerk	DESC	0			Mysticism 2.4.2 CHT exact FormKey seed
00000EF0	D6E7AC:MysticismMagic.esp	PERK	MAG_ControllerRitualofPowerPerk	FULL	0	Ritual of Power	力量儀式	Mysticism 2.4.2 CHT exact FormKey seed
00000EF1	D6E7AC:MysticismMagic.esp	PERK	MAG_ControllerRitualofPowerPerk	DESC	0			Mysticism 2.4.2 CHT exact FormKey seed
00000EF2	3C753A:MysticismMagic.esp	PERK	MAG_OpenAdeptLockPerk	FULL	0	Open Adept Lock	行家開鎖術	Mysticism 2.4.2 CHT exact FormKey seed
00000EF3	3C753A:MysticismMagic.esp	PERK	MAG_OpenAdeptLockPerk	DESC	0			Mysticism 2.4.2 CHT exact FormKey seed
00000EF4	F08A1B:MysticismMagic.esp	PERK	MAG_CirclePerkDummy	FULL	0	Circle Perk Dummy	Circle Perk Dummy	Mysticism 2.4.2 CHT exact FormKey seed
00000EF5	F08A1B:MysticismMagic.esp	PERK	MAG_CirclePerkDummy	DESC	0			Mysticism 2.4.2 CHT exact FormKey seed
00000EF6	5EF715:MysticismMagic.esp	PERK	MAG_AttunementPerk	FULL	0	Attunement	點化術	Mysticism 2.4.2 CHT exact FormKey seed
00000EF7	5EF715:MysticismMagic.esp	PERK	MAG_AttunementPerk	DESC	0			Mysticism 2.4.2 CHT exact FormKey seed
00000EF8	4C4AA8:MysticismMagic.esp	PERK	MAG_NoStaggerPerk	FULL	0	No Stagger Perk	No Stagger Perk	Mysticism 2.4.2 CHT exact FormKey seed
00000EF9	4C4AA8:MysticismMagic.esp	PERK	MAG_NoStaggerPerk	DESC	0			Mysticism 2.4.2 CHT exact FormKey seed
00000EFA	033708:MysticismMagic.esp	PERK	MAG_QuarterDamagePerk	FULL	0	Quarter Damage Perk	Quarter Damage Perk	Mysticism 2.4.2 CHT exact FormKey seed
00000EFB	033708:MysticismMagic.esp	PERK	MAG_QuarterDamagePerk	DESC	0			Mysticism 2.4.2 CHT exact FormKey seed
00000EFC	D6E7AE:MysticismMagic.esp	PERK	MAG_ExtraDamagePerk01	FULL	0	Extra Damage Perk	Extra Damage Perk	Mysticism 2.4.2 CHT exact FormKey seed
00000EFD	D6E7AE:MysticismMagic.esp	PERK	MAG_ExtraDamagePerk01	DESC	0			Mysticism 2.4.2 CHT exact FormKey seed
00000EFE	48CEFF:MysticismMagic.esp	PERK	MAG_WardControllerPerk	FULL	0	Ward Stagger	Ward Stagger	Mysticism 2.4.2 CHT exact FormKey seed
00000EFF	48CEFF:MysticismMagic.esp	PERK	MAG_WardControllerPerk	DESC	0			Mysticism 2.4.2 CHT exact FormKey seed
00000F00	3C7556:MysticismMagic.esp	PERK	MAG_TelekinesisPerk	FULL	0	Telekinesis	念動術	Mysticism 2.4.2 CHT exact FormKey seed
00000F01	3C7556:MysticismMagic.esp	PERK	MAG_TelekinesisPerk	DESC	0			Mysticism 2.4.2 CHT exact FormKey seed
00000F02	3C7539:MysticismMagic.esp	PERK	MAG_OpenApprenticeLockPerk	FULL	0	Open Apprentice Lock	學徒開鎖術	Mysticism 2.4.2 CHT exact FormKey seed
00000F03	3C7539:MysticismMagic.esp	PERK	MAG_OpenApprenticeLockPerk	DESC	0			Mysticism 2.4.2 CHT exact FormKey seed
00000F04	3C7537:MysticismMagic.esp	PERK	MAG_OpenExpertLockPerk	FULL	0	Open Expert Lock	專家開鎖術	Mysticism 2.4.2 CHT exact FormKey seed
00000F05	3C7537:MysticismMagic.esp	PERK	MAG_OpenExpertLockPerk	DESC	0			Mysticism 2.4.2 CHT exact FormKey seed
00000F06	F4F8C2:MysticismMagic.esp	PERK	MAG_ControllerGeneralPerk	FULL	0	Mysticism Controller	Mysticism Controller	Mysticism 2.4.2 CHT exact FormKey seed
00000F07	F4F8C2:MysticismMagic.esp	PERK	MAG_ControllerGeneralPerk	DESC	0			Mysticism 2.4.2 CHT exact FormKey seed
00000F08	ADA506:Update.esm	PERK	MAG_VampireFalseLifeDummyPerk02	FULL	0	False Life Dummy Perk	False Life Dummy Perk	Mysticism 2.4.2 CHT exact FormKey seed
00000F09	ADA506:Update.esm	PERK	MAG_VampireFalseLifeDummyPerk02	DESC	0			Mysticism 2.4.2 CHT exact FormKey seed
00000F0A	ADA504:Update.esm	PERK	MAG_VampireDreadHarvestDummyPerk02	FULL	0	Dread Harvest	恐懼收割	Mysticism 2.4.2 CHT exact FormKey seed
00000F0B	ADA504:Update.esm	PERK	MAG_VampireDreadHarvestDummyPerk02	DESC	0			Mysticism 2.4.2 CHT exact FormKey seed
00000F0C	D696A9:MysticismMagic.esp	PERK	MAG_NoArmorRatingPerk	FULL	0	Armor Rating Perk	Armor Rating Perk	Mysticism 2.4.2 CHT exact FormKey seed
00000F0D	D696A9:MysticismMagic.esp	PERK	MAG_NoArmorRatingPerk	DESC	0			Mysticism 2.4.2 CHT exact FormKey seed
00000F0E	2977A0:MysticismMagic.esp	PERK	MAG_PerkFortifyFallDamage	FULL	0	Fortify Fall Damage	Fortify Fall Damage	Mysticism 2.4.2 CHT exact FormKey seed
00000F0F	2977A0:MysticismMagic.esp	PERK	MAG_PerkFortifyFallDamage	DESC	0			Mysticism 2.4.2 CHT exact FormKey seed
00000F10	D7DAB3:MysticismMagic.esp	PERK	MAG_ExtraDamagePerk02	FULL	0	Extra Damage Perk	Extra Damage Perk	Mysticism 2.4.2 CHT exact FormKey seed
00000F11	D7DAB3:MysticismMagic.esp	PERK	MAG_ExtraDamagePerk02	DESC	0			Mysticism 2.4.2 CHT exact FormKey seed
00000F12	3C7538:MysticismMagic.esp	PERK	MAG_OpenNoviceLockPerk	FULL	0	Open Novice Lock	入門開鎖術	Mysticism 2.4.2 CHT exact FormKey seed
00000F13	3C7538:MysticismMagic.esp	PERK	MAG_OpenNoviceLockPerk	DESC	0			Mysticism 2.4.2 CHT exact FormKey seed
00000F14	5EF717:MysticismMagic.esp	PERK	MAG_AugurofAetheriusPerk	FULL	0	Augur of Aetherius	乙太的預言	Mysticism 2.4.2 CHT exact FormKey seed
00000F15	5EF717:MysticismMagic.esp	PERK	MAG_AugurofAetheriusPerk	DESC	0			Mysticism 2.4.2 CHT exact FormKey seed
00000F16	ADA503:Update.esm	PERK	MAG_VampireDreadHarvestDummyPerk01	FULL	0	Dread Harvest	恐懼收割	Mysticism 2.4.2 CHT exact FormKey seed
00000F17	ADA503:Update.esm	PERK	MAG_VampireDreadHarvestDummyPerk01	DESC	0			Mysticism 2.4.2 CHT exact FormKey seed
00000F18	B230C2:MysticismMagic.esp	PERK	MAG_IllusionSummonDamage	FULL	0	Illusion Summon Damage	Illusion Summon Damage	Mysticism 2.4.2 CHT exact FormKey seed
00000F19	B230C2:MysticismMagic.esp	PERK	MAG_IllusionSummonDamage	DESC	0	Illusion summons don't do damage.	Illusion summons don't do damage.	Mysticism 2.4.2 CHT exact FormKey seed
00000F1A	D696A7:MysticismMagic.esp	PERK	MAG_HalfDamagePerk	FULL	0	Half Damage Perk	Half Damage Perk	Mysticism 2.4.2 CHT exact FormKey seed
00000F1B	D696A7:MysticismMagic.esp	PERK	MAG_HalfDamagePerk	DESC	0			Mysticism 2.4.2 CHT exact FormKey seed
00000F1C	2CA220:MysticismMagic.esp	PERK	MAG_ChameleonPerk	FULL	0	Chameleon Perk	Chameleon Perk	Mysticism 2.4.2 CHT exact FormKey seed
00000F1D	2CA220:MysticismMagic.esp	PERK	MAG_ChameleonPerk	DESC	0			Mysticism 2.4.2 CHT exact FormKey seed
00000F1E	01D74F:Dragonborn.esm	MESG	DLC2AshGuardianNoHeartStoneMSG	DESC	0	Without a Heart Stone, you cannot control the Ash Guardian.	沒有炙心核的話，你不能控制凝灰岩衛	Mysticism 2.4.2 CHT exact FormKey seed
00000F1F	01D74F:Dragonborn.esm	MESG	DLC2AshGuardianNoHeartStoneMSG	FULL	0	No heart stones, ash guardian is uncontrolled	缺少炙心核。凝灰岩衛失控	Mysticism 2.4.2 CHT exact FormKey seed
