string_id	form_key	record_type	editor_id	field	occurrence	source	target	provenance
00000001	10E5F3:Skyrim.esm	GMST	sLackRequiredPerkToImproveMagical	DATA	0	This item does not have a tempering recipe.	此物品沒有鍛造配方。	Adamant 5.9.2 CHT exact FormKey seed
00000002	DD3BEC:MysticismMagic.esp	MGEF	MAG_BoundWarAxeFFSelf	FULL	0	Bound War Axe	戰斧塑形術	Adamant 5.9.2 CHT exact FormKey seed
00000003	DD3BEC:MysticismMagic.esp	MGEF	MAG_BoundWarAxeFFSelf	DNAM	0	Summons a Bound War Axe for <dur> seconds.	召喚一把魔力塑形戰斧，持續 <dur> 秒。	Adamant 5.9.2 CHT exact FormKey seed
00000004	DED0F2:MysticismMagic.esp	MGEF	MAG_EnchBoundWarhammerFX	FULL	0	Bound Warhammer FX	Bound Warhammer FX	Adamant 5.9.2 CHT exact FormKey seed
00000005	DED0F2:MysticismMagic.esp	MGEF	MAG_EnchBoundWarhammerFX	DNAM	0			Adamant 5.9.2 CHT exact FormKey seed
00000006	0153D3:Skyrim.esm	MGEF	MAG_PerkImpactFFAimed	FULL	0	Perk Impact Stagger	Perk Impact Stagger	Adamant 5.9.2 CHT exact FormKey seed
00000007	0153D3:Skyrim.esm	MGEF	MAG_PerkImpactFFAimed	DNAM	0			Adamant 5.9.2 CHT exact FormKey seed
00000008	01CE9E:Skyrim.esm	MGEF	MAG_BoundBattleAxeFFSelf	FULL	0	Bound Battleaxe	巨斧塑形術	Adamant 5.9.2 CHT exact FormKey seed
00000009	01CE9E:Skyrim.esm	MGEF	MAG_BoundBattleAxeFFSelf	DNAM	0	Summons a Bound Battleaxe for <dur> seconds.	召喚一把魔力塑形巨斧，持續 <dur> 秒。	Adamant 5.9.2 CHT exact FormKey seed
0000000A	01CE9F:Skyrim.esm	MGEF	MAG_BoundSwordFFSelf	FULL	0	Bound Sword	長劍塑形術	Adamant 5.9.2 CHT exact FormKey seed
0000000B	01CE9F:Skyrim.esm	MGEF	MAG_BoundSwordFFSelf	DNAM	0	Summons a Bound Sword for <dur> seconds.	召喚一把魔力塑形長劍，持續 <dur> 秒。	Adamant 5.9.2 CHT exact FormKey seed
0000000C	01CEA0:Skyrim.esm	MGEF	MAG_BoundBowFFSelf	FULL	0	Bound Bow	戰弓塑形術	Adamant 5.9.2 CHT exact FormKey seed
0000000D	01CEA0:Skyrim.esm	MGEF	MAG_BoundBowFFSelf	DNAM	0	Summons a Bound Bow for <dur> seconds.	召喚一把魔力塑形戰弓，持續 <dur> 秒。	Adamant 5.9.2 CHT exact FormKey seed
0000000E	01CEA7:Skyrim.esm	MGEF	MAG_RestoreHealthFFActor	FULL	0	Restore Health	回復生命	Adamant 5.9.2 CHT exact FormKey seed
0000000F	01CEA7:Skyrim.esm	MGEF	MAG_RestoreHealthFFActor	DNAM	0	Restores <mag> Health to living targets.	恢復活著的目標 <mag> 點生命。	Adamant 5.9.2 CHT exact FormKey seed
00000010	026D7A:Skyrim.esm	MGEF	MAG_PerkHiddenThreatInvisibillityFFContact	FULL	0	Hidden Threat Invisibility	Hidden Threat Invisibility	Adamant 5.9.2 CHT exact FormKey seed
00000011	026D7A:Skyrim.esm	MGEF	MAG_PerkHiddenThreatInvisibillityFFContact	DNAM	0			Adamant 5.9.2 CHT exact FormKey seed
00000012	0424FA:Skyrim.esm	MGEF	MAG_BoundSwordMysticFFSelf40	FULL	0	Bound Sword	長劍塑形術	Adamant 5.9.2 CHT exact FormKey seed
00000013	0424FA:Skyrim.esm	MGEF	MAG_BoundSwordMysticFFSelf40	DNAM	0			Adamant 5.9.2 CHT exact FormKey seed
00000014	0424FF:Skyrim.esm	MGEF	MAG_BoundBattleAxeMysticFFSelf40	FULL	0	Bound Battleaxe	巨斧塑形術	Adamant 5.9.2 CHT exact FormKey seed
00000015	0424FF:Skyrim.esm	MGEF	MAG_BoundBattleAxeMysticFFSelf40	DNAM	0			Adamant 5.9.2 CHT exact FormKey seed
00000016	042500:Skyrim.esm	MGEF	MAG_BoundBowMysticFFSelf40	FULL	0	Bound Bow	戰弓塑形術	Adamant 5.9.2 CHT exact FormKey seed
00000017	042500:Skyrim.esm	MGEF	MAG_BoundBowMysticFFSelf40	DNAM	0			Adamant 5.9.2 CHT exact FormKey seed
00000018	050CEC:Skyrim.esm	MGEF	MAG_PerkMasterMindCourageFFSelfHealth	FULL	0	Fortify Health	強化生命	Adamant 5.9.2 CHT exact FormKey seed
00000019	050CEC:Skyrim.esm	MGEF	MAG_PerkMasterMindCourageFFSelfHealth	DNAM	0			Adamant 5.9.2 CHT exact FormKey seed
0000001A	050CED:Skyrim.esm	MGEF	MAG_PerkMasterMindCourageFFSelfStamina	FULL	0	Fortify Stamina	強化耐力	Adamant 5.9.2 CHT exact FormKey seed
0000001B	050CED:Skyrim.esm	MGEF	MAG_PerkMasterMindCourageFFSelfStamina	DNAM	0			Adamant 5.9.2 CHT exact FormKey seed
0000001C	05312C:Skyrim.esm	MGEF	MAG_CircleofProtectionFFSelf75	FULL	0	Circle of Protection	庇護領域術	Adamant 5.9.2 CHT exact FormKey seed
0000001D	05312C:Skyrim.esm	MGEF	MAG_CircleofProtectionFFSelf75	DNAM	0			Adamant 5.9.2 CHT exact FormKey seed
0000001E	069CE6:Skyrim.esm	MGEF	MAG_EnchBoundSwordFX	FULL	0	Bound Sword	長劍塑形術	Adamant 5.9.2 CHT exact FormKey seed
0000001F	069CE6:Skyrim.esm	MGEF	MAG_EnchBoundSwordFX	DNAM	0			Adamant 5.9.2 CHT exact FormKey seed
00000020	07E8E0:Skyrim.esm	MGEF	MAG_ReanimateThrallFFAimed	FULL	0	Reanimate Thrall	喚起屍僕	Adamant 5.9.2 CHT exact FormKey seed
00000021	07E8E0:Skyrim.esm	MGEF	MAG_ReanimateThrallFFAimed	DNAM	0	Reanimates a corpse up to level <mag> for <dur> seconds.	喚醒最高 <mag> 級的屍體，持續 <dur> 秒。	Adamant 5.9.2 CHT exact FormKey seed
00000022	096D0D:Skyrim.esm	MGEF	MAG_ReanimateFFAimed75	FULL	0	Reanimate	喚起亡者	Adamant 5.9.2 CHT exact FormKey seed
00000023	096D0D:Skyrim.esm	MGEF	MAG_ReanimateFFAimed75	DNAM	0	Reanimates a corpse up to level <mag> for <dur> seconds.	喚醒最高 <mag> 級的屍體，持續 <dur> 秒。	Adamant 5.9.2 CHT exact FormKey seed
00000024	09E0BB:Skyrim.esm	MGEF	MAG_PerkMasterMindCalmFFAimed	FULL	0	Master of the Mind	心靈掌控大師	Adamant 5.9.2 CHT exact FormKey seed
00000025	09E0BB:Skyrim.esm	MGEF	MAG_PerkMasterMindCalmFFAimed	DNAM	0			Adamant 5.9.2 CHT exact FormKey seed
00000026	09E0BC:Skyrim.esm	MGEF	MAG_PerkMasterMindCalmFFAimedArea	FULL	0	Master of the Mind	心靈掌控大師	Adamant 5.9.2 CHT exact FormKey seed
00000027	09E0BC:Skyrim.esm	MGEF	MAG_PerkMasterMindCalmFFAimedArea	DNAM	0			Adamant 5.9.2 CHT exact FormKey seed
00000028	09E0BD:Skyrim.esm	MGEF	MAG_PerkMasterMindCalmFFSelfArea100	FULL	0	Master of the Mind	心靈掌控大師	Adamant 5.9.2 CHT exact FormKey seed
00000029	09E0BD:Skyrim.esm	MGEF	MAG_PerkMasterMindCalmFFSelfArea100	DNAM	0			Adamant 5.9.2 CHT exact FormKey seed
0000002A	09E0BE:Skyrim.esm	MGEF	MAG_PerkMasterMindFrenzyFFAimed00	FULL	0	Frenzy	狂心	Adamant 5.9.2 CHT exact FormKey seed
0000002B	09E0BE:Skyrim.esm	MGEF	MAG_PerkMasterMindFrenzyFFAimed00	DNAM	0			Adamant 5.9.2 CHT exact FormKey seed
0000002C	09E0BF:Skyrim.esm	MGEF	MAG_PerkMasterMindFrenzyFFAimedArea50	FULL	0	Master of the Mind	心靈掌控大師	Adamant 5.9.2 CHT exact FormKey seed
0000002D	09E0BF:Skyrim.esm	MGEF	MAG_PerkMasterMindFrenzyFFAimedArea50	DNAM	0			Adamant 5.9.2 CHT exact FormKey seed
0000002E	09E0C0:Skyrim.esm	MGEF	MAG_PerkMasterMindFrenzyFFSelfArea100	FULL	0	Master of the Mind	心靈掌控大師	Adamant 5.9.2 CHT exact FormKey seed
0000002F	09E0C0:Skyrim.esm	MGEF	MAG_PerkMasterMindFrenzyFFSelfArea100	DNAM	0			Adamant 5.9.2 CHT exact FormKey seed
00000030	09E0C1:Skyrim.esm	MGEF	MAG_PerkMasterMindFearFFAimed25	FULL	0	Master of the Mind	心靈掌控大師	Adamant 5.9.2 CHT exact FormKey seed
00000031	09E0C1:Skyrim.esm	MGEF	MAG_PerkMasterMindFearFFAimed25	DNAM	0			Adamant 5.9.2 CHT exact FormKey seed
00000032	09E0C2:Skyrim.esm	MGEF	MAG_PerkMasterMindFearFFAimedArea75	FULL	0	Master of the Mind	心靈掌控大師	Adamant 5.9.2 CHT exact FormKey seed
00000033	09E0C2:Skyrim.esm	MGEF	MAG_PerkMasterMindFearFFAimedArea75	DNAM	0			Adamant 5.9.2 CHT exact FormKey seed
00000034	09E0C3:Skyrim.esm	MGEF	MAG_PerkMasterMindFearFFSelfArea250	FULL	0	Master of the Mind	心靈掌控大師	Adamant 5.9.2 CHT exact FormKey seed
00000035	09E0C3:Skyrim.esm	MGEF	MAG_PerkMasterMindFearFFSelfArea250	DNAM	0			Adamant 5.9.2 CHT exact FormKey seed
00000036	09E0C4:Skyrim.esm	MGEF	MAG_PerkMasterMindCourageFFSelfArea	FULL	0	Master of the Mind	心靈掌控大師	Adamant 5.9.2 CHT exact FormKey seed
00000037	09E0C4:Skyrim.esm	MGEF	MAG_PerkMasterMindCourageFFSelfArea	DNAM	0			Adamant 5.9.2 CHT exact FormKey seed
00000038	0A3F62:Skyrim.esm	MGEF	MAG_PerkAvoidDeath	FULL	0	Avoid Death	瀕死救贖	Adamant 5.9.2 CHT exact FormKey seed
00000039	0A3F62:Skyrim.esm	MGEF	MAG_PerkAvoidDeath	DNAM	0			Adamant 5.9.2 CHT exact FormKey seed
0000003A	0AF667:Skyrim.esm	MGEF	MAG_PerkFenceEffect	FULL	0	Fence	銷售贓物	Adamant 5.9.2 CHT exact FormKey seed
0000003B	0AF667:Skyrim.esm	MGEF	MAG_PerkFenceEffect	DNAM	0			Adamant 5.9.2 CHT exact FormKey seed
0000003C	0C5BE0:Skyrim.esm	MGEF	MAG_EnchBoundBattleaxeFX	FULL	0	Bound Battleaxe	巨斧塑形術	Adamant 5.9.2 CHT exact FormKey seed
0000003D	0C5BE0:Skyrim.esm	MGEF	MAG_EnchBoundBattleaxeFX	DNAM	0			Adamant 5.9.2 CHT exact FormKey seed
0000003E	0C5C0A:Skyrim.esm	MGEF	MAG_PerkDawnsWrathFFSelfArea100	FULL	0	Bane of the Undead Damage	Bane of the Undead Damage	Adamant 5.9.2 CHT exact FormKey seed
0000003F	0C5C0A:Skyrim.esm	MGEF	MAG_PerkDawnsWrathFFSelfArea100	DNAM	0			Adamant 5.9.2 CHT exact FormKey seed
00000040	0D799D:Skyrim.esm	MGEF	MAG_PerkHauntingCurseFFContact01	FULL	0	Weakness to Magic	魔法易傷	Adamant 5.9.2 CHT exact FormKey seed
00000041	0D799D:Skyrim.esm	MGEF	MAG_PerkHauntingCurseFFContact01	DNAM	0			Adamant 5.9.2 CHT exact FormKey seed
00000042	0D799F:Skyrim.esm	MGEF	MAG_PerkSoulStealerFFContact	FULL	0	Soul Trap	縛魂術	Adamant 5.9.2 CHT exact FormKey seed
00000043	0D799F:Skyrim.esm	MGEF	MAG_PerkSoulStealerFFContact	DNAM	0	If target dies within <dur> seconds, fills a soul gem.	如果目標在 <dur> 秒內死亡，可為一塊靈魂石充能。	Adamant 5.9.2 CHT exact FormKey seed
00000044	0F392D:Skyrim.esm	MGEF	MAG_PerkFirebrandFFAimed	FULL	0	Firebrand	烈焰印記	Adamant 5.9.2 CHT exact FormKey seed
00000045	0F392D:Skyrim.esm	MGEF	MAG_PerkFirebrandFFAimed	DNAM	0			Adamant 5.9.2 CHT exact FormKey seed
00000046	0F392F:Skyrim.esm	MGEF	MAG_PerkFirebrandConcAimed	FULL	0	Firebrand	烈焰印記	Adamant 5.9.2 CHT exact FormKey seed
00000047	0F392F:Skyrim.esm	MGEF	MAG_PerkFirebrandConcAimed	DNAM	0			Adamant 5.9.2 CHT exact FormKey seed
00000048	0F3930:Skyrim.esm	MGEF	MAG_PerkFirebrandFFAimedArea	FULL	0	Firebrand	烈焰印記	Adamant 5.9.2 CHT exact FormKey seed
00000049	0F3930:Skyrim.esm	MGEF	MAG_PerkFirebrandFFAimedArea	DNAM	0			Adamant 5.9.2 CHT exact FormKey seed
0000004A	0F3931:Skyrim.esm	MGEF	MAG_PerkFirebrandFFSelfArea100	FULL	0	Firebrand	烈焰印記	Adamant 5.9.2 CHT exact FormKey seed
0000004B	0F3931:Skyrim.esm	MGEF	MAG_PerkFirebrandFFSelfArea100	DNAM	0			Adamant 5.9.2 CHT exact FormKey seed
0000004C	0F3932:Skyrim.esm	MGEF	MAG_PerkNorthWindFFAimed	FULL	0	NorthWind	北風	Adamant 6.0.2 custom; Skyrim 8.20 terminology
0000004D	0F3932:Skyrim.esm	MGEF	MAG_PerkNorthWindFFAimed	DNAM	0			Adamant 5.9.2 CHT exact FormKey seed
0000004E	0F3934:Skyrim.esm	MGEF	MAG_PerkNorthWindConcAimed	FULL	0	North Wind	北風	Adamant 6.0.2 custom; Skyrim 8.20 terminology
0000004F	0F3934:Skyrim.esm	MGEF	MAG_PerkNorthWindConcAimed	DNAM	0			Adamant 5.9.2 CHT exact FormKey seed
00000050	0F3935:Skyrim.esm	MGEF	MAG_PerkNorthWindFFAimedArea	FULL	0	North Wind	北風	Adamant 6.0.2 custom; Skyrim 8.20 terminology
00000051	0F3935:Skyrim.esm	MGEF	MAG_PerkNorthWindFFAimedArea	DNAM	0			Adamant 5.9.2 CHT exact FormKey seed
00000052	0F3F0C:Skyrim.esm	MGEF	MAG_PerkPowerSurgeConcAimed	FULL	0	Power Surge	能量湧動	Adamant 6.0.2 custom; Skyrim 8.20 terminology
00000053	0F3F0C:Skyrim.esm	MGEF	MAG_PerkPowerSurgeConcAimed	DNAM	0			Adamant 5.9.2 CHT exact FormKey seed
00000054	0F3F0D:Skyrim.esm	MGEF	MAG_PerkPowerSurgeFFAimed	FULL	0	Power Surge	能量湧動	Adamant 6.0.2 custom; Skyrim 8.20 terminology
00000055	0F3F0D:Skyrim.esm	MGEF	MAG_PerkPowerSurgeFFAimed	DNAM	0			Adamant 5.9.2 CHT exact FormKey seed
00000056	0F3F0F:Skyrim.esm	MGEF	MAG_PerkPowerSurgeFFAimedArea	FULL	0	Power Surge	能量湧動	Adamant 6.0.2 custom; Skyrim 8.20 terminology
00000057	0F3F0F:Skyrim.esm	MGEF	MAG_PerkPowerSurgeFFAimedArea	DNAM	0			Adamant 5.9.2 CHT exact FormKey seed
00000058	0F52AB:Skyrim.esm	MGEF	MAG_ReanimateSecondayFFAimed	FULL	0	Reanimate Secondary Effects	Reanimate Secondary Effects	Adamant 5.9.2 CHT exact FormKey seed
00000059	0F52AB:Skyrim.esm	MGEF	MAG_ReanimateSecondayFFAimed	DNAM	0			Adamant 5.9.2 CHT exact FormKey seed
0000005A	105F17:Skyrim.esm	MGEF	MAG_PerkQuickDrawEffect	FULL	0	Quick Draw	快速拉弓	Adamant 5.9.2 CHT exact FormKey seed
0000005B	105F17:Skyrim.esm	MGEF	MAG_PerkQuickDrawEffect	DNAM	0			Adamant 5.9.2 CHT exact FormKey seed
0000005C	10C4E6:Skyrim.esm	MGEF	MAG_PerkFistsofSteelEffect	FULL	0	Fortify Unarmed Damage	強化徒手搏擊傷害	Adamant 5.9.2 CHT exact FormKey seed
0000005D	10C4E6:Skyrim.esm	MGEF	MAG_PerkFistsofSteelEffect	DNAM	0	You deal <mag> unarmed damage.	你造成<mag>點徒手搏擊傷害。	Adamant 5.9.2 CHT exact FormKey seed
0000005E	616301:Update.esm	MGEF	MAG_PerkPilgrim30Effect	FULL	0	Pilgrim	朝聖	Adamant 5.9.2 CHT exact FormKey seed
0000005F	616301:Update.esm	MGEF	MAG_PerkPilgrim30Effect	DNAM	0			Adamant 5.9.2 CHT exact FormKey seed
00000060	616302:Update.esm	MGEF	MAG_PerkPilgrim60Effect	FULL	0	Pilgrim	朝聖	Adamant 5.9.2 CHT exact FormKey seed
00000061	616302:Update.esm	MGEF	MAG_PerkPilgrim60Effect	DNAM	0			Adamant 5.9.2 CHT exact FormKey seed
00000062	616303:Update.esm	MGEF	MAG_PerkCultist30Effect	FULL	0	Cultist	信徒	Adamant 5.9.2 CHT exact FormKey seed
00000063	616303:Update.esm	MGEF	MAG_PerkCultist30Effect	DNAM	0			Adamant 5.9.2 CHT exact FormKey seed
00000064	616304:Update.esm	MGEF	MAG_PerkCultist60Effect	FULL	0	Cultist	信徒	Adamant 5.9.2 CHT exact FormKey seed
00000065	616304:Update.esm	MGEF	MAG_PerkCultist60Effect	DNAM	0			Adamant 5.9.2 CHT exact FormKey seed
00000066	01CE04:Dragonborn.esm	MGEF	MAG_BoundDaggerFFSelf	FULL	0	Bound Dagger	匕首塑形術	Adamant 5.9.2 CHT exact FormKey seed
00000067	01CE04:Dragonborn.esm	MGEF	MAG_BoundDaggerFFSelf	DNAM	0	Summons a Bound Dagger for <dur> seconds.	召喚一個魔力塑形匕首，持續 <dur> 秒。	Adamant 5.9.2 CHT exact FormKey seed
00000068	01CE05:Dragonborn.esm	MGEF	MAG_BoundDaggerMysticFFSelf40	FULL	0	Bound Dagger	匕首塑形術	Adamant 5.9.2 CHT exact FormKey seed
00000069	01CE05:Dragonborn.esm	MGEF	MAG_BoundDaggerMysticFFSelf40	DNAM	0			Adamant 5.9.2 CHT exact FormKey seed
0000006A	01D74C:Dragonborn.esm	MGEF	MAG_RunePoisonFFLocation25	FULL	0	Poison Rune	毒害法印	Adamant 5.9.2 CHT exact FormKey seed
0000006B	01D74C:Dragonborn.esm	MGEF	MAG_RunePoisonFFLocation25	DNAM	0	Creates a rune that explodes when enemies approach, dealing <mag> Poison damage per second for <10> seconds. 	施放一個敵人靠近時會爆炸的法印，每秒造成 <mag> 點毒素傷害，持續 <10> 秒。	Adamant 5.9.2 CHT exact FormKey seed
0000006C	0285BF:Dragonborn.esm	MGEF	MAG_PerkMasterMindFrenzyRuneFFContact	FULL	0	Master of the Mind	心靈掌控大師	Adamant 5.9.2 CHT exact FormKey seed
0000006D	0285BF:Dragonborn.esm	MGEF	MAG_PerkMasterMindFrenzyRuneFFContact	DNAM	0			Adamant 5.9.2 CHT exact FormKey seed
0000006E	03D37B:Dragonborn.esm	MGEF	MAG_EnchBoundDaggerFX	FULL	0	Bound Dagger	匕首塑形術	Adamant 5.9.2 CHT exact FormKey seed
0000006F	03D37B:Dragonborn.esm	MGEF	MAG_EnchBoundDaggerFX	DNAM	0			Adamant 5.9.2 CHT exact FormKey seed
00000070	061011:MysticismMagic.esp	MGEF	MAG_CircleofLifeFFSelf100Perk	FULL	0	Restore Health	回復生命	Adamant 5.9.2 CHT exact FormKey seed
00000071	061011:MysticismMagic.esp	MGEF	MAG_CircleofLifeFFSelf100Perk	DNAM	0			Adamant 5.9.2 CHT exact FormKey seed
00000072	066112:MysticismMagic.esp	MGEF	MAG_CircleofLifeFFSelf50Perk	FULL	0	Restore Health	回復生命	Adamant 5.9.2 CHT exact FormKey seed
00000073	066112:MysticismMagic.esp	MGEF	MAG_CircleofLifeFFSelf50Perk	DNAM	0			Adamant 5.9.2 CHT exact FormKey seed
00000074	070313:MysticismMagic.esp	MGEF	MAG_CircleofWisdomFFSelf50Perk	FULL	0	Fortify Magicka Regeneration	強化法力恢復	Adamant 5.9.2 CHT exact FormKey seed
00000075	070313:MysticismMagic.esp	MGEF	MAG_CircleofWisdomFFSelf50Perk	DNAM	0			Adamant 5.9.2 CHT exact FormKey seed
00000076	070314:MysticismMagic.esp	MGEF	MAG_CircleofWisdomFFSelf100Perk	FULL	0	Fortify Magicka Regeneration	強化法力恢復	Adamant 5.9.2 CHT exact FormKey seed
00000077	070314:MysticismMagic.esp	MGEF	MAG_CircleofWisdomFFSelf100Perk	DNAM	0			Adamant 5.9.2 CHT exact FormKey seed
00000078	070315:MysticismMagic.esp	MGEF	MAG_CircleofStrengthFFSelf50Perk	FULL	0	Fortify Stamina Regeneration	強化耐力恢復	Adamant 5.9.2 CHT exact FormKey seed
00000079	070315:MysticismMagic.esp	MGEF	MAG_CircleofStrengthFFSelf50Perk	DNAM	0			Adamant 5.9.2 CHT exact FormKey seed
0000007A	070316:MysticismMagic.esp	MGEF	MAG_CircleofStrengthFFSelf100Perk	FULL	0	Fortify Stamina Regeneration	強化耐力恢復	Adamant 5.9.2 CHT exact FormKey seed
0000007B	070316:MysticismMagic.esp	MGEF	MAG_CircleofStrengthFFSelf100Perk	DNAM	0			Adamant 5.9.2 CHT exact FormKey seed
0000007C	180EDE:MysticismMagic.esp	MGEF	MAG_PerkMasterMindParalyzeFFAimed	FULL	0	Master of the Mind	心靈掌控大師	Adamant 5.9.2 CHT exact FormKey seed
0000007D	180EDE:MysticismMagic.esp	MGEF	MAG_PerkMasterMindParalyzeFFAimed	DNAM	0			Adamant 5.9.2 CHT exact FormKey seed
0000007E	180EDF:MysticismMagic.esp	MGEF	MAG_PerkMasterMindParalyzeFFSelfArea100	FULL	0	Master of the Mind	心靈掌控大師	Adamant 5.9.2 CHT exact FormKey seed
0000007F	180EDF:MysticismMagic.esp	MGEF	MAG_PerkMasterMindParalyzeFFSelfArea100	DNAM	0			Adamant 5.9.2 CHT exact FormKey seed
00000080	180EE0:MysticismMagic.esp	MGEF	MAG_PerkMasterMindParalyzeFFAimedArea75	FULL	0	Master of the Mind	心靈掌控大師	Adamant 5.9.2 CHT exact FormKey seed
00000081	180EE0:MysticismMagic.esp	MGEF	MAG_PerkMasterMindParalyzeFFAimedArea75	DNAM	0			Adamant 5.9.2 CHT exact FormKey seed
00000082	1AE7F9:MysticismMagic.esp	MGEF	MAG_FireDamageFFTouch00	FULL	0	Fire Damage	火焰傷害	Adamant 5.9.2 CHT exact phrase seed
00000083	1AE7F9:MysticismMagic.esp	MGEF	MAG_FireDamageFFTouch00	DNAM	0	Deals <mag> Fire damage to enemies in melee range. Targets on fire take extra damage over time.	對近戰範圍內的敵人造成 <mag> 點火焰傷害。燃燒中的目標會受到額外持續傷害。	Adamant 6.0.2 custom; Skyrim 8.20 terminology
00000084	1E634A:MysticismMagic.esp	MGEF	MAG_PoisonDamageFFAimed25	FULL	0	Poison Damage	毒素傷害	Adamant 5.9.2 CHT exact FormKey seed
00000085	1E634A:MysticismMagic.esp	MGEF	MAG_PoisonDamageFFAimed25	DNAM	0	Deals <mag> Poison damage per second for <10> seconds.	每秒造成 <mag> 點毒素傷害，持續 <10> 秒。	Adamant 5.9.2 CHT exact FormKey seed
00000086	1E634C:MysticismMagic.esp	MGEF	MAG_PoisonDamageFFAimedArea50	FULL	0	Poison Damage	毒素傷害	Adamant 5.9.2 CHT exact FormKey seed
00000087	1E634C:MysticismMagic.esp	MGEF	MAG_PoisonDamageFFAimedArea50	DNAM	0	Deals <mag> Poison damage per second for <10> seconds in a large area.	大範圍內每秒造成 <mag> 點毒素傷害，持續 <10> 秒。	Adamant 5.9.2 CHT exact FormKey seed
00000088	1E6350:MysticismMagic.esp	MGEF	MAG_PoisonDamageFFAimed75	FULL	0	Poison Damage	毒素傷害	Adamant 5.9.2 CHT exact FormKey seed
00000089	1E6350:MysticismMagic.esp	MGEF	MAG_PoisonDamageFFAimed75	DNAM	0	Deals <mag> Poison damage per second for <10> seconds.	每秒造成 <mag> 點毒素傷害，持續 <10> 秒。	Adamant 5.9.2 CHT exact FormKey seed
0000008A	1FA75E:MysticismMagic.esp	MGEF	MAG_PoisonDamageFFAimedArea100	FULL	0	Poison Damage	毒素傷害	Adamant 5.9.2 CHT exact FormKey seed
0000008B	1FA75E:MysticismMagic.esp	MGEF	MAG_PoisonDamageFFAimedArea100	DNAM	0	Deals <mag> Poison damage per second for <10> seconds in a large area.	大範圍內每秒造成 <mag> 點毒素傷害，持續 <10> 秒。	Adamant 5.9.2 CHT exact FormKey seed
0000008C	20496D:MysticismMagic.esp	MGEF	MAG_PoisonDamageFFTouch00	FULL	0	Poison Damage	毒素傷害	Adamant 5.9.2 CHT exact FormKey seed
0000008D	20496D:MysticismMagic.esp	MGEF	MAG_PoisonDamageFFTouch00	DNAM	0	Deals <mag> Poison damage per second for <10> seconds to enemies in melee range. 	對近戰範圍內的敵人造成每秒 <mag> 點的毒素傷害，持續 <10> 秒。	Adamant 5.9.2 CHT exact FormKey seed
0000008E	20496E:MysticismMagic.esp	MGEF	MAG_PoisonDamageFFTouch75	FULL	0	Poison Damage	毒素傷害	Adamant 5.9.2 CHT exact FormKey seed
0000008F	20496E:MysticismMagic.esp	MGEF	MAG_PoisonDamageFFTouch75	DNAM	0	Deals <mag> Poison damage per second for <10> seconds to enemies in melee range. 	對近戰範圍內的敵人造成每秒 <mag> 點的毒素傷害，持續 <10> 秒。	Adamant 5.9.2 CHT exact FormKey seed
00000090	204971:MysticismMagic.esp	MGEF	MAG_PoisonDamageConcCloak	FULL	0	Poison Damage	毒素傷害	Adamant 5.9.2 CHT exact FormKey seed
00000091	204971:MysticismMagic.esp	MGEF	MAG_PoisonDamageConcCloak	DNAM	0			Adamant 5.9.2 CHT exact FormKey seed
00000092	27E23F:MysticismMagic.esp	MGEF	MAG_RestoreHealthFFSelf50	FULL	0	Restore Health	回復生命	Adamant 5.9.2 CHT exact FormKey seed
00000093	27E23F:MysticismMagic.esp	MGEF	MAG_RestoreHealthFFSelf50	DNAM	0	Restores <mag> Health to yourself and nearby living allies.	恢復自身與附近同伴 <mag> 點生命。	Adamant 5.9.2 CHT exact FormKey seed
00000094	27E241:MysticismMagic.esp	MGEF	MAG_RestoreHealthFFSelf75	FULL	0	Restore Health	回復生命	Adamant 5.9.2 CHT exact FormKey seed
00000095	27E241:MysticismMagic.esp	MGEF	MAG_RestoreHealthFFSelf75	DNAM	0	Restores <mag> Health to yourself and nearby living allies.	恢復自身與附近同伴 <mag> 點生命。	Adamant 5.9.2 CHT exact FormKey seed
00000096	2B5DFD:MysticismMagic.esp	MGEF	MAG_PerkMasterMindSilenceFFSelfArea100	FULL	0	Master of the Mind	心靈掌控大師	Adamant 5.9.2 CHT exact FormKey seed
00000097	2B5DFD:MysticismMagic.esp	MGEF	MAG_PerkMasterMindSilenceFFSelfArea100	DNAM	0			Adamant 5.9.2 CHT exact FormKey seed
00000098	2B5E00:MysticismMagic.esp	MGEF	MAG_PerkMasterMindSilenceFFAimedArea75	FULL	0	Master of the Mind	心靈掌控大師	Adamant 5.9.2 CHT exact FormKey seed
00000099	2B5E00:MysticismMagic.esp	MGEF	MAG_PerkMasterMindSilenceFFAimedArea75	DNAM	0			Adamant 5.9.2 CHT exact FormKey seed
0000009A	2BAF01:MysticismMagic.esp	MGEF	MAG_PerkMasterMindSilenceFFAimed25Dummy	FULL	0	Master of the Mind	心靈掌控大師	Adamant 5.9.2 CHT exact FormKey seed
0000009B	2BAF01:MysticismMagic.esp	MGEF	MAG_PerkMasterMindSilenceFFAimed25Dummy	DNAM	0			Adamant 5.9.2 CHT exact FormKey seed
0000009C	2BAF02:MysticismMagic.esp	MGEF	MAG_PerkMasterMindSilenceFFAimedArea75Dummy	FULL	0	Master of the Mind	心靈掌控大師	Adamant 5.9.2 CHT exact FormKey seed
0000009D	2BAF02:MysticismMagic.esp	MGEF	MAG_PerkMasterMindSilenceFFAimedArea75Dummy	DNAM	0			Adamant 5.9.2 CHT exact FormKey seed
0000009E	2BAF03:MysticismMagic.esp	MGEF	MAG_PerkMasterMindSilenceFFSelfArea100Dummy	FULL	0	Master of the Mind	心靈掌控大師	Adamant 5.9.2 CHT exact FormKey seed
0000009F	2BAF03:MysticismMagic.esp	MGEF	MAG_PerkMasterMindSilenceFFSelfArea100Dummy	DNAM	0			Adamant 5.9.2 CHT exact FormKey seed
000000A0	2C510D:MysticismMagic.esp	MGEF	MAG_PerkMasterMindCommandFFAimed50	FULL	0	Master of the Mind	心靈掌控大師	Adamant 5.9.2 CHT exact FormKey seed
000000A1	2C510D:MysticismMagic.esp	MGEF	MAG_PerkMasterMindCommandFFAimed50	DNAM	0			Adamant 5.9.2 CHT exact FormKey seed
000000A2	2C510E:MysticismMagic.esp	MGEF	MAG_PerkMasterMindCommandFFAimedArea75	FULL	0	Master of the Mind	心靈掌控大師	Adamant 5.9.2 CHT exact FormKey seed
000000A3	2C510E:MysticismMagic.esp	MGEF	MAG_PerkMasterMindCommandFFAimedArea75	DNAM	0			Adamant 5.9.2 CHT exact FormKey seed
000000A4	2C510F:MysticismMagic.esp	MGEF	MAG_PerkMasterMindCommandFFSelfArea100	FULL	0	Master of the Mind	心靈掌控大師	Adamant 5.9.2 CHT exact FormKey seed
000000A5	2C510F:MysticismMagic.esp	MGEF	MAG_PerkMasterMindCommandFFSelfArea100	DNAM	0			Adamant 5.9.2 CHT exact FormKey seed
000000A6	2ED974:MysticismMagic.esp	MGEF	MAG_PoisonDamageFFSelfArea60	FULL	0	Black Marsh	黑沼死池術	Adamant 5.9.2 CHT exact FormKey seed
000000A7	2ED974:MysticismMagic.esp	MGEF	MAG_PoisonDamageFFSelfArea60	DNAM	0			Adamant 5.9.2 CHT exact FormKey seed
000000A8	2FCC7F:MysticismMagic.esp	MGEF	MAG_RunePoisonFFLocation75	FULL	0	Deadly Poison Rune	致命毒害法印	Adamant 5.9.2 CHT exact FormKey seed
000000A9	2FCC7F:MysticismMagic.esp	MGEF	MAG_RunePoisonFFLocation75	DNAM	0	Creates a rune that explodes when enemies approach, dealing <mag> Poison damage per second for <10> seconds. 	施放一個敵人靠近時會爆炸的法印，每秒造成 <mag> 點毒素傷害，持續 <10> 秒。	Adamant 5.9.2 CHT exact FormKey seed
000000AA	30BF89:MysticismMagic.esp	MGEF	MAG_PerkImpactFFSelfArea	FULL	0	Perk Impact Stagger	Perk Impact Stagger	Adamant 5.9.2 CHT exact FormKey seed
000000AB	30BF89:MysticismMagic.esp	MGEF	MAG_PerkImpactFFSelfArea	DNAM	0			Adamant 5.9.2 CHT exact FormKey seed
000000AC	31618C:MysticismMagic.esp	MGEF	MAG_PerkFirebrandFFSelfArea	FULL	0	Firebrand	烈焰印記	Adamant 5.9.2 CHT exact FormKey seed
000000AD	31618C:MysticismMagic.esp	MGEF	MAG_PerkFirebrandFFSelfArea	DNAM	0			Adamant 5.9.2 CHT exact FormKey seed
000000AE	31618D:MysticismMagic.esp	MGEF	MAG_PerkPowerSurgeFFSelfArea	FULL	0	Power Surge	能量湧動	Adamant 6.0.2 custom; Skyrim 8.20 terminology
000000AF	31618D:MysticismMagic.esp	MGEF	MAG_PerkPowerSurgeFFSelfArea	DNAM	0			Adamant 5.9.2 CHT exact FormKey seed
000000B0	36C2D9:MysticismMagic.esp	MGEF	MAG_PerkFirebrandConcAimedCloak	FULL	0	Firebrand	烈焰印記	Adamant 5.9.2 CHT exact FormKey seed
000000B1	36C2D9:MysticismMagic.esp	MGEF	MAG_PerkFirebrandConcAimedCloak	DNAM	0			Adamant 5.9.2 CHT exact FormKey seed
000000B2	3857FC:MysticismMagic.esp	MGEF	MAG_PerkNorthWindFFContact	FULL	0	North Wind	北風	Adamant 6.0.2 custom; Skyrim 8.20 terminology
000000B3	3857FC:MysticismMagic.esp	MGEF	MAG_PerkNorthWindFFContact	DNAM	0			Adamant 5.9.2 CHT exact FormKey seed
000000B4	38FA03:MysticismMagic.esp	MGEF	MAG_PerkImpactFFAimedArea	FULL	0	Perk Impact Stagger	Perk Impact Stagger	Adamant 5.9.2 CHT exact FormKey seed
000000B5	38FA03:MysticismMagic.esp	MGEF	MAG_PerkImpactFFAimedArea	DNAM	0			Adamant 5.9.2 CHT exact FormKey seed
000000B6	3B3121:MysticismMagic.esp	MGEF	MAG_PerkFirebrandFFContact	FULL	0	Firebrand	烈焰印記	Adamant 5.9.2 CHT exact FormKey seed
000000B7	3B3121:MysticismMagic.esp	MGEF	MAG_PerkFirebrandFFContact	DNAM	0			Adamant 5.9.2 CHT exact FormKey seed
000000B8	3B3122:MysticismMagic.esp	MGEF	MAG_PerkPowerSurgeFFContact	FULL	0	Power Surge	能量湧動	Adamant 6.0.2 custom; Skyrim 8.20 terminology
000000B9	3B3122:MysticismMagic.esp	MGEF	MAG_PerkPowerSurgeFFContact	DNAM	0			Adamant 5.9.2 CHT exact FormKey seed
000000BA	3E5C01:MysticismMagic.esp	MGEF	MAG_PerkMasterMindSilenceRuneFFContact	FULL	0	Silence Rune	靜默法印	Adamant 5.9.2 CHT exact FormKey seed
000000BB	3E5C01:MysticismMagic.esp	MGEF	MAG_PerkMasterMindSilenceRuneFFContact	DNAM	0			Adamant 5.9.2 CHT exact FormKey seed
000000BC	3E5C04:MysticismMagic.esp	MGEF	MAG_PerkMasterMindCalmRuneFFContact	FULL	0	Calm Rune	安撫法印	Adamant 5.9.2 CHT exact FormKey seed
000000BD	3E5C04:MysticismMagic.esp	MGEF	MAG_PerkMasterMindCalmRuneFFContact	DNAM	0			Adamant 5.9.2 CHT exact FormKey seed
000000BE	3E5C05:MysticismMagic.esp	MGEF	MAG_PerkMasterMindFearRuneFFContact	FULL	0	Fear Rune	懼逃法印	Adamant 5.9.2 CHT exact FormKey seed
000000BF	3E5C05:MysticismMagic.esp	MGEF	MAG_PerkMasterMindFearRuneFFContact	DNAM	0			Adamant 5.9.2 CHT exact FormKey seed
000000C0	3E5C06:MysticismMagic.esp	MGEF	MAG_PerkMasterMindCommandRuneFFContact	FULL	0	Command Rune	支配法印	Adamant 5.9.2 CHT exact FormKey seed
000000C1	3E5C06:MysticismMagic.esp	MGEF	MAG_PerkMasterMindCommandRuneFFContact	DNAM	0			Adamant 5.9.2 CHT exact FormKey seed
000000C2	3E5C08:MysticismMagic.esp	MGEF	MAG_PerkMasterMindParalysisFFContactDummy	FULL	0	Paralysis Rune Dummy Effect	Paralysis Rune Dummy Effect	Adamant 5.9.2 CHT exact FormKey seed
000000C3	3E5C08:MysticismMagic.esp	MGEF	MAG_PerkMasterMindParalysisFFContactDummy	DNAM	0			Adamant 5.9.2 CHT exact FormKey seed
000000C4	445FFB:MysticismMagic.esp	MGEF	MAG_PerkDisintegrateFFAimedArea100	FULL	0	Disintegrate	粉身碎骨	Adamant 5.9.2 CHT exact FormKey seed
000000C5	445FFB:MysticismMagic.esp	MGEF	MAG_PerkDisintegrateFFAimedArea100	DNAM	0			Adamant 5.9.2 CHT exact FormKey seed
000000C6	482CE3:MysticismMagic.esp	MGEF	MAG_RestoreHealthFFSelf100	FULL	0	Restore Health	回復生命	Adamant 5.9.2 CHT exact FormKey seed
000000C7	482CE3:MysticismMagic.esp	MGEF	MAG_RestoreHealthFFSelf100	DNAM	0	Restores <mag> Health to yourself and nearby living allies.	恢復自身與附近同伴 <mag> 點生命。	Adamant 5.9.2 CHT exact FormKey seed
000000C8	48CF03:MysticismMagic.esp	MGEF	MAG_PoisonDamageFFTouch100	FULL	0	Poison Damage	毒素傷害	Adamant 5.9.2 CHT exact FormKey seed
000000C9	48CF03:MysticismMagic.esp	MGEF	MAG_PoisonDamageFFTouch100	DNAM	0	Deals <mag> Poison damage per second for <10> seconds to enemies in melee range. 	對近戰範圍內的敵人造成每秒 <mag> 點的毒素傷害，持續 <10> 秒。	Adamant 5.9.2 CHT exact FormKey seed
000000CA	4AB523:MysticismMagic.esp	MGEF	MAG_PerkMasterMindSilenceFFAimedArea50Dummy	FULL	0	Master of the Mind	心靈掌控大師	Adamant 5.9.2 CHT exact FormKey seed
000000CB	4AB523:MysticismMagic.esp	MGEF	MAG_PerkMasterMindSilenceFFAimedArea50Dummy	DNAM	0			Adamant 5.9.2 CHT exact FormKey seed
000000CC	4AB52C:MysticismMagic.esp	MGEF	MAG_PerkMasterMindFrenzyFFAimed25	FULL	0	Master of the Mind	心靈掌控大師	Adamant 5.9.2 CHT exact FormKey seed
000000CD	4AB52C:MysticismMagic.esp	MGEF	MAG_PerkMasterMindFrenzyFFAimed25	DNAM	0			Adamant 5.9.2 CHT exact FormKey seed
000000CE	4AB52D:MysticismMagic.esp	MGEF	MAG_PerkMasterMindFrenzyFFAimedArea75	FULL	0	Master of the Mind	心靈掌控大師	Adamant 5.9.2 CHT exact FormKey seed
000000CF	4AB52D:MysticismMagic.esp	MGEF	MAG_PerkMasterMindFrenzyFFAimedArea75	DNAM	0			Adamant 5.9.2 CHT exact FormKey seed
000000D0	4B0638:MysticismMagic.esp	MGEF	MAG_PerkMasterMindCalmFFAimedArea75	FULL	0	Master of the Mind	心靈掌控大師	Adamant 5.9.2 CHT exact FormKey seed
000000D1	4B0638:MysticismMagic.esp	MGEF	MAG_PerkMasterMindCalmFFAimedArea75	DNAM	0			Adamant 5.9.2 CHT exact FormKey seed
000000D2	4B0639:MysticismMagic.esp	MGEF	MAG_PerkMasterMindCalmFFAimed25	FULL	0	Master of the Mind	心靈掌控大師	Adamant 5.9.2 CHT exact FormKey seed
000000D3	4B0639:MysticismMagic.esp	MGEF	MAG_PerkMasterMindCalmFFAimed25	DNAM	0			Adamant 5.9.2 CHT exact FormKey seed
000000D4	515B96:MysticismMagic.esp	MGEF	MAG_RestoreHealthFFSelf25	FULL	0	Restore Health	回復生命	Adamant 5.9.2 CHT exact FormKey seed
000000D5	515B96:MysticismMagic.esp	MGEF	MAG_RestoreHealthFFSelf25	DNAM	0	Restores <mag> Health.	恢復 <mag> 點生命。	Adamant 5.9.2 CHT exact FormKey seed
000000D6	8C886C:MysticismMagic.esp	MGEF	MAG_PoisonDamageConcAimed00	FULL	0	Poison Damage	毒素傷害	Adamant 5.9.2 CHT exact FormKey seed
000000D7	8C886C:MysticismMagic.esp	MGEF	MAG_PoisonDamageConcAimed00	DNAM	0	Deals <mag> Poison damage per second. Poisoned targets take extra damage over time.	每秒造成 <mag> 點毒素傷害。中毒的目標受到更多持續傷害。	Adamant 5.9.2 CHT exact FormKey seed
000000D8	9420A2:MysticismMagic.esp	MGEF	MAG_PoisonDamageConcAimed50	FULL	0	Poison Damage	毒素傷害	Adamant 5.9.2 CHT exact FormKey seed
000000D9	9420A2:MysticismMagic.esp	MGEF	MAG_PoisonDamageConcAimed50	DNAM	0	Deals <mag> Poison damage per second. Poisoned targets take extra damage over time.	每秒造成 <mag> 點毒素傷害。中毒的目標受到更多持續傷害。	Adamant 5.9.2 CHT exact FormKey seed
000000DA	9606AB:MysticismMagic.esp	MGEF	MAG_PoisonDamageConcAimed100	FULL	0	Poison Damage	毒素傷害	Adamant 5.9.2 CHT exact FormKey seed
000000DB	9606AB:MysticismMagic.esp	MGEF	MAG_PoisonDamageConcAimed100	DNAM	0	Deals <mag> Poison damage per second. Poisoned targets take extra damage over time.	每秒造成 <mag> 點毒素傷害。中毒的目標受到更多持續傷害。	Adamant 5.9.2 CHT exact FormKey seed
000000DC	96A8B5:MysticismMagic.esp	MGEF	MAG_PoisonDamageBarrierConcAimed	FULL	0	Poison Damage	毒素傷害	Adamant 5.9.2 CHT exact FormKey seed
000000DD	96A8B5:MysticismMagic.esp	MGEF	MAG_PoisonDamageBarrierConcAimed	DNAM	0	Creates a wall that deals <mag> Poison damage per second. Poisoned targets take extra damage over time.	創造一堵魔牆，每秒造成 <mag> 點毒素傷害。中毒的目標受到更多持續傷害。	Adamant 5.9.2 CHT exact FormKey seed
000000DE	96F9BB:MysticismMagic.esp	MGEF	MAG_HazardPoisonBarrierFFContact	FULL	0	Poison Hazard	Poison Hazard	Adamant 5.9.2 CHT exact FormKey seed
000000DF	96F9BB:MysticismMagic.esp	MGEF	MAG_HazardPoisonBarrierFFContact	DNAM	0			Adamant 5.9.2 CHT exact FormKey seed
000000E0	B18EAD:MysticismMagic.esp	MGEF	MAG_RestoreHealthFFSelfArea	FULL	0	Restore Health	回復生命	Adamant 5.9.2 CHT exact FormKey seed
000000E1	B18EAD:MysticismMagic.esp	MGEF	MAG_RestoreHealthFFSelfArea	DNAM	0			Adamant 5.9.2 CHT exact FormKey seed
000000E2	B4B8FE:MysticismMagic.esp	MGEF	MAG_PerkMasterMindCourageFFSelfMagicka	FULL	0	Fortify Magicka	強化法力	Adamant 5.9.2 CHT exact FormKey seed
000000E3	B4B8FE:MysticismMagic.esp	MGEF	MAG_PerkMasterMindCourageFFSelfMagicka	DNAM	0			Adamant 5.9.2 CHT exact FormKey seed
000000E4	C62058:MysticismMagic.esp	MGEF	MAG_PerkMasterMindFearFFAimedArea50	FULL	0	Master of the Mind	心靈掌控大師	Adamant 5.9.2 CHT exact FormKey seed
000000E5	C62058:MysticismMagic.esp	MGEF	MAG_PerkMasterMindFearFFAimedArea50	DNAM	0			Adamant 5.9.2 CHT exact FormKey seed
000000E6	C671A4:MysticismMagic.esp	MGEF	MAG_PerkMasterMindSilenceFFAimedArea50	FULL	0	Master of the Mind	心靈掌控大師	Adamant 5.9.2 CHT exact FormKey seed
000000E7	C671A4:MysticismMagic.esp	MGEF	MAG_PerkMasterMindSilenceFFAimedArea50	DNAM	0			Adamant 5.9.2 CHT exact FormKey seed
000000E8	C671A6:MysticismMagic.esp	MGEF	MAG_PerkMasterMindSilenceFFAimed25	FULL	0	Master of the Mind	心靈掌控大師	Adamant 5.9.2 CHT exact FormKey seed
000000E9	C671A6:MysticismMagic.esp	MGEF	MAG_PerkMasterMindSilenceFFAimed25	DNAM	0			Adamant 5.9.2 CHT exact FormKey seed
000000EA	CCC640:MysticismMagic.esp	MGEF	MAG_CircleofProtectionFFSelf75DualCast	FULL	0	Circle of Protection	庇護領域術	Adamant 5.9.2 CHT exact FormKey seed
000000EB	CCC640:MysticismMagic.esp	MGEF	MAG_CircleofProtectionFFSelf75DualCast	DNAM	0			Adamant 5.9.2 CHT exact FormKey seed
000000EC	D278E2:MysticismMagic.esp	MGEF	MAG_PoisonDamageFFTouch50	FULL	0	Poison Damage	毒素傷害	Adamant 5.9.2 CHT exact FormKey seed
000000ED	D278E2:MysticismMagic.esp	MGEF	MAG_PoisonDamageFFTouch50	DNAM	0	Deals <mag> Poison damage per second for <10> seconds to enemies in melee range. 	對近戰範圍內的敵人造成每秒 <mag> 點的毒素傷害，持續 <10> 秒。	Adamant 5.9.2 CHT exact FormKey seed
000000EE	DC48D9:MysticismMagic.esp	MGEF	MAG_BoundShieldFFSelf	FULL	0	Bound Shield	盾牌塑形術	Adamant 5.9.2 CHT exact FormKey seed
000000EF	DC48D9:MysticismMagic.esp	MGEF	MAG_BoundShieldFFSelf	DNAM	0	Summons a Bound Shield for <dur> seconds.	召喚一個魔力塑形盾牌，持續 <dur> 秒。	Adamant 5.9.2 CHT exact FormKey seed
000000F0	DC48DB:MysticismMagic.esp	MGEF	MAG_BoundShieldFFSelfMystic	FULL	0	Bound Shield	盾牌塑形術	Adamant 5.9.2 CHT exact FormKey seed
000000F1	DC48DB:MysticismMagic.esp	MGEF	MAG_BoundShieldFFSelfMystic	DNAM	0			Adamant 5.9.2 CHT exact FormKey seed
000000F2	DC99E0:MysticismMagic.esp	MGEF	MAG_BoundGreatswordFFSelf	FULL	0	Bound Greatsword	巨劍塑形術	Adamant 5.9.2 CHT exact FormKey seed
000000F3	DC99E0:MysticismMagic.esp	MGEF	MAG_BoundGreatswordFFSelf	DNAM	0	Summons a Bound Greatsword for <dur> seconds.	召喚一把魔力塑形巨劍，持續 <dur> 秒。	Adamant 5.9.2 CHT exact FormKey seed
000000F4	DC99E5:MysticismMagic.esp	MGEF	MAG_EnchBoundGreatswordFX	FULL	0	Bound Greatsword	巨劍塑形術	Adamant 5.9.2 CHT exact FormKey seed
000000F5	DC99E5:MysticismMagic.esp	MGEF	MAG_EnchBoundGreatswordFX	DNAM	0			Adamant 5.9.2 CHT exact FormKey seed
000000F6	DD3BE8:MysticismMagic.esp	MGEF	MAG_EnchBoundWarAxeFX	FULL	0	Bound War Axe	戰斧塑形術	Adamant 5.9.2 CHT exact FormKey seed
000000F7	DD3BE8:MysticismMagic.esp	MGEF	MAG_EnchBoundWarAxeFX	DNAM	0			Adamant 5.9.2 CHT exact FormKey seed
000000F8	4B07E3:Adamant.esp	MGEF	MAG_FluteSongEffect01	FULL	0	Flute Song Effect	長笛樂曲效果	Adamant 6.0.2 custom; Skyrim 8.20 terminology
000000F9	4B07E3:Adamant.esp	MGEF	MAG_FluteSongEffect01	DNAM	0			Adamant 5.9.2 CHT exact phrase seed
000000FA	4B07F1:Adamant.esp	MGEF	MAG_FluteSongEffect02	FULL	0	Flute Song Effect	長笛樂曲效果	Adamant 6.0.2 custom; Skyrim 8.20 terminology
000000FB	4B07F1:Adamant.esp	MGEF	MAG_FluteSongEffect02	DNAM	0			Adamant 5.9.2 CHT exact phrase seed
000000FC	DED0F5:MysticismMagic.esp	MGEF	MAG_BoundWarhammerFFSelf	FULL	0	Bound Warhammer	戰錘塑形術	Adamant 5.9.2 CHT exact FormKey seed
000000FD	DED0F5:MysticismMagic.esp	MGEF	MAG_BoundWarhammerFFSelf	DNAM	0	Summons a Bound Warhammer for <dur> seconds.	召喚一把魔力塑形戰錘，持續 <dur> 秒。	Adamant 5.9.2 CHT exact FormKey seed
000000FE	DFC3FB:MysticismMagic.esp	MGEF	MAG_EnchBoundMaceFX	FULL	0	Bound Mace	釘槌塑形術	Adamant 5.9.2 CHT exact FormKey seed
000000FF	DFC3FB:MysticismMagic.esp	MGEF	MAG_EnchBoundMaceFX	DNAM	0			Adamant 5.9.2 CHT exact FormKey seed
00000100	E014FF:MysticismMagic.esp	MGEF	MAG_BoundMaceFFSelf	FULL	0	Bound Mace	釘槌塑形術	Adamant 5.9.2 CHT exact FormKey seed
00000101	E014FF:MysticismMagic.esp	MGEF	MAG_BoundMaceFFSelf	DNAM	0	Summons a Bound Mace for <dur> seconds.	召喚一把魔力塑形釘錘，持續 <dur> 秒。	Adamant 5.9.2 CHT exact FormKey seed
00000102	E1590E:MysticismMagic.esp	MGEF	MAG_BoundWarAxeMyisticFFSelf40	FULL	0	Bound War Axe	戰斧塑形術	Adamant 5.9.2 CHT exact FormKey seed
00000103	E1590E:MysticismMagic.esp	MGEF	MAG_BoundWarAxeMyisticFFSelf40	DNAM	0			Adamant 5.9.2 CHT exact FormKey seed
00000104	E1590F:MysticismMagic.esp	MGEF	MAG_BoundMaceMysticFFSelf40	FULL	0	Bound Mace	釘槌塑形術	Adamant 5.9.2 CHT exact FormKey seed
00000105	E1590F:MysticismMagic.esp	MGEF	MAG_BoundMaceMysticFFSelf40	DNAM	0			Adamant 5.9.2 CHT exact FormKey seed
00000106	E15910:MysticismMagic.esp	MGEF	MAG_BoundGreatswordMysticFFSelf40	FULL	0	Bound Greatsword	巨劍塑形術	Adamant 5.9.2 CHT exact FormKey seed
00000107	E15910:MysticismMagic.esp	MGEF	MAG_BoundGreatswordMysticFFSelf40	DNAM	0			Adamant 5.9.2 CHT exact FormKey seed
00000108	E15911:MysticismMagic.esp	MGEF	MAG_BoundWarhammerMysticFFSelf40	FULL	0	Bound Warhammer	戰錘塑形術	Adamant 5.9.2 CHT exact FormKey seed
00000109	E15911:MysticismMagic.esp	MGEF	MAG_BoundWarhammerMysticFFSelf40	DNAM	0			Adamant 5.9.2 CHT exact FormKey seed
0000010A	E15912:MysticismMagic.esp	MGEF	MAG_BoundShieldFFSelfDummy	FULL	0	Bound Shield	盾牌塑形術	Adamant 5.9.2 CHT exact FormKey seed
0000010B	E15912:MysticismMagic.esp	MGEF	MAG_BoundShieldFFSelfDummy	DNAM	0			Adamant 5.9.2 CHT exact FormKey seed
0000010C	F08A1F:MysticismMagic.esp	MGEF	MAG_CircleofWisdomFFSelf50PerkDualCast	FULL	0	Fortify Magicka Regeneration	強化法力恢復	Adamant 5.9.2 CHT exact FormKey seed
0000010D	F08A1F:MysticismMagic.esp	MGEF	MAG_CircleofWisdomFFSelf50PerkDualCast	DNAM	0			Adamant 5.9.2 CHT exact FormKey seed
0000010E	F21F44:MysticismMagic.esp	MGEF	MAG_CircleofStrengthFFSelf50PerkDualCast	FULL	0	Fortify Stamina Regeneration	強化耐力恢復	Adamant 5.9.2 CHT exact FormKey seed
0000010F	F21F44:MysticismMagic.esp	MGEF	MAG_CircleofStrengthFFSelf50PerkDualCast	DNAM	0			Adamant 5.9.2 CHT exact FormKey seed
00000110	F36357:MysticismMagic.esp	MGEF	MAG_CircleofStrengthFFSelf100PerkDualCast	FULL	0	Fortify Stamina Regeneration	強化耐力恢復	Adamant 5.9.2 CHT exact FormKey seed
00000111	F36357:MysticismMagic.esp	MGEF	MAG_CircleofStrengthFFSelf100PerkDualCast	DNAM	0			Adamant 5.9.2 CHT exact FormKey seed
00000112	F36362:MysticismMagic.esp	MGEF	MAG_CircleofWisdomFFSelf100PerkDualCast	FULL	0	Fortify Magicka Regeneration	強化法力恢復	Adamant 5.9.2 CHT exact FormKey seed
00000113	F36362:MysticismMagic.esp	MGEF	MAG_CircleofWisdomFFSelf100PerkDualCast	DNAM	0			Adamant 5.9.2 CHT exact FormKey seed
00000114	F36377:MysticismMagic.esp	MGEF	MAG_CircleofLifeFFSelf50PerkDualCast	FULL	0	Restore Health	回復生命	Adamant 5.9.2 CHT exact FormKey seed
00000115	F36377:MysticismMagic.esp	MGEF	MAG_CircleofLifeFFSelf50PerkDualCast	DNAM	0			Adamant 5.9.2 CHT exact FormKey seed
00000116	F3B488:MysticismMagic.esp	MGEF	MAG_CircleofLifeFFSelf100PerkDualCast	FULL	0	Restore Health	回復生命	Adamant 5.9.2 CHT exact FormKey seed
00000117	F3B488:MysticismMagic.esp	MGEF	MAG_CircleofLifeFFSelf100PerkDualCast	DNAM	0			Adamant 5.9.2 CHT exact FormKey seed
00000118	038304:Adamant.esp	MGEF	MAG_PowerStrikeControllerEffect	FULL	0	Power Strike	強力打擊	Adamant 6.0.2 custom; Skyrim 8.20 terminology
00000119	038304:Adamant.esp	MGEF	MAG_PowerStrikeControllerEffect	DNAM	0			Adamant 5.9.2 CHT exact phrase seed
0000011A	047603:Adamant.esp	MGEF	MAG_abPilgrimJulianosEffect	FULL	0	The Wisdom of Julianos	尤里安諾斯的智慧	Adamant 5.9.2 CHT exact FormKey seed
0000011B	047603:Adamant.esp	MGEF	MAG_abPilgrimJulianosEffect	DNAM	0	Spells and enchantments cost <10>% less Magicka.	法術和附魔消耗法力減少 <10>%。	Adamant 5.9.2 CHT exact FormKey seed
0000011C	04C70D:Adamant.esp	MGEF	MAG_BoundWeaponXPFFContact	FULL	0	Bound Weapon XP	魔力塑形武器經驗	Adamant 6.0.2 custom; Skyrim 8.20 terminology
0000011D	04C70D:Adamant.esp	MGEF	MAG_BoundWeaponXPFFContact	DNAM	0	If target dies within <dur> seconds, fills a soul gem.	如果目標在 <dur> 秒內死亡，可為一塊靈魂石充能。	Adamant 5.9.2 CHT exact phrase seed
0000011E	051809:Adamant.esp	MGEF	MAG_PerkSoulStrikeFFContact01	FULL	0	Soul Strike	靈魂打擊	Adamant 6.0.2 custom; Skyrim 8.20 terminology
0000011F	051809:Adamant.esp	MGEF	MAG_PerkSoulStrikeFFContact01	DNAM	0			Adamant 5.9.2 CHT exact FormKey seed
00000120	051814:Adamant.esp	MGEF	MAG_BoundWeaponControllerEffect	FULL	0	Bound Weapon Controller	魔力塑形武器控制器	Adamant 6.0.2 custom; Skyrim 8.20 terminology
00000121	051814:Adamant.esp	MGEF	MAG_BoundWeaponControllerEffect	DNAM	0			Adamant 5.9.2 CHT exact phrase seed
00000122	051816:Adamant.esp	MGEF	MAG_PerkBoundArmorEffect	FULL	0	Fortify Armor Rating	強化護具防禦力	Adamant 6.0.2 custom; Skyrim 8.20 terminology
00000123	051816:Adamant.esp	MGEF	MAG_PerkBoundArmorEffect	DNAM	0			Adamant 5.9.2 CHT exact phrase seed
00000124	051819:Adamant.esp	MGEF	MAG_PerkBoundAegisEffect	FULL	0	Resist Magic	魔法抗性	Adamant 5.9.2 CHT exact phrase seed
00000125	051819:Adamant.esp	MGEF	MAG_PerkBoundAegisEffect	DNAM	0			Adamant 5.9.2 CHT exact phrase seed
00000126	05690A:Adamant.esp	MGEF	MAG_PerkChaosBindingFFContactFrost01	FULL	0	Frost Damage	寒霜傷害	Adamant 5.9.2 CHT exact FormKey seed
00000127	05690A:Adamant.esp	MGEF	MAG_PerkChaosBindingFFContactFrost01	DNAM	0			Adamant 5.9.2 CHT exact FormKey seed
00000128	05690C:Adamant.esp	MGEF	MAG_PerkSoulStrikeFFContactPowerAttack01	FULL	0	Soul Strike	靈魂打擊	Adamant 6.0.2 custom; Skyrim 8.20 terminology
00000129	05690C:Adamant.esp	MGEF	MAG_PerkSoulStrikeFFContactPowerAttack01	DNAM	0			Adamant 5.9.2 CHT exact FormKey seed
0000012A	060B0F:Adamant.esp	MGEF	MAG_PerkArmorofShadowsConcCloak30	FULL	0	Armor of Shadows	影紋盔甲	Adamant 5.9.2 CHT exact FormKey seed
0000012B	060B0F:Adamant.esp	MGEF	MAG_PerkArmorofShadowsConcCloak30	DNAM	0			Adamant 5.9.2 CHT exact FormKey seed
0000012C	065C16:Adamant.esp	MGEF	MAG_PerkArmorofShadowsEffect	FULL	0	Armor of Shadows	影紋盔甲	Adamant 5.9.2 CHT exact FormKey seed
0000012D	065C16:Adamant.esp	MGEF	MAG_PerkArmorofShadowsEffect	DNAM	0			Adamant 5.9.2 CHT exact FormKey seed
0000012E	06AD19:Adamant.esp	MGEF	MAG_RestoreHealthUndeadConcActor25	FULL	0	Conjurer's Cure	召喚士療術	Adamant 5.9.2 CHT exact FormKey seed
0000012F	06AD19:Adamant.esp	MGEF	MAG_RestoreHealthUndeadConcActor25	DNAM	0	Heals Daedric and undead targets, restoring <mag> Health per second for <dur> seconds.	治療魔族及不死目標，每秒恢復 <mag> 點生命，持續 <dur> 秒。	Adamant 5.9.2 CHT exact FormKey seed
00000130	06AD1B:Adamant.esp	MGEF	MAG_PerkRitualofPowerConcAimedCloak40	FULL	0	Ritual of Power	力量儀式	Adamant 5.9.2 CHT exact FormKey seed
00000131	06AD1B:Adamant.esp	MGEF	MAG_PerkRitualofPowerConcAimedCloak40	DNAM	0			Adamant 5.9.2 CHT exact FormKey seed
00000132	08932A:Adamant.esp	MGEF	MAG_abFortifyShoutTimer	FULL	0	Fortify Shouts	強化龍吼	Adamant 5.9.2 CHT exact FormKey seed
00000133	08932A:Adamant.esp	MGEF	MAG_abFortifyShoutTimer	DNAM	0			Adamant 5.9.2 CHT exact FormKey seed
00000134	09862F:Adamant.esp	MGEF	MAG_PerkBarrierArmorFFSelfArea	FULL	0	Barrier	屏障	Adamant 6.0.2 custom; Skyrim 8.20 terminology
00000135	09862F:Adamant.esp	MGEF	MAG_PerkBarrierArmorFFSelfArea	DNAM	0			Adamant 5.9.2 CHT exact FormKey seed
00000136	098630:Adamant.esp	MGEF	MAG_PerkBarrierFrostResistFFSelfArea	FULL	0	Frost Shell	寒霜護罩	Adamant 5.9.2 CHT exact FormKey seed
00000137	098630:Adamant.esp	MGEF	MAG_PerkBarrierFrostResistFFSelfArea	DNAM	0			Adamant 5.9.2 CHT exact FormKey seed
00000138	098631:Adamant.esp	MGEF	MAG_PerkBarrierFireResistFFSelfArea	FULL	0	Fire Shell	火焰護罩	Adamant 5.9.2 CHT exact FormKey seed
00000139	098631:Adamant.esp	MGEF	MAG_PerkBarrierFireResistFFSelfArea	DNAM	0			Adamant 5.9.2 CHT exact FormKey seed
0000013A	098632:Adamant.esp	MGEF	MAG_PerkBarrierShockResistFFSelf	FULL	0	Shock Shell	閃電護罩	Adamant 5.9.2 CHT exact FormKey seed
0000013B	098632:Adamant.esp	MGEF	MAG_PerkBarrierShockResistFFSelf	DNAM	0			Adamant 5.9.2 CHT exact FormKey seed
0000013C	098633:Adamant.esp	MGEF	MAG_PerkBarrierPoisonResistFFSelfArea	FULL	0	Poison Shell	毒素護罩	Adamant 5.9.2 CHT exact FormKey seed
0000013D	098633:Adamant.esp	MGEF	MAG_PerkBarrierPoisonResistFFSelfArea	DNAM	0			Adamant 5.9.2 CHT exact FormKey seed
0000013E	098644:Adamant.esp	MGEF	MAG_abPilgrimKynarethEffect	FULL	0	The Way of Kynareth	凱娜瑞絲之道	Adamant 5.9.2 CHT exact FormKey seed
0000013F	098644:Adamant.esp	MGEF	MAG_abPilgrimKynarethEffect	DNAM	0	You move <10>% faster and take <50>% less damage from falling. 	你的移動速度提高 <10>%，並且墜落傷害減少 <50>%。	Adamant 5.9.2 CHT exact FormKey seed
00000140	098646:Adamant.esp	MGEF	MAG_abPilgrimStendarrEffect	FULL	0	The Mercy of Stendarr	斯坦德爾的恩惠	Adamant 5.9.2 CHT exact FormKey seed
00000141	098646:Adamant.esp	MGEF	MAG_abPilgrimStendarrEffect	DNAM	0	You are <25>% better at blocking and bashing.	你的格擋和擋擊的效果提高 <25>%。	Adamant 5.9.2 CHT exact FormKey seed
00000142	098649:Adamant.esp	MGEF	MAG_abPilgrimMaraEffect	FULL	0	The Benevolence of Mara	瑪拉的恩惠	Adamant 5.9.2 CHT exact FormKey seed
00000143	098649:Adamant.esp	MGEF	MAG_abPilgrimMaraEffect	DNAM	0	Healing spells cost <25>% less.	治療法術消耗減少 <25>%。	Adamant 5.9.2 CHT exact FormKey seed
00000144	09864F:Adamant.esp	MGEF	MAG_abPilgrimDibellaEffect	FULL	0	The Beauty of Dibella	蒂貝拉的魅力	Adamant 5.9.2 CHT exact FormKey seed
00000145	09864F:Adamant.esp	MGEF	MAG_abPilgrimDibellaEffect	DNAM	0	You have <100>% Disease Resistance.	你擁有<100>%疾病抗性。	Adamant 5.9.2 CHT exact FormKey seed
00000146	098651:Adamant.esp	MGEF	MAG_abPilgrimAkatoshEffectHealth	FULL	0	The Roar of Akatosh	阿卡託什的怒吼	Adamant 5.9.2 CHT exact FormKey seed
00000147	098651:Adamant.esp	MGEF	MAG_abPilgrimAkatoshEffectHealth	DNAM	0	You have <25> extra Health, Magicka, and Stamina.	你的生命、法力、耐力上限提高 <25> 點。	Adamant 5.9.2 CHT exact FormKey seed
00000148	098656:Adamant.esp	MGEF	MAG_abPilgrimZenitharEffect	FULL	0	The Scales of Zenithar	澤尼薩爾的鱗片	Adamant 5.9.2 CHT exact FormKey seed
00000149	098656:Adamant.esp	MGEF	MAG_abPilgrimZenitharEffect	DNAM	0	Buying and selling prices are <25>% better.	買賣物品時價格得到<25>%的優惠。	Adamant 5.9.2 CHT exact FormKey seed
0000014A	098658:Adamant.esp	MGEF	MAG_abPilgrimArkayEffect	FULL	0	The Light of Arkay	阿爾凱之光	Adamant 5.9.2 CHT exact FormKey seed
0000014B	098658:Adamant.esp	MGEF	MAG_abPilgrimArkayEffect	DNAM	0	Your Armor Rating is increased by <mag>.	護具防禦力提高 <mag> 點。	Adamant 5.9.2 CHT exact FormKey seed
0000014C	09865C:Adamant.esp	MGEF	MAG_abPilgrimTalosEffect	FULL	0	The Voice of Talos	塔洛斯之聲	Adamant 5.9.2 CHT exact FormKey seed
0000014D	09865C:Adamant.esp	MGEF	MAG_abPilgrimTalosEffect	DNAM	0	Your Shouts deal <50>% more damage. 	你龍吼造成的傷害提高<50>%。	Adamant 5.9.2 CHT exact FormKey seed
0000014E	09866A:Adamant.esp	MGEF	MAG_PerkInfiltratorEffect	FULL	0	Fortify Movement Speed	強化移動速度	Adamant 5.9.2 CHT exact FormKey seed
0000014F	09866A:Adamant.esp	MGEF	MAG_PerkInfiltratorEffect	DNAM	0			Adamant 5.9.2 CHT exact FormKey seed
00000150	0B6C75:Adamant.esp	MGEF	MAG_AdeptSmithingOrcishEffect	FULL	0	Adept Smithing - Orcish	行家工藝鍛造 - 獸人	Adamant 5.9.2 CHT exact FormKey seed
00000151	0B6C75:Adamant.esp	MGEF	MAG_AdeptSmithingOrcishEffect	DNAM	0			Adamant 5.9.2 CHT exact FormKey seed
00000152	0B6C77:Adamant.esp	MGEF	MAG_IntermediateSmithingDwarvenEffect	FULL	0	Intermediate Smithing - Dwarven	中級工藝鍛造 - 矮人	Adamant 5.9.2 CHT exact FormKey seed
00000153	0B6C77:Adamant.esp	MGEF	MAG_IntermediateSmithingDwarvenEffect	DNAM	0			Adamant 5.9.2 CHT exact FormKey seed
00000154	0B6C7A:Adamant.esp	MGEF	MAG_ExpertSmithingGlassEffect	FULL	0	Expert Smithing - Glass	專家工藝鍛造 - 翠琉璃	Adamant 5.9.2 CHT exact FormKey seed
00000155	0B6C7A:Adamant.esp	MGEF	MAG_ExpertSmithingGlassEffect	DNAM	0			Adamant 5.9.2 CHT exact FormKey seed
00000156	0B6C7D:Adamant.esp	MGEF	MAG_MasterSmithingDragonEffect	FULL	0	Master Smithing - Dragon	大師工藝鍛造 - 龍族	Adamant 5.9.2 CHT exact FormKey seed
00000157	0B6C7D:Adamant.esp	MGEF	MAG_MasterSmithingDragonEffect	DNAM	0			Adamant 5.9.2 CHT exact FormKey seed
00000158	0D0163:Adamant.esp	MGEF	MAG_PerkResolveConcActorStamina	FULL	0	Resolve 50	Resolve 50	Adamant 5.9.2 CHT exact phrase seed
00000159	0D0163:Adamant.esp	MGEF	MAG_PerkResolveConcActorStamina	DNAM	0			Adamant 5.9.2 CHT exact phrase seed
0000015A	0D01AC:Adamant.esp	MGEF	MAG_PerkAspectofTerrorConcCloakAlt	FULL	0	Aspect of Terror	恐怖面目	Adamant 5.9.2 CHT exact FormKey seed
0000015B	0D01AC:Adamant.esp	MGEF	MAG_PerkAspectofTerrorConcCloakAlt	DNAM	0			Adamant 5.9.2 CHT exact FormKey seed
0000015C	0D01AE:Adamant.esp	MGEF	MAG_PerkSerenityEffect	FULL	0	Serenity	寧謐之靈	Adamant 5.9.2 CHT exact FormKey seed
0000015D	0D01AE:Adamant.esp	MGEF	MAG_PerkSerenityEffect	DNAM	0			Adamant 5.9.2 CHT exact FormKey seed
0000015E	0D01BC:Adamant.esp	MGEF	MAG_PerkAspectofTerrorConcCloak	FULL	0	Aspect of Terror	恐怖面目	Adamant 5.9.2 CHT exact FormKey seed
0000015F	0D01BC:Adamant.esp	MGEF	MAG_PerkAspectofTerrorConcCloak	DNAM	0			Adamant 5.9.2 CHT exact FormKey seed
00000160	0D01BE:Adamant.esp	MGEF	MAG_PerkAspectofTerrorCloak	FULL	0	Aspect of Terror	恐怖面目	Adamant 5.9.2 CHT exact FormKey seed
00000161	0D01BE:Adamant.esp	MGEF	MAG_PerkAspectofTerrorCloak	DNAM	0			Adamant 5.9.2 CHT exact FormKey seed
00000162	0D01C4:Adamant.esp	MGEF	MAG_PerkTranquilityConcCloak	FULL	0	Dispel	消除	Adamant 5.9.2 CHT exact FormKey seed
00000163	0D01C4:Adamant.esp	MGEF	MAG_PerkTranquilityConcCloak	DNAM	0			Adamant 5.9.2 CHT exact FormKey seed
00000164	0D01C5:Adamant.esp	MGEF	MAG_PerkVoiceofAuthorityConcCloakAlt	FULL	0	Voice of Authority	權威之音	Adamant 5.9.2 CHT exact FormKey seed
00000165	0D01C5:Adamant.esp	MGEF	MAG_PerkVoiceofAuthorityConcCloakAlt	DNAM	0			Adamant 5.9.2 CHT exact FormKey seed
00000166	0D01C7:Adamant.esp	MGEF	MAG_PerkVoiceofAuthorityCloak	FULL	0	Voice of Authority	權威之音	Adamant 5.9.2 CHT exact FormKey seed
00000167	0D01C7:Adamant.esp	MGEF	MAG_PerkVoiceofAuthorityCloak	DNAM	0			Adamant 5.9.2 CHT exact FormKey seed
00000168	0F387E:Adamant.esp	MGEF	MAG_MagickaPassiveEffect01	FULL	0	Regenerate Magicka	再生法力	Adamant 5.9.2 CHT exact phrase seed
00000169	0F387E:Adamant.esp	MGEF	MAG_MagickaPassiveEffect01	DNAM	0	Your Magicka Regeneration is increased by <50>%.	你的法力恢復速度提高<50>%。	Adamant 6.0.2 custom; Skyrim 8.20 terminology
0000016A	0F38D6:Adamant.esp	MGEF	MAG_PerkAgilityEffect	FULL	0	Fortify Movement Speed	強化移動速度	Adamant 5.9.2 CHT exact FormKey seed
0000016B	0F38D6:Adamant.esp	MGEF	MAG_PerkAgilityEffect	DNAM	0			Adamant 6.0.2 custom; Skyrim 8.20 terminology
0000016C	0F89DF:Adamant.esp	MGEF	MAG_PerkConditioningEffect	FULL	0	Fortify Health Regeneration	強化生命恢復	Adamant 6.0.2 custom; Skyrim 8.20 terminology
0000016D	0F89DF:Adamant.esp	MGEF	MAG_PerkConditioningEffect	DNAM	0			Adamant 5.9.2 CHT exact FormKey seed
0000016E	0FDA8B:Adamant.esp	MGEF	MAG_AdamantiumControllerEffect	FULL	0	Adamantium Controller	精金控制器	Adamant 6.0.2 custom; Skyrim 8.20 terminology
0000016F	0FDA8B:Adamant.esp	MGEF	MAG_AdamantiumControllerEffect	DNAM	0			Adamant 5.9.2 CHT exact phrase seed
00000170	121198:Adamant.esp	MGEF	MAG_ArcheryControllerEffect	FULL	0	Archery Controller	弓術控制器	Adamant 6.0.2 custom; Skyrim 8.20 terminology
00000171	121198:Adamant.esp	MGEF	MAG_ArcheryControllerEffect	DNAM	0			Adamant 5.9.2 CHT exact phrase seed
00000172	12B39A:Adamant.esp	MGEF	MAG_BlockSlowdownEffect01	FULL	0	Block Slowdown Effect	格擋減速效果	Adamant 6.0.2 custom; Skyrim 8.20 terminology
00000173	12B39A:Adamant.esp	MGEF	MAG_BlockSlowdownEffect01	DNAM	0			Adamant 5.9.2 CHT exact phrase seed
00000174	12B39C:Adamant.esp	MGEF	MAG_BlockSlowdownEffect02	FULL	0	Block Slowdown Effect	格擋減速效果	Adamant 6.0.2 custom; Skyrim 8.20 terminology
00000175	12B39C:Adamant.esp	MGEF	MAG_BlockSlowdownEffect02	DNAM	0			Adamant 5.9.2 CHT exact phrase seed
00000176	13049F:Adamant.esp	MGEF	MAG_PerkRapidManeuversEffect02	FULL	0	Rapid Maneuvers	迅捷機動	Adamant 6.0.2 custom; Skyrim 8.20 terminology
00000177	13049F:Adamant.esp	MGEF	MAG_PerkRapidManeuversEffect02	DNAM	0			Adamant 5.9.2 CHT exact phrase seed
00000178	1304A1:Adamant.esp	MGEF	MAG_PerkRapidManeuversEffect01	FULL	0	Rapid Maneuvers	迅捷機動	Adamant 6.0.2 custom; Skyrim 8.20 terminology
00000179	1304A1:Adamant.esp	MGEF	MAG_PerkRapidManeuversEffect01	DNAM	0			Adamant 5.9.2 CHT exact phrase seed
0000017A	1304A2:Adamant.esp	MGEF	MAG_PerkStunningStrike01	FULL	0	Stunning Strike	震懾打擊	Adamant 5.9.2 CHT exact phrase seed
0000017B	1304A2:Adamant.esp	MGEF	MAG_PerkStunningStrike01	DNAM	0	Your Movement and Attack Speed are reduced by <25>% for <dur> seconds.	你的移動速度和攻擊速度降低 <25>%，持續 <dur> 秒。	Adamant 6.0.2 custom; Skyrim 8.20 terminology
0000017C	13A6A4:Adamant.esp	MGEF	MAG_PerkDisorientingBlowEffect	FULL	0	Disorienting Blow	眩暈打擊	Adamant 5.9.2 CHT exact phrase seed
0000017D	13A6A4:Adamant.esp	MGEF	MAG_PerkDisorientingBlowEffect	DNAM	0	Your weapon and spell damage are reduced by <20>% for <dur> seconds.	你的武器和法術傷害降低 <20>%，持續 <dur> 秒。	Adamant 6.0.2 custom; Skyrim 8.20 terminology
0000017E	1448AB:Adamant.esp	MGEF	MAG_PerkDefensiveStanceEffect01Block	FULL	0	Defensive Stance	防禦架勢	Adamant 6.0.2 custom; Skyrim 8.20 terminology
0000017F	1448AB:Adamant.esp	MGEF	MAG_PerkDefensiveStanceEffect01Block	DNAM	0			Adamant 5.9.2 CHT exact phrase seed
00000180	1448AD:Adamant.esp	MGEF	MAG_PerkDefensiveStanceEffect02Block	FULL	0	Defensive Stance	防禦架勢	Adamant 6.0.2 custom; Skyrim 8.20 terminology
00000181	1448AD:Adamant.esp	MGEF	MAG_PerkDefensiveStanceEffect02Block	DNAM	0			Adamant 5.9.2 CHT exact phrase seed
00000182	153BAF:Adamant.esp	MGEF	MAG_PerkSkirmisherEffect	FULL	0	Fortify Armor Rating	強化護具防禦力	Adamant 6.0.2 custom; Skyrim 8.20 terminology
00000183	153BAF:Adamant.esp	MGEF	MAG_PerkSkirmisherEffect	DNAM	0			Adamant 5.9.2 CHT exact phrase seed
00000184	153BB1:Adamant.esp	MGEF	MAG_PerkSurvivalistEffect01	FULL	0	Resist Poison	毒素抗性	Adamant 5.9.2 CHT exact phrase seed
00000185	153BB1:Adamant.esp	MGEF	MAG_PerkSurvivalistEffect01	DNAM	0			Adamant 5.9.2 CHT exact phrase seed
00000186	153BB4:Adamant.esp	MGEF	MAG_PerkSurvivalistEffect02	FULL	0	Resist Disease	疾病抗性	Adamant 6.0.2 custom; Skyrim 8.20 terminology
00000187	153BB4:Adamant.esp	MGEF	MAG_PerkSurvivalistEffect02	DNAM	0			Adamant 5.9.2 CHT exact phrase seed
00000188	158CBC:Adamant.esp	MGEF	MAG_PerkFightorFlightEffect01	FULL	0	Fortify Movement Speed	強化移動速度	Adamant 5.9.2 CHT exact phrase seed
00000189	158CBC:Adamant.esp	MGEF	MAG_PerkFightorFlightEffect01	DNAM	0	Your Movement Speed is increased by <20>% for <dur> seconds.	你的移動速度提高 <20>%，持續 <dur> 秒。	Adamant 6.0.2 custom; Skyrim 8.20 terminology
0000018A	158CBE:Adamant.esp	MGEF	MAG_PerkFightorFlightEffect02	FULL	0	Fortify Movement Speed	強化移動速度	Adamant 5.9.2 CHT exact phrase seed
0000018B	158CBE:Adamant.esp	MGEF	MAG_PerkFightorFlightEffect02	DNAM	0			Adamant 5.9.2 CHT exact phrase seed
0000018C	158CFA:Adamant.esp	MGEF	MAG_PerkMageRobesEffect	FULL	0	Fortify Magicka Regeneration	強化法力恢復	Adamant 6.0.2 custom; Skyrim 8.20 terminology
0000018D	158CFA:Adamant.esp	MGEF	MAG_PerkMageRobesEffect	DNAM	0			Adamant 5.9.2 CHT exact FormKey seed
0000018E	167FC8:Adamant.esp	MGEF	MAG_PerkSecondWindEffect02	FULL	0	Fortify Stamina Regeneration	強化耐力恢復	Adamant 5.9.2 CHT exact phrase seed
0000018F	167FC8:Adamant.esp	MGEF	MAG_PerkSecondWindEffect02	DNAM	0			Adamant 5.9.2 CHT exact phrase seed
00000190	167FCA:Adamant.esp	MGEF	MAG_PerkUnhinderedEffect	FULL	0	Unhindered	輕如鴻毛	Adamant 5.9.2 CHT exact phrase seed
00000191	167FCA:Adamant.esp	MGEF	MAG_PerkUnhinderedEffect	DNAM	0			Adamant 5.9.2 CHT exact phrase seed
00000192	16D115:Adamant.esp	MGEF	MAG_PerkMasterMindDispelFFAimed25	FULL	0	Dispel	消除	Adamant 5.9.2 CHT exact FormKey seed
00000193	16D115:Adamant.esp	MGEF	MAG_PerkMasterMindDispelFFAimed25	DNAM	0			Adamant 5.9.2 CHT exact FormKey seed
00000194	16D117:Adamant.esp	MGEF	MAG_PerkMasterMindDispelFFAimed50	FULL	0	Dispel	消除	Adamant 5.9.2 CHT exact FormKey seed
00000195	16D117:Adamant.esp	MGEF	MAG_PerkMasterMindDispelFFAimed50	DNAM	0			Adamant 5.9.2 CHT exact FormKey seed
00000196	16D118:Adamant.esp	MGEF	MAG_PerkMasterMindDispelFFAimedArea	FULL	0	Dispel	消除	Adamant 5.9.2 CHT exact FormKey seed
00000197	16D118:Adamant.esp	MGEF	MAG_PerkMasterMindDispelFFAimedArea	DNAM	0			Adamant 5.9.2 CHT exact FormKey seed
00000198	16D119:Adamant.esp	MGEF	MAG_PerkMasterMindDispelFFSelfArea	FULL	0	Dispel	消除	Adamant 5.9.2 CHT exact FormKey seed
00000199	16D119:Adamant.esp	MGEF	MAG_PerkMasterMindDispelFFSelfArea	DNAM	0			Adamant 5.9.2 CHT exact FormKey seed
0000019A	16D11A:Adamant.esp	MGEF	MAG_PerkMasterMindDispelFFContact	FULL	0	Dispel	消除	Adamant 5.9.2 CHT exact FormKey seed
0000019B	16D11A:Adamant.esp	MGEF	MAG_PerkMasterMindDispelFFContact	DNAM	0			Adamant 5.9.2 CHT exact FormKey seed
0000019C	1772D3:Adamant.esp	MGEF	MAG_PerkJuggernautEffect	FULL	0	Fortify Armor Rating	強化護具防禦力	Adamant 6.0.2 custom; Skyrim 8.20 terminology
0000019D	1772D3:Adamant.esp	MGEF	MAG_PerkJuggernautEffect	DNAM	0			Adamant 5.9.2 CHT exact phrase seed
0000019E	17C3D5:Adamant.esp	MGEF	MAG_PerkImmovableEffect01	FULL	0	Fortify Stagger Resistance	強化失衡抗性	Adamant 6.0.2 custom; Skyrim 8.20 terminology
0000019F	17C3D5:Adamant.esp	MGEF	MAG_PerkImmovableEffect01	DNAM	0			Adamant 5.9.2 CHT exact phrase seed
000001A0	17C3D7:Adamant.esp	MGEF	MAG_PerkImmovableEffect02	FULL	0	Fortify Stagger Resistance	強化失衡抗性	Adamant 6.0.2 custom; Skyrim 8.20 terminology
000001A1	17C3D7:Adamant.esp	MGEF	MAG_PerkImmovableEffect02	DNAM	0			Adamant 5.9.2 CHT exact phrase seed
000001A2	17C3DA:Adamant.esp	MGEF	MAG_PerkUnstoppableEffect	FULL	0	Unstoppable	勢不可擋	Adamant 5.9.2 CHT exact phrase seed
000001A3	17C3DA:Adamant.esp	MGEF	MAG_PerkUnstoppableEffect	DNAM	0			Adamant 5.9.2 CHT exact phrase seed
000001A4	17C3DD:Adamant.esp	MGEF	MAG_PerkUnstoppableSpellEffect	FULL	0	Unstoppable	勢不可擋	Adamant 5.9.2 CHT exact phrase seed
000001A5	17C3DD:Adamant.esp	MGEF	MAG_PerkUnstoppableSpellEffect	DNAM	0			Adamant 5.9.2 CHT exact phrase seed
000001A6	1814E2:Adamant.esp	MGEF	MAG_PerkDefensiveStanceEffect01Bash	FULL	0	Defensive Stance	防禦架勢	Adamant 6.0.2 custom; Skyrim 8.20 terminology
000001A7	1814E2:Adamant.esp	MGEF	MAG_PerkDefensiveStanceEffect01Bash	DNAM	0			Adamant 5.9.2 CHT exact phrase seed
000001A8	1814E3:Adamant.esp	MGEF	MAG_PerkDefensiveStanceEffect02Bash	FULL	0	Defensive Stance	防禦架勢	Adamant 6.0.2 custom; Skyrim 8.20 terminology
000001A9	1814E3:Adamant.esp	MGEF	MAG_PerkDefensiveStanceEffect02Bash	DNAM	0			Adamant 5.9.2 CHT exact phrase seed
000001AA	18B6E4:Adamant.esp	MGEF	MAG_PerkRapidManeuversEffect03	FULL	0	Rapid Maneuvers	迅捷機動	Adamant 6.0.2 custom; Skyrim 8.20 terminology
000001AB	18B6E4:Adamant.esp	MGEF	MAG_PerkRapidManeuversEffect03	DNAM	0			Adamant 5.9.2 CHT exact phrase seed
000001AC	1958E5:Adamant.esp	MGEF	MAG_PerkImpenetrableEffect01	FULL	0	Fortify Critical Resistance	強化致命一擊抗性	Adamant 6.0.2 custom; Skyrim 8.20 terminology
000001AD	1958E5:Adamant.esp	MGEF	MAG_PerkImpenetrableEffect01	DNAM	0			Adamant 5.9.2 CHT exact phrase seed
000001AE	1958E9:Adamant.esp	MGEF	MAG_PerkImpenetrableEffect02	FULL	0	Fortify Bleed Resistance	強化流血抗性	Adamant 6.0.2 custom; Skyrim 8.20 terminology
000001AF	1958E9:Adamant.esp	MGEF	MAG_PerkImpenetrableEffect02	DNAM	0			Adamant 5.9.2 CHT exact phrase seed
000001B0	1A4C2A:Adamant.esp	MGEF	MAG_PerkBrawlerEffect	FULL	0	Brawler	Brawler	Adamant 5.9.2 CHT exact FormKey seed
000001B1	1A4C2A:Adamant.esp	MGEF	MAG_PerkBrawlerEffect	DNAM	0			Adamant 5.9.2 CHT exact FormKey seed
000001B2	1A9CEC:Adamant.esp	MGEF	MAG_FakeBashDamageEffect	FULL	0	Unbreakable	牢不可破	Adamant 6.0.2 custom; Skyrim 8.20 terminology
000001B3	1A9CEC:Adamant.esp	MGEF	MAG_FakeBashDamageEffect	DNAM	0			Adamant 5.9.2 CHT exact phrase seed
000001B4	1A9CF0:Adamant.esp	MGEF	MAG_PerkUnbreakableEffect	FULL	0	Unbreakable	牢不可破	Adamant 6.0.2 custom; Skyrim 8.20 terminology
000001B5	1A9CF0:Adamant.esp	MGEF	MAG_PerkUnbreakableEffect	DNAM	0			Adamant 5.9.2 CHT exact phrase seed
000001B6	1A9CF2:Adamant.esp	MGEF	MAG_PerkUnbreakableStaggerEffect	FULL	0	Unbreakable	牢不可破	Adamant 6.0.2 custom; Skyrim 8.20 terminology
000001B7	1A9CF2:Adamant.esp	MGEF	MAG_PerkUnbreakableStaggerEffect	DNAM	0			Adamant 5.9.2 CHT exact phrase seed
000001B8	1BE0F9:Adamant.esp	MGEF	MAG_PerkWarmasterEffect	FULL	0	Warmaster	戰爭大師	Adamant 6.0.2 custom; Skyrim 8.20 terminology
000001B9	1BE0F9:Adamant.esp	MGEF	MAG_PerkWarmasterEffect	DNAM	0			Adamant 5.9.2 CHT exact phrase seed
000001BA	1BE0FC:Adamant.esp	MGEF	MAG_PerkWarmasterStaminaEffect	FULL	0	Restore Stamina	回復耐力	Adamant 5.9.2 CHT exact phrase seed
000001BB	1BE0FC:Adamant.esp	MGEF	MAG_PerkWarmasterStaminaEffect	DNAM	0	You restore <100> Stamina.	你恢復<100>耐力。	Adamant 6.0.2 custom; Skyrim 8.20 terminology
000001BC	1BE0FF:Adamant.esp	MGEF	MAG_PerkHackandSlashEffect01	FULL	0	Bleeding Damage	流血傷害	Adamant 6.0.2 custom; Skyrim 8.20 terminology
000001BD	1BE0FF:Adamant.esp	MGEF	MAG_PerkHackandSlashEffect01	DNAM	0			Adamant 5.9.2 CHT exact phrase seed
000001BE	1BE102:Adamant.esp	MGEF	MAG_PerkMaimEffect	FULL	0	Axe Tracker	斧類追蹤器	Adamant 6.0.2 custom; Skyrim 8.20 terminology
000001BF	1BE102:Adamant.esp	MGEF	MAG_PerkMaimEffect	DNAM	0			Adamant 5.9.2 CHT exact phrase seed
000001C0	1BE104:Adamant.esp	MGEF	MAG_PerkHackandSlashEffect02	FULL	0	Bleeding Damage	流血傷害	Adamant 6.0.2 custom; Skyrim 8.20 terminology
000001C1	1BE104:Adamant.esp	MGEF	MAG_PerkHackandSlashEffect02	DNAM	0			Adamant 5.9.2 CHT exact phrase seed
000001C2	1CD405:Adamant.esp	MGEF	MAG_PerkBellRingerEffectMagicka	FULL	0	Magicka Damage	法力傷害	Adamant 5.9.2 CHT exact phrase seed
000001C3	1CD405:Adamant.esp	MGEF	MAG_PerkBellRingerEffectMagicka	DNAM	0			Adamant 5.9.2 CHT exact phrase seed
000001C4	1CD407:Adamant.esp	MGEF	MAG_PerkBellRingerEffectStamina	FULL	0	Stamina Damage	耐力傷害	Adamant 5.9.2 CHT exact phrase seed
000001C5	1CD407:Adamant.esp	MGEF	MAG_PerkBellRingerEffectStamina	DNAM	0			Adamant 5.9.2 CHT exact phrase seed
000001C6	1D2510:Adamant.esp	MGEF	MAG_PerkArmorBreakerEffect01	FULL	0	Damage Armor	削弱護甲	Adamant 6.0.2 custom; Skyrim 8.20 terminology
000001C7	1D2510:Adamant.esp	MGEF	MAG_PerkArmorBreakerEffect01	DNAM	0			Adamant 5.9.2 CHT exact phrase seed
000001C8	1D2512:Adamant.esp	MGEF	MAG_PerkArmorBreakerSpellEffect01	FULL	0	Damage Armor	削弱護甲	Adamant 6.0.2 custom; Skyrim 8.20 terminology
000001C9	1D2512:Adamant.esp	MGEF	MAG_PerkArmorBreakerSpellEffect01	DNAM	0	Your Armor Rating is reduced by <mag> for <dur> seconds.	你的護具防禦力會降低<mag>，持續<dur>秒。	Adamant 6.0.2 custom; Skyrim 8.20 terminology
000001CA	1D2517:Adamant.esp	MGEF	MAG_PerkArmorBreakerSpellEffect02	FULL	0	Damage Armor	削弱護甲	Adamant 6.0.2 custom; Skyrim 8.20 terminology
000001CB	1D2517:Adamant.esp	MGEF	MAG_PerkArmorBreakerSpellEffect02	DNAM	0	Your Armor Rating is reduced by <mag> for <dur> seconds.	你的護具防禦力會降低<mag>，持續<dur>秒。	Adamant 6.0.2 custom; Skyrim 8.20 terminology
000001CC	1D2519:Adamant.esp	MGEF	MAG_PerkArmorBreakerEffect02	FULL	0	Damage Armor	削弱護甲	Adamant 6.0.2 custom; Skyrim 8.20 terminology
000001CD	1D2519:Adamant.esp	MGEF	MAG_PerkArmorBreakerEffect02	DNAM	0			Adamant 5.9.2 CHT exact phrase seed
000001CE	1E691E:Adamant.esp	MGEF	MAG_PerkRipandTearEffect01	FULL	0	Bleeding Damage	流血傷害	Adamant 6.0.2 custom; Skyrim 8.20 terminology
000001CF	1E691E:Adamant.esp	MGEF	MAG_PerkRipandTearEffect01	DNAM	0			Adamant 5.9.2 CHT exact phrase seed
000001D0	1E691F:Adamant.esp	MGEF	MAG_PerkRipandTearEffect02	FULL	0	Bleeding Damage	流血傷害	Adamant 6.0.2 custom; Skyrim 8.20 terminology
000001D1	1E691F:Adamant.esp	MGEF	MAG_PerkRipandTearEffect02	DNAM	0			Adamant 5.9.2 CHT exact phrase seed
000001D2	20F132:Adamant.esp	MGEF	MAG_PerkBerserkerSpeedEffect01	FULL	0	Fortify Attack Speed	強化攻擊速度	Adamant 6.0.2 custom; Skyrim 8.20 terminology
000001D3	20F132:Adamant.esp	MGEF	MAG_PerkBerserkerSpeedEffect01	DNAM	0	Your Attack Speed is increased by <20>% for <20> seconds.	你的攻擊速度提高 <20>%，持續 <20> 秒。	Adamant 6.0.2 custom; Skyrim 8.20 terminology
000001D4	20F134:Adamant.esp	MGEF	MAG_PerkBerserkerEffect	FULL	0	Berserker	狂戰士	Adamant 6.0.2 custom; Skyrim 8.20 terminology
000001D5	20F134:Adamant.esp	MGEF	MAG_PerkBerserkerEffect	DNAM	0			Adamant 5.9.2 CHT exact phrase seed
000001D6	20F14A:Adamant.esp	MGEF	MAG_ReanimateFFAimedDummy	FULL	0	Reanimate Perk Keyword	Reanimate Perk Keyword	Adamant 5.9.2 CHT exact FormKey seed
000001D7	20F14A:Adamant.esp	MGEF	MAG_ReanimateFFAimedDummy	DNAM	0			Adamant 5.9.2 CHT exact FormKey seed
000001D8	20F14B:Adamant.esp	MGEF	MAG_ReanimateFFTargetActorDummy	FULL	0	Reanimate Perk Keyword	Reanimate Perk Keyword	Adamant 5.9.2 CHT exact FormKey seed
000001D9	20F14B:Adamant.esp	MGEF	MAG_ReanimateFFTargetActorDummy	DNAM	0			Adamant 5.9.2 CHT exact FormKey seed
000001DA	214239:Adamant.esp	MGEF	MAG_PerkPerfectParryEffect	FULL	0	Perfect Parry	完美招架	Adamant 6.0.2 custom; Skyrim 8.20 terminology
000001DB	214239:Adamant.esp	MGEF	MAG_PerkPerfectParryEffect	DNAM	0			Adamant 5.9.2 CHT exact phrase seed
000001DC	232848:Adamant.esp	MGEF	MAG_PerkMagickaCurrentEffect01	FULL	0	Fortify Movement Speed	強化移動速度	Adamant 5.9.2 CHT exact phrase seed
000001DD	232848:Adamant.esp	MGEF	MAG_PerkMagickaCurrentEffect01	DNAM	0			Adamant 5.9.2 CHT exact phrase seed
000001DE	23284A:Adamant.esp	MGEF	MAG_PerkMagickaCurrentEffect02	FULL	0	Fortify Movement Speed	強化移動速度	Adamant 5.9.2 CHT exact phrase seed
000001DF	23284A:Adamant.esp	MGEF	MAG_PerkMagickaCurrentEffect02	DNAM	0			Adamant 5.9.2 CHT exact phrase seed
000001E0	23284C:Adamant.esp	MGEF	MAG_PerkMagickaCurrentEffect03	FULL	0	Fortify Movement Speed	強化移動速度	Adamant 5.9.2 CHT exact phrase seed
000001E1	23284C:Adamant.esp	MGEF	MAG_PerkMagickaCurrentEffect03	DNAM	0			Adamant 5.9.2 CHT exact phrase seed
000001E2	23284E:Adamant.esp	MGEF	MAG_PerkSkullSplitterMagickaEffect	FULL	0	Magicka Damage	法力傷害	Adamant 5.9.2 CHT exact phrase seed
000001E3	23284E:Adamant.esp	MGEF	MAG_PerkSkullSplitterMagickaEffect	DNAM	0			Adamant 5.9.2 CHT exact phrase seed
000001E4	23284F:Adamant.esp	MGEF	MAG_PerkSkullSplitterStaminaEffect01	FULL	0	Stamina Damage	耐力傷害	Adamant 5.9.2 CHT exact phrase seed
000001E5	23284F:Adamant.esp	MGEF	MAG_PerkSkullSplitterStaminaEffect01	DNAM	0			Adamant 5.9.2 CHT exact phrase seed
000001E6	232857:Adamant.esp	MGEF	MAG_PerkArmorCrusherEffect01	FULL	0	Damage Armor	削弱護甲	Adamant 6.0.2 custom; Skyrim 8.20 terminology
000001E7	232857:Adamant.esp	MGEF	MAG_PerkArmorCrusherEffect01	DNAM	0			Adamant 5.9.2 CHT exact phrase seed
000001E8	232859:Adamant.esp	MGEF	MAG_PerkArmorCrusherEffect02	FULL	0	Damage Armor	削弱護甲	Adamant 6.0.2 custom; Skyrim 8.20 terminology
000001E9	232859:Adamant.esp	MGEF	MAG_PerkArmorCrusherEffect02	DNAM	0			Adamant 5.9.2 CHT exact phrase seed
000001EA	23285A:Adamant.esp	MGEF	MAG_PerkArmorCrusherSpellEffect02	FULL	0	Damage Armor	削弱護甲	Adamant 6.0.2 custom; Skyrim 8.20 terminology
000001EB	23285A:Adamant.esp	MGEF	MAG_PerkArmorCrusherSpellEffect02	DNAM	0	Your Armor Rating is reduced by <mag> for <dur> seconds.	你的護具防禦力會降低<mag>，持續<dur>秒。	Adamant 6.0.2 custom; Skyrim 8.20 terminology
000001EC	23285B:Adamant.esp	MGEF	MAG_PerkArmorCrusherSpellEffect01	FULL	0	Damage Armor	削弱護甲	Adamant 6.0.2 custom; Skyrim 8.20 terminology
000001ED	23285B:Adamant.esp	MGEF	MAG_PerkArmorCrusherSpellEffect01	DNAM	0	Your Armor Rating is reduced by <mag> for <dur> seconds.	你的護具防禦力會降低<mag>，持續<dur>秒。	Adamant 6.0.2 custom; Skyrim 8.20 terminology
000001EE	237960:Adamant.esp	MGEF	MAG_PerkTranquilityCloak	FULL	0	Tranquility	寂靜法門	Adamant 5.9.2 CHT exact FormKey seed
000001EF	237960:Adamant.esp	MGEF	MAG_PerkTranquilityCloak	DNAM	0			Adamant 5.9.2 CHT exact FormKey seed
000001F0	23CA68:Adamant.esp	MGEF	MAG_PerkBerserkerSpeedEffect02	FULL	0	Fortify Attack Speed	強化攻擊速度	Adamant 6.0.2 custom; Skyrim 8.20 terminology
000001F1	23CA68:Adamant.esp	MGEF	MAG_PerkBerserkerSpeedEffect02	DNAM	0			Adamant 5.9.2 CHT exact phrase seed
000001F2	246C69:Adamant.esp	MGEF	MAG_PerkKeenEdgeEffect	FULL	0	Sword Tracker	劍類追蹤器	Adamant 6.0.2 custom; Skyrim 8.20 terminology
000001F3	246C69:Adamant.esp	MGEF	MAG_PerkKeenEdgeEffect	DNAM	0			Adamant 5.9.2 CHT exact phrase seed
000001F4	255F71:Adamant.esp	MGEF	MAG_PerkGrimFocusEffect01	FULL	0	Bleeding Damage	流血傷害	Adamant 6.0.2 custom; Skyrim 8.20 terminology
000001F5	255F71:Adamant.esp	MGEF	MAG_PerkGrimFocusEffect01	DNAM	0			Adamant 5.9.2 CHT exact phrase seed
000001F6	255F73:Adamant.esp	MGEF	MAG_PerkGrimFocusEffect02	FULL	0	Bleeding Damage	流血傷害	Adamant 6.0.2 custom; Skyrim 8.20 terminology
000001F7	255F73:Adamant.esp	MGEF	MAG_PerkGrimFocusEffect02	DNAM	0			Adamant 5.9.2 CHT exact phrase seed
000001F8	255F75:Adamant.esp	MGEF	MAG_PerkGrimFocusEffect03	FULL	0	Bleeding Damage	流血傷害	Adamant 6.0.2 custom; Skyrim 8.20 terminology
000001F9	255F75:Adamant.esp	MGEF	MAG_PerkGrimFocusEffect03	DNAM	0			Adamant 5.9.2 CHT exact phrase seed
000001FA	255F77:Adamant.esp	MGEF	MAG_PerkPinningShotEffect01	FULL	0	Reduced Movement Speed	移動速度降低	Adamant 6.0.2 custom; Skyrim 8.20 terminology
000001FB	255F77:Adamant.esp	MGEF	MAG_PerkPinningShotEffect01	DNAM	0			Adamant 5.9.2 CHT exact phrase seed
000001FC	255F7A:Adamant.esp	MGEF	MAG_PerkPinningShotEffectDummy	FULL	0	Reduced Movement Speed	移動速度降低	Adamant 6.0.2 custom; Skyrim 8.20 terminology
000001FD	255F7A:Adamant.esp	MGEF	MAG_PerkPinningShotEffectDummy	DNAM	0			Adamant 5.9.2 CHT exact phrase seed
000001FE	255F82:Adamant.esp	MGEF	MAG_PerkPinningShotEffect02	FULL	0	Reduced Movement Speed	移動速度降低	Adamant 6.0.2 custom; Skyrim 8.20 terminology
000001FF	255F82:Adamant.esp	MGEF	MAG_PerkPinningShotEffect02	DNAM	0			Adamant 5.9.2 CHT exact phrase seed
00000200	255F84:Adamant.esp	MGEF	MAG_PerkPinningShotEffect03	FULL	0	Reduced Movement Speed	移動速度降低	Adamant 6.0.2 custom; Skyrim 8.20 terminology
00000201	255F84:Adamant.esp	MGEF	MAG_PerkPinningShotEffect03	DNAM	0			Adamant 5.9.2 CHT exact phrase seed
00000202	255F85:Adamant.esp	MGEF	MAG_PerkPinningShotEffect04	FULL	0	Reduced Movement Speed	移動速度降低	Adamant 6.0.2 custom; Skyrim 8.20 terminology
00000203	255F85:Adamant.esp	MGEF	MAG_PerkPinningShotEffect04	DNAM	0			Adamant 5.9.2 CHT exact phrase seed
00000204	255F86:Adamant.esp	MGEF	MAG_PerkPinningShotEffect05	FULL	0	Reduced Movement Speed	移動速度降低	Adamant 6.0.2 custom; Skyrim 8.20 terminology
00000205	255F86:Adamant.esp	MGEF	MAG_PerkPinningShotEffect05	DNAM	0			Adamant 5.9.2 CHT exact phrase seed
00000206	260173:Adamant.esp	MGEF	MAG_PerkEnduranceEffect	FULL	0	Fortify Stamina Regeneration	強化耐力恢復	Adamant 6.0.2 custom; Skyrim 8.20 terminology
00000207	260173:Adamant.esp	MGEF	MAG_PerkEnduranceEffect	DNAM	0			Adamant 6.0.2 custom; Skyrim 8.20 terminology
00000208	26F488:Adamant.esp	MGEF	MAG_PerkDeathlyVigorHealthEffect02	FULL	0	Necrosis	壞死	Adamant 5.9.2 CHT exact phrase seed
00000209	26F488:Adamant.esp	MGEF	MAG_PerkDeathlyVigorHealthEffect02	DNAM	0			Adamant 5.9.2 CHT exact phrase seed
0000020A	274576:Adamant.esp	MGEF	MAG_PugilistFFContact	FULL	0	Pugilist	拳師	Adamant 5.9.2 CHT exact FormKey seed
0000020B	274576:Adamant.esp	MGEF	MAG_PugilistFFContact	DNAM	0			Adamant 5.9.2 CHT exact FormKey seed
0000020C	27458B:Adamant.esp	MGEF	MAG_PerkDaedricPactHealthConcActor02	FULL	0	Daedric Pact	迪德拉契約	Adamant 5.9.2 CHT exact phrase seed
0000020D	27458B:Adamant.esp	MGEF	MAG_PerkDaedricPactHealthConcActor02	DNAM	0			Adamant 5.9.2 CHT exact phrase seed
0000020E	27458C:Adamant.esp	MGEF	MAG_PerkDaedricPactMagickaConcActor02	FULL	0	Daedric Pact	迪德拉契約	Adamant 5.9.2 CHT exact phrase seed
0000020F	27458C:Adamant.esp	MGEF	MAG_PerkDaedricPactMagickaConcActor02	DNAM	0			Adamant 5.9.2 CHT exact phrase seed
00000210	27458D:Adamant.esp	MGEF	MAG_PerkDaedricPactStaminaConcActor02	FULL	0	Daedric Pact	迪德拉契約	Adamant 5.9.2 CHT exact phrase seed
00000211	27458D:Adamant.esp	MGEF	MAG_PerkDaedricPactStaminaConcActor02	DNAM	0			Adamant 5.9.2 CHT exact phrase seed
00000212	27968F:Adamant.esp	MGEF	MAG_PerkNecrosisEffect	FULL	0	Necrosis	壞死	Adamant 5.9.2 CHT exact phrase seed
00000213	27968F:Adamant.esp	MGEF	MAG_PerkNecrosisEffect	DNAM	0			Adamant 5.9.2 CHT exact phrase seed
00000214	28899B:Adamant.esp	MGEF	MAG_MassReanimationDummyEffect	FULL	0	Mass Reanimation	群體復生	Adamant 6.0.2 custom; Skyrim 8.20 terminology
00000215	28899B:Adamant.esp	MGEF	MAG_MassReanimationDummyEffect	DNAM	0			Adamant 5.9.2 CHT exact phrase seed
00000216	297CA2:Adamant.esp	MGEF	MAG_SpellSpeedControllerEffect	FULL	0	Spell Speed Controller	施法速度控制器	Adamant 6.0.2 custom; Skyrim 8.20 terminology
00000217	297CA2:Adamant.esp	MGEF	MAG_SpellSpeedControllerEffect	DNAM	0			Adamant 5.9.2 CHT exact phrase seed
00000218	2CA6AA:Adamant.esp	MGEF	MAG_PerkPreciseCutsEffect01	FULL	0	Critical Damage	致命一擊傷害	Adamant 6.0.2 custom; Skyrim 8.20 terminology
00000219	2CA6AA:Adamant.esp	MGEF	MAG_PerkPreciseCutsEffect01	DNAM	0			Adamant 5.9.2 CHT exact phrase seed
0000021A	2CA6AF:Adamant.esp	MGEF	MAG_PerkPreciseCutsEffect02	FULL	0	Critical Damage	致命一擊傷害	Adamant 6.0.2 custom; Skyrim 8.20 terminology
0000021B	2CA6AF:Adamant.esp	MGEF	MAG_PerkPreciseCutsEffect02	DNAM	0			Adamant 5.9.2 CHT exact phrase seed
0000021C	2CA6B2:Adamant.esp	MGEF	MAG_PerkPreciseCutsEffect03	FULL	0	Critical Damage	致命一擊傷害	Adamant 6.0.2 custom; Skyrim 8.20 terminology
0000021D	2CA6B2:Adamant.esp	MGEF	MAG_PerkPreciseCutsEffect03	DNAM	0			Adamant 5.9.2 CHT exact phrase seed
0000021E	2D99B4:Adamant.esp	MGEF	MAG_PerkDeepCutsEffect01	FULL	0	Critical Damage	致命一擊傷害	Adamant 6.0.2 custom; Skyrim 8.20 terminology
0000021F	2D99B4:Adamant.esp	MGEF	MAG_PerkDeepCutsEffect01	DNAM	0			Adamant 5.9.2 CHT exact phrase seed
00000220	2D99B5:Adamant.esp	MGEF	MAG_PerkDeepCutsEffect02	FULL	0	Critical Damage	致命一擊傷害	Adamant 6.0.2 custom; Skyrim 8.20 terminology
00000221	2D99B5:Adamant.esp	MGEF	MAG_PerkDeepCutsEffect02	DNAM	0			Adamant 5.9.2 CHT exact phrase seed
00000222	2D99B6:Adamant.esp	MGEF	MAG_PerkDeepCutsEffect03	FULL	0	Critical Damage	致命一擊傷害	Adamant 6.0.2 custom; Skyrim 8.20 terminology
00000223	2D99B6:Adamant.esp	MGEF	MAG_PerkDeepCutsEffect03	DNAM	0			Adamant 5.9.2 CHT exact phrase seed
00000224	2E3BB9:Adamant.esp	MGEF	MAG_PerkFellStrokeEffect	FULL	0	Sword Tracker	劍類追蹤器	Adamant 6.0.2 custom; Skyrim 8.20 terminology
00000225	2E3BB9:Adamant.esp	MGEF	MAG_PerkFellStrokeEffect	DNAM	0			Adamant 5.9.2 CHT exact phrase seed
00000226	2F2EC0:Adamant.esp	MGEF	MAG_PerkEagleEyeEffect01	FULL	0	Critical Damage	致命一擊傷害	Adamant 6.0.2 custom; Skyrim 8.20 terminology
00000227	2F2EC0:Adamant.esp	MGEF	MAG_PerkEagleEyeEffect01	DNAM	0			Adamant 5.9.2 CHT exact phrase seed
00000228	2F2EC1:Adamant.esp	MGEF	MAG_PerkEagleEyeEffect02	FULL	0	Critical Damage	致命一擊傷害	Adamant 6.0.2 custom; Skyrim 8.20 terminology
00000229	2F2EC1:Adamant.esp	MGEF	MAG_PerkEagleEyeEffect02	DNAM	0			Adamant 5.9.2 CHT exact phrase seed
0000022A	2F2EC2:Adamant.esp	MGEF	MAG_PerkEagleEyeEffect03	FULL	0	Critical Damage	致命一擊傷害	Adamant 6.0.2 custom; Skyrim 8.20 terminology
0000022B	2F2EC2:Adamant.esp	MGEF	MAG_PerkEagleEyeEffect03	DNAM	0			Adamant 5.9.2 CHT exact phrase seed
0000022C	3072BD:Adamant.esp	MGEF	MAG_CriticalChargeControllerEffect	FULL	0	Critical Charge Controller	Critical Charge Controller	Adamant 5.9.2 CHT exact FormKey seed
0000022D	3072BD:Adamant.esp	MGEF	MAG_CriticalChargeControllerEffect	DNAM	0			Adamant 5.9.2 CHT exact FormKey seed
0000022E	3072BF:Adamant.esp	MGEF	MAG_CriticalRushControllerEffect	FULL	0	Critical Rush Controller	Critical Rush Controller	Adamant 5.9.2 CHT exact FormKey seed
0000022F	3072BF:Adamant.esp	MGEF	MAG_CriticalRushControllerEffect	DNAM	0			Adamant 5.9.2 CHT exact FormKey seed
00000230	3072C0:Adamant.esp	MGEF	MAG_QuickRollControllerEffect	FULL	0	Quick Roll Controller	Quick Roll Controller	Adamant 5.9.2 CHT exact FormKey seed
00000231	3072C0:Adamant.esp	MGEF	MAG_QuickRollControllerEffect	DNAM	0			Adamant 5.9.2 CHT exact FormKey seed
00000232	31B6CC:Adamant.esp	MGEF	MAG_PerkBellRingerStuntSpellEffect01	FULL	0	Stunted Stamina	耐力受阻	Adamant 6.0.2 custom; Skyrim 8.20 terminology
00000233	31B6CC:Adamant.esp	MGEF	MAG_PerkBellRingerStuntSpellEffect01	DNAM	0			Adamant 5.9.2 CHT exact phrase seed
00000234	3258D3:Adamant.esp	MGEF	MAG_PerkBellRingerStuntSpellEffect02	FULL	0	Stunted Magicka	法力受阻	Adamant 6.0.2 custom; Skyrim 8.20 terminology
00000235	3258D3:Adamant.esp	MGEF	MAG_PerkBellRingerStuntSpellEffect02	DNAM	0			Adamant 5.9.2 CHT exact phrase seed
00000236	32A9D9:Adamant.esp	MGEF	MAG_PerkWreckingBlowEffect	FULL	0	Magicka Damage	法力傷害	Adamant 5.9.2 CHT exact phrase seed
00000237	32A9D9:Adamant.esp	MGEF	MAG_PerkWreckingBlowEffect	DNAM	0			Adamant 5.9.2 CHT exact phrase seed
00000238	32A9DA:Adamant.esp	MGEF	MAG_WeaponEffectsControllerEffect	FULL	0	Secondary Effects Controller	次要效果控制器	Adamant 6.0.2 custom; Skyrim 8.20 terminology
00000239	32A9DA:Adamant.esp	MGEF	MAG_WeaponEffectsControllerEffect	DNAM	0			Adamant 5.9.2 CHT exact phrase seed
0000023A	32A9DB:Adamant.esp	MGEF	MAG_OneHandedScalingControllerEffect	FULL	0	One-handed Scaling Controller	單手武器成長控制器	Adamant 6.0.2 custom; Skyrim 8.20 terminology
0000023B	32A9DB:Adamant.esp	MGEF	MAG_OneHandedScalingControllerEffect	DNAM	0			Adamant 5.9.2 CHT exact phrase seed
0000023C	32FACA:Adamant.esp	MGEF	MAG_SpellRangeControllerEffect	FULL	0	Spell Range Controller	Spell Range Controller	Adamant 5.9.2 CHT exact FormKey seed
0000023D	32FACA:Adamant.esp	MGEF	MAG_SpellRangeControllerEffect	DNAM	0			Adamant 5.9.2 CHT exact FormKey seed
0000023E	334BE5:Adamant.esp	MGEF	MAG_TwoHandedScalingControllerEffect	FULL	0	Two-handed Scaling Controller	雙手武器成長控制器	Adamant 6.0.2 custom; Skyrim 8.20 terminology
0000023F	334BE5:Adamant.esp	MGEF	MAG_TwoHandedScalingControllerEffect	DNAM	0			Adamant 5.9.2 CHT exact phrase seed
00000240	334BE6:Adamant.esp	MGEF	MAG_ArcheryScalingControllerEffect	FULL	0	Archery Scaling Controller	弓術成長控制器	Adamant 6.0.2 custom; Skyrim 8.20 terminology
00000241	334BE6:Adamant.esp	MGEF	MAG_ArcheryScalingControllerEffect	DNAM	0			Adamant 5.9.2 CHT exact phrase seed
00000242	334BE8:Adamant.esp	MGEF	MAG_ScalingControllerEffect	FULL	0	Scaling Controller	Scaling Controller	Adamant 5.9.2 CHT exact phrase seed
00000243	334BE8:Adamant.esp	MGEF	MAG_ScalingControllerEffect	DNAM	0			Adamant 5.9.2 CHT exact phrase seed
00000244	34E0D6:Adamant.esp	MGEF	MAG_ArcaneBlacksmithControllerEffect	FULL	0	Arcane Blacksmith Controller	Arcane Blacksmith Controller	Adamant 5.9.2 CHT exact FormKey seed
00000245	34E0D6:Adamant.esp	MGEF	MAG_ArcaneBlacksmithControllerEffect	DNAM	0			Adamant 5.9.2 CHT exact FormKey seed
00000246	3582F1:Adamant.esp	MGEF	MAG_TwoHandedSpeedEffect	FULL	0	Attack Speed Controller	Attack Speed Controller	Adamant 5.9.2 CHT exact phrase seed
00000247	3582F1:Adamant.esp	MGEF	MAG_TwoHandedSpeedEffect	DNAM	0			Adamant 5.9.2 CHT exact phrase seed
00000248	3582F3:Adamant.esp	MGEF	MAG_OneHandedSpeedEffect	FULL	0	Attack Speed Controller	Attack Speed Controller	Adamant 5.9.2 CHT exact phrase seed
00000249	3582F3:Adamant.esp	MGEF	MAG_OneHandedSpeedEffect	DNAM	0			Adamant 5.9.2 CHT exact phrase seed
0000024A	35D3F9:Adamant.esp	MGEF	MAG_UnarmedSpeedEffect	FULL	0	Attack Speed Controller	Attack Speed Controller	Adamant 5.9.2 CHT exact phrase seed
0000024B	35D3F9:Adamant.esp	MGEF	MAG_UnarmedSpeedEffect	DNAM	0			Adamant 5.9.2 CHT exact phrase seed
0000024C	3671BF:Adamant.esp	MGEF	MAG_PerkSpellShieldEffect	FULL	0	Spell Shield	法術護盾	Adamant 5.9.2 CHT exact FormKey seed
0000024D	3671BF:Adamant.esp	MGEF	MAG_PerkSpellShieldEffect	DNAM	0			Adamant 5.9.2 CHT exact FormKey seed
0000024E	3717EC:Adamant.esp	MGEF	MAG_CriticalDamageControllerEffect	FULL	0	Critical Damage Controller	Critical Damage Controller	Adamant 5.9.2 CHT exact FormKey seed
0000024F	3717EC:Adamant.esp	MGEF	MAG_CriticalDamageControllerEffect	DNAM	0			Adamant 5.9.2 CHT exact FormKey seed
00000250	38AD09:Adamant.esp	MGEF	MAG_PerkBitingJabsEffect01	FULL	0	Irresistible Damage	無視抗性傷害	Adamant 6.0.2 custom; Skyrim 8.20 terminology
00000251	38AD09:Adamant.esp	MGEF	MAG_PerkBitingJabsEffect01	DNAM	0			Adamant 5.9.2 CHT exact phrase seed
00000252	38FE0B:Adamant.esp	MGEF	MAG_PerkBitingJabsEffect02	FULL	0	Irresistible Damage	無視抗性傷害	Adamant 6.0.2 custom; Skyrim 8.20 terminology
00000253	38FE0B:Adamant.esp	MGEF	MAG_PerkBitingJabsEffect02	DNAM	0			Adamant 5.9.2 CHT exact phrase seed
00000254	38FE0C:Adamant.esp	MGEF	MAG_PerkBitingJabsEffect03	FULL	0	Irresistible Damage	無視抗性傷害	Adamant 6.0.2 custom; Skyrim 8.20 terminology
00000255	38FE0C:Adamant.esp	MGEF	MAG_PerkBitingJabsEffect03	DNAM	0			Adamant 5.9.2 CHT exact phrase seed
00000256	38FE0D:Adamant.esp	MGEF	MAG_PerkBitingJabsEffectAoE	FULL	0	Irresistible Damage	無視抗性傷害	Adamant 6.0.2 custom; Skyrim 8.20 terminology
00000257	38FE0D:Adamant.esp	MGEF	MAG_PerkBitingJabsEffectAoE	DNAM	0			Adamant 5.9.2 CHT exact phrase seed
00000258	394F0F:Adamant.esp	MGEF	MAG_PerkPiercingStrikesEffect01	FULL	0	Irresistible Damage	無視抗性傷害	Adamant 6.0.2 custom; Skyrim 8.20 terminology
00000259	394F0F:Adamant.esp	MGEF	MAG_PerkPiercingStrikesEffect01	DNAM	0			Adamant 5.9.2 CHT exact phrase seed
0000025A	394F10:Adamant.esp	MGEF	MAG_PerkPiercingStrikesEffect02	FULL	0	Irresistible Damage	無視抗性傷害	Adamant 6.0.2 custom; Skyrim 8.20 terminology
0000025B	394F10:Adamant.esp	MGEF	MAG_PerkPiercingStrikesEffect02	DNAM	0			Adamant 5.9.2 CHT exact phrase seed
0000025C	394F11:Adamant.esp	MGEF	MAG_PerkPiercingStrikesEffect03	FULL	0	Irresistible Damage	無視抗性傷害	Adamant 6.0.2 custom; Skyrim 8.20 terminology
0000025D	394F11:Adamant.esp	MGEF	MAG_PerkPiercingStrikesEffect03	DNAM	0			Adamant 5.9.2 CHT exact phrase seed
0000025E	394F13:Adamant.esp	MGEF	MAG_PerkPiercingStrikesEffectAoE	FULL	0	Irresistible Damage	無視抗性傷害	Adamant 6.0.2 custom; Skyrim 8.20 terminology
0000025F	394F13:Adamant.esp	MGEF	MAG_PerkPiercingStrikesEffectAoE	DNAM	0			Adamant 5.9.2 CHT exact phrase seed
00000260	399FF4:Adamant.esp	MGEF	MAG_AlchemyControllerEffect	FULL	0	Alchemy Controller	Alchemy Controller	Adamant 5.9.2 CHT exact FormKey seed
00000261	399FF4:Adamant.esp	MGEF	MAG_AlchemyControllerEffect	DNAM	0			Adamant 5.9.2 CHT exact FormKey seed
00000262	39F0F5:Adamant.esp	MGEF	MAG_PerkLightFootEffectWeight	FULL	0	Fortify Movement Speed	強化移動速度	Adamant 5.9.2 CHT exact FormKey seed
00000263	39F0F5:Adamant.esp	MGEF	MAG_PerkLightFootEffectWeight	DNAM	0			Adamant 5.9.2 CHT exact FormKey seed
00000264	39F0F6:Adamant.esp	MGEF	MAG_PerkLightFootEffectWeight2	FULL	0	Fortify Movement Speed	強化移動速度	Adamant 5.9.2 CHT exact FormKey seed
00000265	39F0F6:Adamant.esp	MGEF	MAG_PerkLightFootEffectWeight2	DNAM	0			Adamant 5.9.2 CHT exact FormKey seed
00000266	3A4223:Adamant.esp	MGEF	MAG_PerkBastionEffect01	FULL	0	Resist Magicka Damage	法力傷害抗性	Adamant 6.0.2 custom; Skyrim 8.20 terminology
00000267	3A4223:Adamant.esp	MGEF	MAG_PerkBastionEffect01	DNAM	0			Adamant 5.9.2 CHT exact phrase seed
00000268	3A4225:Adamant.esp	MGEF	MAG_PerkBastionEffect02	FULL	0	Resist Stamina Damage	耐力傷害抗性	Adamant 6.0.2 custom; Skyrim 8.20 terminology
00000269	3A4225:Adamant.esp	MGEF	MAG_PerkBastionEffect02	DNAM	0			Adamant 5.9.2 CHT exact phrase seed
0000026A	3A9328:Adamant.esp	MGEF	MAG_DestructionTestEffect01	FULL	0	Destruction Test	毀滅系測試	Adamant 6.0.2 custom; Skyrim 8.20 terminology
0000026B	3A9328:Adamant.esp	MGEF	MAG_DestructionTestEffect01	DNAM	0			Adamant 5.9.2 CHT exact phrase seed
0000026C	3A932A:Adamant.esp	MGEF	MAG_AlterationTestEffect01	FULL	0	Alteration Test	變化系測試	Adamant 6.0.2 custom; Skyrim 8.20 terminology
0000026D	3A932A:Adamant.esp	MGEF	MAG_AlterationTestEffect01	DNAM	0			Adamant 5.9.2 CHT exact phrase seed
0000026E	3A932B:Adamant.esp	MGEF	MAG_ConjurationTestEffect01	FULL	0	Conjuration Test	召喚系測試	Adamant 6.0.2 custom; Skyrim 8.20 terminology
0000026F	3A932B:Adamant.esp	MGEF	MAG_ConjurationTestEffect01	DNAM	0			Adamant 5.9.2 CHT exact phrase seed
00000270	3A932C:Adamant.esp	MGEF	MAG_EnchantingTestEffect01	FULL	0	Enchanting Test	附魔測試	Adamant 6.0.2 custom; Skyrim 8.20 terminology
00000271	3A932C:Adamant.esp	MGEF	MAG_EnchantingTestEffect01	DNAM	0			Adamant 5.9.2 CHT exact phrase seed
00000272	3A932D:Adamant.esp	MGEF	MAG_IllusionTestEffect01	FULL	0	Illusion Test	幻術系測試	Adamant 6.0.2 custom; Skyrim 8.20 terminology
00000273	3A932D:Adamant.esp	MGEF	MAG_IllusionTestEffect01	DNAM	0			Adamant 5.9.2 CHT exact phrase seed
00000274	3A932E:Adamant.esp	MGEF	MAG_RestorationTestEffect01	FULL	0	Restoration Test	恢復系測試	Adamant 6.0.2 custom; Skyrim 8.20 terminology
00000275	3A932E:Adamant.esp	MGEF	MAG_RestorationTestEffect01	DNAM	0			Adamant 5.9.2 CHT exact phrase seed
00000276	3B34FF:Adamant.esp	MGEF	MAG_PerkUnstableCurrentConcAimed	FULL	0	Unstable Current	不穩定電流	Adamant 5.9.2 CHT exact FormKey seed
00000277	3B34FF:Adamant.esp	MGEF	MAG_PerkUnstableCurrentConcAimed	DNAM	0			Adamant 5.9.2 CHT exact FormKey seed
00000278	3B8600:Adamant.esp	MGEF	MAG_PerkRenewalFFSelf	FULL	0	Restore Health	回復生命	Adamant 5.9.2 CHT exact FormKey seed
00000279	3B8600:Adamant.esp	MGEF	MAG_PerkRenewalFFSelf	DNAM	0			Adamant 5.9.2 CHT exact FormKey seed
0000027A	3B8634:Adamant.esp	MGEF	MAG_PerkPowerSurgeMagickaEffect	FULL	0	Power Surge	能量湧動	Adamant 5.9.2 CHT exact phrase seed
0000027B	3B8634:Adamant.esp	MGEF	MAG_PerkPowerSurgeMagickaEffect	DNAM	0			Adamant 5.9.2 CHT exact phrase seed
0000027C	3C7905:Adamant.esp	MGEF	MAG_PerkDivineGloryConcAimedCloak60	FULL	0	Stendarr's Aura	斯丹達爾聖域術	Adamant 5.9.2 CHT exact FormKey seed
0000027D	3C7905:Adamant.esp	MGEF	MAG_PerkDivineGloryConcAimedCloak60	DNAM	0			Adamant 5.9.2 CHT exact FormKey seed
0000027E	3C7906:Adamant.esp	MGEF	MAG_PerkDivineGloryFFTouch60	FULL	0	Sunlight Touch	日光之觸	Adamant 5.9.2 CHT exact FormKey seed
0000027F	3C7906:Adamant.esp	MGEF	MAG_PerkDivineGloryFFTouch60	DNAM	0			Adamant 5.9.2 CHT exact FormKey seed
00000280	3C7909:Adamant.esp	MGEF	MAG_PerkPowerLightFFAimed60	FULL	0	Power of the Light	聖光之力	Adamant 5.9.2 CHT exact FormKey seed
00000281	3C7909:Adamant.esp	MGEF	MAG_PerkPowerLightFFAimed60	DNAM	0			Adamant 5.9.2 CHT exact FormKey seed
00000282	3C790C:Adamant.esp	MGEF	MAG_PerkDivineGloryFFAimedArea60	FULL	0	Vampire's Bane	淨邪術	Adamant 5.9.2 CHT exact FormKey seed
00000283	3C790C:Adamant.esp	MGEF	MAG_PerkDivineGloryFFAimedArea60	DNAM	0			Adamant 5.9.2 CHT exact FormKey seed
00000284	3C790E:Adamant.esp	MGEF	MAG_PerkPowerLightFFSelfArea60	FULL	0	Power of the Light	聖光之力	Adamant 5.9.2 CHT exact FormKey seed
00000285	3C790E:Adamant.esp	MGEF	MAG_PerkPowerLightFFSelfArea60	DNAM	0			Adamant 5.9.2 CHT exact FormKey seed
00000286	3E0E3E:Adamant.esp	MGEF	MAG_ResistanceTrackerSpellEffect	FULL	0	Resistance Tracker	抗性追蹤器	Adamant 6.0.2 custom; Skyrim 8.20 terminology
00000287	3E0E3E:Adamant.esp	MGEF	MAG_ResistanceTrackerSpellEffect	DNAM	0			Adamant 5.9.2 CHT exact phrase seed
00000288	3E0E44:Adamant.esp	MGEF	MAG_PerkNorthWindSpellEffect	FULL	0	Weakness to Frost	寒霜易傷	Adamant 5.9.2 CHT exact phrase seed
00000289	3E0E44:Adamant.esp	MGEF	MAG_PerkNorthWindSpellEffect	DNAM	0	Your Frost Resistance is reduced by <mag>% for <dur> seconds.	你的冰霜抗性降低 <mag>%，持續 <dur> 秒。	Adamant 6.0.2 custom; Skyrim 8.20 terminology
0000028A	3E0E47:Adamant.esp	MGEF	MAG_PerkPermaFrostEffect01	FULL	0	Reduce Sped	降低速度	Adamant 6.0.2 custom; Skyrim 8.20 terminology
0000028B	3E0E47:Adamant.esp	MGEF	MAG_PerkPermaFrostEffect01	DNAM	0	Your Movement and Attack Speed are reduced by <25%> for <10> seconds.	你的移動和攻擊速度降低<25%>，持續<10>秒。	Adamant 6.0.2 custom; Skyrim 8.20 terminology
0000028C	3E0E49:Adamant.esp	MGEF	MAG_PerkPermaFrostEffect02	FULL	0	Reduce Sped	降低速度	Adamant 6.0.2 custom; Skyrim 8.20 terminology
0000028D	3E0E49:Adamant.esp	MGEF	MAG_PerkPermaFrostEffect02	DNAM	0			Adamant 5.9.2 CHT exact phrase seed
0000028E	3E0E4B:Adamant.esp	MGEF	MAG_PerkPermaFrostEffect03	FULL	0	Reduce Sped	降低速度	Adamant 6.0.2 custom; Skyrim 8.20 terminology
0000028F	3E0E4B:Adamant.esp	MGEF	MAG_PerkPermaFrostEffect03	DNAM	0			Adamant 5.9.2 CHT exact phrase seed
00000290	3E0E4D:Adamant.esp	MGEF	MAG_PerkPermaFrostEffect04	FULL	0	Reduce Sped	降低速度	Adamant 6.0.2 custom; Skyrim 8.20 terminology
00000291	3E0E4D:Adamant.esp	MGEF	MAG_PerkPermaFrostEffect04	DNAM	0			Adamant 5.9.2 CHT exact phrase seed
00000292	3E0E4E:Adamant.esp	MGEF	MAG_PerkPermaFrostEffect05	FULL	0	Reduce Sped	降低速度	Adamant 6.0.2 custom; Skyrim 8.20 terminology
00000293	3E0E4E:Adamant.esp	MGEF	MAG_PerkPermaFrostEffect05	DNAM	0			Adamant 5.9.2 CHT exact phrase seed
00000294	3EB04F:Adamant.esp	MGEF	MAG_PerkPlagueConcAimed	FULL	0	Plague	疫病	Adamant 5.9.2 CHT exact phrase seed
00000295	3EB04F:Adamant.esp	MGEF	MAG_PerkPlagueConcAimed	DNAM	0			Adamant 5.9.2 CHT exact phrase seed
00000296	3F0150:Adamant.esp	MGEF	MAG_PerkPlagueFFAimed	FULL	0	Plague	疫病	Adamant 5.9.2 CHT exact phrase seed
00000297	3F0150:Adamant.esp	MGEF	MAG_PerkPlagueFFAimed	DNAM	0			Adamant 5.9.2 CHT exact phrase seed
00000298	3F0151:Adamant.esp	MGEF	MAG_PerkPlagueFFContact	FULL	0	Poison Damage	毒素傷害	Adamant 5.9.2 CHT exact phrase seed
00000299	3F0151:Adamant.esp	MGEF	MAG_PerkPlagueFFContact	DNAM	0			Adamant 5.9.2 CHT exact phrase seed
0000029A	3F0152:Adamant.esp	MGEF	MAG_PerkPlagueSpellEffect	FULL	0	Weakness to Poison	毒抗弱化術	Adamant 5.9.2 CHT exact phrase seed
0000029B	3F0152:Adamant.esp	MGEF	MAG_PerkPlagueSpellEffect	DNAM	0	Your Poison Resistance is reduced by <mag>% for <10> seconds.	你的毒抗性降低<mag>%，持續<10>秒。	Adamant 6.0.2 custom; Skyrim 8.20 terminology
0000029C	3F0154:Adamant.esp	MGEF	MAG_PerkPlagueFFSelf	FULL	0	Plague	疫病	Adamant 5.9.2 CHT exact phrase seed
0000029D	3F0154:Adamant.esp	MGEF	MAG_PerkPlagueFFSelf	DNAM	0			Adamant 5.9.2 CHT exact phrase seed
0000029E	404522:Adamant.esp	MGEF	MAG_LightArmorStaminaFFContact	FULL	0	Restore Stamina	回復耐力	Adamant 5.9.2 CHT exact FormKey seed
0000029F	404522:Adamant.esp	MGEF	MAG_LightArmorStaminaFFContact	DNAM	0			Adamant 5.9.2 CHT exact FormKey seed
000002A0	40965C:Adamant.esp	MGEF	MAG_MassReanimationEffect01	FULL	0	Mass Reanimation	群體復生	Adamant 6.0.2 custom; Skyrim 8.20 terminology
000002A1	40965C:Adamant.esp	MGEF	MAG_MassReanimationEffect01	DNAM	0	Reanimates all nearby corpses for <120> seconds. Corpses raised with Mass Reanimation will disintegrate upon death.	使附近所有屍體復生 <120> 秒。由群體復生活化的屍體會在死亡時化為灰燼。	Adamant 6.0.2 custom; Skyrim 8.20 terminology
000002A2	40965D:Adamant.esp	MGEF	MAG_MassReanimationEffect02	FULL	0	Mass Reanimation	群體復生	Adamant 6.0.2 custom; Skyrim 8.20 terminology
000002A3	40965D:Adamant.esp	MGEF	MAG_MassReanimationEffect02	DNAM	0			Adamant 5.9.2 CHT exact phrase seed
000002A4	40965E:Adamant.esp	MGEF	MAG_MassReanimationEffect03	FULL	0	Mass Reanimation	群體復生	Adamant 6.0.2 custom; Skyrim 8.20 terminology
000002A5	40965E:Adamant.esp	MGEF	MAG_MassReanimationEffect03	DNAM	0			Adamant 5.9.2 CHT exact phrase seed
000002A6	40E761:Adamant.esp	MGEF	MAG_MassReanimationCooldownEffect01	FULL	0	Mass Reanimation	群體復生	Adamant 6.0.2 custom; Skyrim 8.20 terminology
000002A7	40E761:Adamant.esp	MGEF	MAG_MassReanimationCooldownEffect01	DNAM	0	Your Mass Reanimate power is on cooldown.	群體復生能力仍在冷卻中。	Adamant 6.0.2 custom; Skyrim 8.20 terminology
000002A8	427C65:Adamant.esp	MGEF	MAG_NecromancySpellEffectNoAsh	FULL	0	Necromancy Spell Effect	死靈法術效果	Adamant 6.0.2 custom; Skyrim 8.20 terminology
000002A9	427C65:Adamant.esp	MGEF	MAG_NecromancySpellEffectNoAsh	DNAM	0			Adamant 5.9.2 CHT exact phrase seed
000002AA	427C6A:Adamant.esp	MGEF	MAG_NecromancySpellEffectResist	FULL	0	Necromancy Spell Effect	死靈法術效果	Adamant 6.0.2 custom; Skyrim 8.20 terminology
000002AB	427C6A:Adamant.esp	MGEF	MAG_NecromancySpellEffectResist	DNAM	0			Adamant 5.9.2 CHT exact phrase seed
000002AC	427C6C:Adamant.esp	MGEF	MAG_NecromancySpellEffect	FULL	0	Necromancy Spell Effect	死靈法術效果	Adamant 6.0.2 custom; Skyrim 8.20 terminology
000002AD	427C6C:Adamant.esp	MGEF	MAG_NecromancySpellEffect	DNAM	0			Adamant 5.9.2 CHT exact phrase seed
000002AE	43C06E:Adamant.esp	MGEF	MAG_PerkInvestorAlchFortifyHealth	FULL	0	Fortify Health	強化生命	Adamant 5.9.2 CHT exact phrase seed
000002AF	43C06E:Adamant.esp	MGEF	MAG_PerkInvestorAlchFortifyHealth	DNAM	0	Your Health is increased by <mag> and your Health Regeneration is increased by <mag>% for <dur> seconds.	生命提高 <mag> 點，生命恢復速度提高 <mag>%，持續 <dur> 秒。	Adamant 6.0.2 custom; Skyrim 8.20 terminology
000002B0	43C06F:Adamant.esp	MGEF	MAG_PerkInvestorAlchFortifyHealRate	FULL	0	Fortify Health Regeneration	強化生命恢復	Adamant 6.0.2 custom; Skyrim 8.20 terminology
000002B1	43C06F:Adamant.esp	MGEF	MAG_PerkInvestorAlchFortifyHealRate	DNAM	0			Adamant 5.9.2 CHT exact phrase seed
000002B2	43C070:Adamant.esp	MGEF	MAG_PerkInvestorAlchFortifyMagicka	FULL	0	Fortify Magicka	強化法力	Adamant 5.9.2 CHT exact phrase seed
000002B3	43C070:Adamant.esp	MGEF	MAG_PerkInvestorAlchFortifyMagicka	DNAM	0	Your Magicka is increased by <mag> and your Magicka Regeneration is increased by <mag>% for <dur> seconds.	法力提高 <mag> 點，法力恢復速度提高 <mag>%，持續 <dur> 秒。	Adamant 6.0.2 custom; Skyrim 8.20 terminology
000002B4	43C071:Adamant.esp	MGEF	MAG_PerkInvestorAlchFortifyMagickaRate	FULL	0	Fortify Magicka Regeneration	強化法力恢復	Adamant 5.9.2 CHT exact phrase seed
000002B5	43C071:Adamant.esp	MGEF	MAG_PerkInvestorAlchFortifyMagickaRate	DNAM	0			Adamant 5.9.2 CHT exact phrase seed
000002B6	43C072:Adamant.esp	MGEF	MAG_PerkInvestorAlchFortifyStamina	FULL	0	Fortify Stamina	強化耐力	Adamant 5.9.2 CHT exact phrase seed
000002B7	43C072:Adamant.esp	MGEF	MAG_PerkInvestorAlchFortifyStamina	DNAM	0	Your Stamina is increased by <mag> and your Stamina Regeneration is increased by <mag>% for <dur> seconds.	耐力提高 <mag> 點，耐力恢復速度提高 <mag>%，持續 <dur> 秒。	Adamant 6.0.2 custom; Skyrim 8.20 terminology
000002B8	43C073:Adamant.esp	MGEF	MAG_PerkInvestorAlchFortifyStaminaRate	FULL	0	Fortify Stamina Regeneration	強化耐力恢復	Adamant 5.9.2 CHT exact phrase seed
000002B9	43C073:Adamant.esp	MGEF	MAG_PerkInvestorAlchFortifyStaminaRate	DNAM	0			Adamant 5.9.2 CHT exact phrase seed
000002BA	43C074:Adamant.esp	MGEF	MAG_PerkInvestorAlchFortifyArmorRating	FULL	0	Fortify Armor Rating	強化護具防禦力	Adamant 6.0.2 custom; Skyrim 8.20 terminology
000002BB	43C074:Adamant.esp	MGEF	MAG_PerkInvestorAlchFortifyArmorRating	DNAM	0	Your Armor Rating is increased by <mag>	護具防禦力提高 <mag> 點	Adamant 6.0.2 custom; Skyrim 8.20 terminology
000002BC	43C075:Adamant.esp	MGEF	MAG_PerkInvestorAlchResistMagic	FULL	0	Resist Magic	魔法抗性	Adamant 5.9.2 CHT exact phrase seed
000002BD	43C075:Adamant.esp	MGEF	MAG_PerkInvestorAlchResistMagic	DNAM	0	and your Magic Resistance is increased by <mag>% for <dur> seconds.	，魔法抗性提高 <mag>%，持續 <dur> 秒。	Adamant 6.0.2 custom; Skyrim 8.20 terminology
000002BE	43C076:Adamant.esp	MGEF	MAG_PerkInvestorAlchFortifyCarryWeight	FULL	0	Fortify Carry Weight	強化負重	Adamant 6.0.2 custom; Skyrim 8.20 terminology
000002BF	43C076:Adamant.esp	MGEF	MAG_PerkInvestorAlchFortifyCarryWeight	DNAM	0	Your Carry Weight is increased by <mag>	負重提高 <mag> 點	Adamant 6.0.2 custom; Skyrim 8.20 terminology
000002C0	43C077:Adamant.esp	MGEF	MAG_PerkInvestorAlchFortifyBarter	FULL	0	Fortify Barter	強化交易	Adamant 6.0.2 custom; Skyrim 8.20 terminology
000002C1	43C077:Adamant.esp	MGEF	MAG_PerkInvestorAlchFortifyBarter	DNAM	0	and you receive <mag>% better prices for <dur> seconds.	，交易價格改善 <mag>%，持續 <dur> 秒。	Adamant 6.0.2 custom; Skyrim 8.20 terminology
000002C2	43C078:Adamant.esp	MGEF	MAG_PerkInvestorAlchRestoreHealth	FULL	0	Restore Health, Magicka and Stamina	恢復生命、法力與耐力	Adamant 6.0.2 custom; Skyrim 8.20 terminology
000002C3	43C078:Adamant.esp	MGEF	MAG_PerkInvestorAlchRestoreHealth	DNAM	0	Restores <mag> points of Health, Magicka, and Stamina per second for <dur> seconds.	每秒恢復 <mag> 點生命、法力和耐力，持續 <dur> 秒。	Adamant 6.0.2 custom; Skyrim 8.20 terminology
000002C4	43C079:Adamant.esp	MGEF	MAG_PerkInvestorAlchRestoreMagicka	FULL	0	Restore Magicka	恢復法力	Adamant 6.0.2 custom; Skyrim 8.20 terminology
000002C5	43C079:Adamant.esp	MGEF	MAG_PerkInvestorAlchRestoreMagicka	DNAM	0			Adamant 5.9.2 CHT exact phrase seed
000002C6	43C07A:Adamant.esp	MGEF	MAG_PerkInvestorAlchRestoreStamina	FULL	0	Restore Stamina	回復耐力	Adamant 5.9.2 CHT exact phrase seed
000002C7	43C07A:Adamant.esp	MGEF	MAG_PerkInvestorAlchRestoreStamina	DNAM	0			Adamant 5.9.2 CHT exact phrase seed
000002C8	445F9D:Adamant.esp	MGEF	MAG_PerkRitualofPowerEffect	FULL	0	Ritual of Power	力量儀式	Adamant 5.9.2 CHT exact FormKey seed
000002C9	445F9D:Adamant.esp	MGEF	MAG_PerkRitualofPowerEffect	DNAM	0			Adamant 5.9.2 CHT exact FormKey seed
000002CA	45F7AF:Adamant.esp	MGEF	MAG_BastionControllerEffect	FULL	0	Bastion Controller	堡壘控制器	Adamant 6.0.2 custom; Skyrim 8.20 terminology
000002CB	45F7AF:Adamant.esp	MGEF	MAG_BastionControllerEffect	DNAM	0			Adamant 5.9.2 CHT exact phrase seed
000002CC	46EAB2:Adamant.esp	MGEF	MAG_PerkImpactStaggerSpellEffect02	FULL	0	Stagger	失衡	Adamant 5.9.2 CHT exact phrase seed
000002CD	46EAB2:Adamant.esp	MGEF	MAG_PerkImpactStaggerSpellEffect02	DNAM	0			Adamant 5.9.2 CHT exact phrase seed
000002CE	473BB3:Adamant.esp	MGEF	MAG_PerkPowerShotEffect02	FULL	0	Stagger	失衡	Adamant 5.9.2 CHT exact phrase seed
000002CF	473BB3:Adamant.esp	MGEF	MAG_PerkPowerShotEffect02	DNAM	0			Adamant 5.9.2 CHT exact phrase seed
000002D0	4AB6B5:Adamant.esp	MGEF	MAG_PlayDrumEffect01	FULL	0	Play Drum Effect	演奏鼓樂效果	Adamant 6.0.2 custom; Skyrim 8.20 terminology
000002D1	4AB6B5:Adamant.esp	MGEF	MAG_PlayDrumEffect01	DNAM	0			Adamant 5.9.2 CHT exact phrase seed
000002D2	4AB6B9:Adamant.esp	MGEF	MAG_DrumSongEffect01	FULL	0	Drum Song Effect	鼓樂效果	Adamant 6.0.2 custom; Skyrim 8.20 terminology
000002D3	4AB6B9:Adamant.esp	MGEF	MAG_DrumSongEffect01	DNAM	0			Adamant 5.9.2 CHT exact phrase seed
000002D4	4AB6BD:Adamant.esp	MGEF	MAG_DrumBuffEffect01	FULL	0	Fortify Experience	強化經驗獲取	Adamant 6.0.2 custom; Skyrim 8.20 terminology
000002D5	4AB6BD:Adamant.esp	MGEF	MAG_DrumBuffEffect01	DNAM	0	You gain <10>% more experience in combat skills for <dur> seconds.	戰鬥技能獲得的經驗提高 <10>%，持續 <dur> 秒。	Adamant 6.0.2 custom; Skyrim 8.20 terminology
000002D6	4AB6C1:Adamant.esp	MGEF	MAG_DrumSongEffect02	FULL	0	Drum Song Effect	鼓樂效果	Adamant 6.0.2 custom; Skyrim 8.20 terminology
000002D7	4AB6C1:Adamant.esp	MGEF	MAG_DrumSongEffect02	DNAM	0			Adamant 5.9.2 CHT exact phrase seed
000002D8	4AB6C2:Adamant.esp	MGEF	MAG_DrumSongEffect03	FULL	0	Drum Song Effect	鼓樂效果	Adamant 6.0.2 custom; Skyrim 8.20 terminology
000002D9	4AB6C2:Adamant.esp	MGEF	MAG_DrumSongEffect03	DNAM	0			Adamant 5.9.2 CHT exact phrase seed
000002DA	4B07CD:Adamant.esp	MGEF	MAG_PlayDrumEffect02	FULL	0	Play Drum Effect	演奏鼓樂效果	Adamant 6.0.2 custom; Skyrim 8.20 terminology
000002DB	4B07CD:Adamant.esp	MGEF	MAG_PlayDrumEffect02	DNAM	0			Adamant 5.9.2 CHT exact phrase seed
000002DC	4B07CF:Adamant.esp	MGEF	MAG_PlayDrumEffect03	FULL	0	Play Drum Effect	演奏鼓樂效果	Adamant 6.0.2 custom; Skyrim 8.20 terminology
000002DD	4B07CF:Adamant.esp	MGEF	MAG_PlayDrumEffect03	DNAM	0			Adamant 5.9.2 CHT exact phrase seed
000002DE	4B07D0:Adamant.esp	MGEF	MAG_PlayFluteEffect01	FULL	0	Play Flute Effect	演奏長笛效果	Adamant 6.0.2 custom; Skyrim 8.20 terminology
000002DF	4B07D0:Adamant.esp	MGEF	MAG_PlayFluteEffect01	DNAM	0			Adamant 5.9.2 CHT exact phrase seed
000002E0	4B07D2:Adamant.esp	MGEF	MAG_PlayFluteEffect02	FULL	0	Play Flute Effect	演奏長笛效果	Adamant 6.0.2 custom; Skyrim 8.20 terminology
000002E1	4B07D2:Adamant.esp	MGEF	MAG_PlayFluteEffect02	DNAM	0			Adamant 5.9.2 CHT exact phrase seed
000002E2	4B07D4:Adamant.esp	MGEF	MAG_PlayFluteEffect03	FULL	0	Play Flute Effect	演奏長笛效果	Adamant 6.0.2 custom; Skyrim 8.20 terminology
000002E3	4B07D4:Adamant.esp	MGEF	MAG_PlayFluteEffect03	DNAM	0			Adamant 5.9.2 CHT exact phrase seed
000002E4	4B07D5:Adamant.esp	MGEF	MAG_PlayLuteEffect01	FULL	0	Play Lute Effect	演奏魯特琴效果	Adamant 6.0.2 custom; Skyrim 8.20 terminology
000002E5	4B07D5:Adamant.esp	MGEF	MAG_PlayLuteEffect01	DNAM	0			Adamant 5.9.2 CHT exact phrase seed
000002E6	4B07D6:Adamant.esp	MGEF	MAG_PlayLuteEffect02	FULL	0	Play Lute Effect	演奏魯特琴效果	Adamant 6.0.2 custom; Skyrim 8.20 terminology
000002E7	4B07D6:Adamant.esp	MGEF	MAG_PlayLuteEffect02	DNAM	0			Adamant 5.9.2 CHT exact phrase seed
000002E8	4B07D7:Adamant.esp	MGEF	MAG_PlayLuteEffect03	FULL	0	Play Lute Effect	演奏魯特琴效果	Adamant 6.0.2 custom; Skyrim 8.20 terminology
000002E9	4B07D7:Adamant.esp	MGEF	MAG_PlayLuteEffect03	DNAM	0			Adamant 5.9.2 CHT exact phrase seed
000002EA	4B07DD:Adamant.esp	MGEF	MAG_FluteBuffEffect01	FULL	0	Fortify Experience	強化經驗獲取	Adamant 6.0.2 custom; Skyrim 8.20 terminology
000002EB	4B07DD:Adamant.esp	MGEF	MAG_FluteBuffEffect01	DNAM	0	You gain <10>% more experience in magic skills for <dur> seconds.	魔法技能獲得的經驗提高 <10>%，持續 <dur> 秒。	Adamant 6.0.2 custom; Skyrim 8.20 terminology
000002EC	4B07E1:Adamant.esp	MGEF	MAG_LuteBuffEffect01	FULL	0	Fortify Experience	強化經驗獲取	Adamant 6.0.2 custom; Skyrim 8.20 terminology
000002ED	4B07E1:Adamant.esp	MGEF	MAG_LuteBuffEffect01	DNAM	0	You gain <10>% more experience in stealth skills for <dur> seconds.	潛行技能獲得的經驗提高 <10>%，持續 <dur> 秒。	Adamant 6.0.2 custom; Skyrim 8.20 terminology
000002EE	4B07F3:Adamant.esp	MGEF	MAG_FluteSongEffect03	FULL	0	Flute Song Effect	長笛樂曲效果	Adamant 6.0.2 custom; Skyrim 8.20 terminology
000002EF	4B07F3:Adamant.esp	MGEF	MAG_FluteSongEffect03	DNAM	0			Adamant 5.9.2 CHT exact phrase seed
000002F0	4B07F4:Adamant.esp	MGEF	MAG_FluteSongEffect04	FULL	0	Flute Song Effect	長笛樂曲效果	Adamant 6.0.2 custom; Skyrim 8.20 terminology
000002F1	4B07F4:Adamant.esp	MGEF	MAG_FluteSongEffect04	DNAM	0			Adamant 5.9.2 CHT exact phrase seed
000002F2	4B07F5:Adamant.esp	MGEF	MAG_FluteSongEffect05	FULL	0	Flute Song Effect	長笛樂曲效果	Adamant 6.0.2 custom; Skyrim 8.20 terminology
000002F3	4B07F5:Adamant.esp	MGEF	MAG_FluteSongEffect05	DNAM	0			Adamant 5.9.2 CHT exact phrase seed
000002F4	4B07F6:Adamant.esp	MGEF	MAG_FluteSongEffect06	FULL	0	Flute Song Effect	長笛樂曲效果	Adamant 6.0.2 custom; Skyrim 8.20 terminology
000002F5	4B07F6:Adamant.esp	MGEF	MAG_FluteSongEffect06	DNAM	0			Adamant 5.9.2 CHT exact phrase seed
000002F6	4B58F8:Adamant.esp	MGEF	MAG_LuteSongEffect01	FULL	0	Lute Song Effect	魯特琴樂曲效果	Adamant 6.0.2 custom; Skyrim 8.20 terminology
000002F7	4B58F8:Adamant.esp	MGEF	MAG_LuteSongEffect01	DNAM	0			Adamant 5.9.2 CHT exact phrase seed
000002F8	4B5900:Adamant.esp	MGEF	MAG_LuteSongEffect02	FULL	0	Lute Song Effect	魯特琴樂曲效果	Adamant 6.0.2 custom; Skyrim 8.20 terminology
000002F9	4B5900:Adamant.esp	MGEF	MAG_LuteSongEffect02	DNAM	0			Adamant 5.9.2 CHT exact phrase seed
000002FA	4B5902:Adamant.esp	MGEF	MAG_LuteSongEffect03	FULL	0	Lute Song Effect	魯特琴樂曲效果	Adamant 6.0.2 custom; Skyrim 8.20 terminology
000002FB	4B5902:Adamant.esp	MGEF	MAG_LuteSongEffect03	DNAM	0			Adamant 5.9.2 CHT exact phrase seed
000002FC	4B5903:Adamant.esp	MGEF	MAG_LuteSongEffect04	FULL	0	Lute Song Effect	魯特琴樂曲效果	Adamant 6.0.2 custom; Skyrim 8.20 terminology
000002FD	4B5903:Adamant.esp	MGEF	MAG_LuteSongEffect04	DNAM	0			Adamant 5.9.2 CHT exact phrase seed
000002FE	4B5906:Adamant.esp	MGEF	MAG_BardXPCooldownEffect	FULL	0	Bard XP Cooldown	吟遊詩人經驗冷卻	Adamant 6.0.2 custom; Skyrim 8.20 terminology
000002FF	4B5906:Adamant.esp	MGEF	MAG_BardXPCooldownEffect	DNAM	0			Adamant 5.9.2 CHT exact phrase seed
00000300	4B5909:Adamant.esp	MGEF	MAG_FluteBuffDummyEffect02	FULL	0	Fortify Spell Cost	降低法術消耗	Adamant 6.0.2 custom; Skyrim 8.20 terminology
00000301	4B5909:Adamant.esp	MGEF	MAG_FluteBuffDummyEffect02	DNAM	0			Adamant 5.9.2 CHT exact phrase seed
00000302	4B590E:Adamant.esp	MGEF	MAG_FluteBuffDummyEffect03	FULL	0	Flute Song	長笛樂曲	Adamant 6.0.2 custom; Skyrim 8.20 terminology
00000303	4B590E:Adamant.esp	MGEF	MAG_FluteBuffDummyEffect03	DNAM	0	Your Magicka is increased by <50>.	法力提高 <50> 點。	Adamant 6.0.2 custom; Skyrim 8.20 terminology
00000304	4BAA13:Adamant.esp	MGEF	MAG_FluteBuffEffect03	FULL	0	Flute Song	長笛樂曲	Adamant 6.0.2 custom; Skyrim 8.20 terminology
00000305	4BAA13:Adamant.esp	MGEF	MAG_FluteBuffEffect03	DNAM	0			Adamant 5.9.2 CHT exact phrase seed
00000306	4BAA14:Adamant.esp	MGEF	MAG_LuteBuffDummyEffect01	FULL	0	Fortify Stamina	強化耐力	Adamant 5.9.2 CHT exact phrase seed
00000307	4BAA14:Adamant.esp	MGEF	MAG_LuteBuffDummyEffect01	DNAM	0			Adamant 5.9.2 CHT exact phrase seed
00000308	4BAA15:Adamant.esp	MGEF	MAG_DrumBuffDummyEffect01	FULL	0	Fortify Health	強化生命	Adamant 5.9.2 CHT exact phrase seed
00000309	4BAA15:Adamant.esp	MGEF	MAG_DrumBuffDummyEffect01	DNAM	0			Adamant 5.9.2 CHT exact phrase seed
0000030A	4C4C17:Adamant.esp	MGEF	MAG_FluteBuffNPCEffect01	FULL	0	Fortify Magicka	強化法力	Adamant 5.9.2 CHT exact phrase seed
0000030B	4C4C17:Adamant.esp	MGEF	MAG_FluteBuffNPCEffect01	DNAM	0			Adamant 5.9.2 CHT exact phrase seed
0000030C	4C4C19:Adamant.esp	MGEF	MAG_FluteBuffNPCEffect04	FULL	0	Fortify Spell Cost	降低法術消耗	Adamant 6.0.2 custom; Skyrim 8.20 terminology
0000030D	4C4C19:Adamant.esp	MGEF	MAG_FluteBuffNPCEffect04	DNAM	0			Adamant 5.9.2 CHT exact phrase seed
0000030E	4C4C1A:Adamant.esp	MGEF	MAG_FluteBuffNPCEffect05	FULL	0	Resist All	全抗性	Adamant 6.0.2 custom; Skyrim 8.20 terminology
0000030F	4C4C1A:Adamant.esp	MGEF	MAG_FluteBuffNPCEffect05	DNAM	0			Adamant 5.9.2 CHT exact phrase seed
00000310	4C4C20:Adamant.esp	MGEF	MAG_FluteBuffNPCEffect06	FULL	0	Fortify Attack Speed	強化攻擊速度	Adamant 6.0.2 custom; Skyrim 8.20 terminology
00000311	4C4C20:Adamant.esp	MGEF	MAG_FluteBuffNPCEffect06	DNAM	0			Adamant 5.9.2 CHT exact phrase seed
00000312	4C4C21:Adamant.esp	MGEF	MAG_FluteBuffNPCEffect02	FULL	0	Fortify Health	強化生命	Adamant 5.9.2 CHT exact phrase seed
00000313	4C4C21:Adamant.esp	MGEF	MAG_FluteBuffNPCEffect02	DNAM	0			Adamant 5.9.2 CHT exact phrase seed
00000314	4C4C22:Adamant.esp	MGEF	MAG_FluteBuffNPCEffect03	FULL	0	Fortify Stamina	強化耐力	Adamant 5.9.2 CHT exact phrase seed
00000315	4C4C22:Adamant.esp	MGEF	MAG_FluteBuffNPCEffect03	DNAM	0			Adamant 5.9.2 CHT exact phrase seed
00000316	4C4C25:Adamant.esp	MGEF	MAG_FluteBuffEffect02	FULL	0	Bard Song XP	吟遊詩人樂曲經驗	Adamant 6.0.2 custom; Skyrim 8.20 terminology
00000317	4C4C25:Adamant.esp	MGEF	MAG_FluteBuffEffect02	DNAM	0			Adamant 5.9.2 CHT exact phrase seed
00000318	4C4C26:Adamant.esp	MGEF	MAG_FluteBuffEffect04	FULL	0	Bard Song XP	吟遊詩人樂曲經驗	Adamant 6.0.2 custom; Skyrim 8.20 terminology
00000319	4C4C26:Adamant.esp	MGEF	MAG_FluteBuffEffect04	DNAM	0			Adamant 5.9.2 CHT exact phrase seed
0000031A	4C4C2E:Adamant.esp	MGEF	MAG_FluteBuffDummyEffect01	FULL	0	Fortify Magicka	強化法力	Adamant 5.9.2 CHT exact phrase seed
0000031B	4C4C2E:Adamant.esp	MGEF	MAG_FluteBuffDummyEffect01	DNAM	0			Adamant 5.9.2 CHT exact phrase seed
0000031C	4C4C30:Adamant.esp	MGEF	MAG_BardControllerEffectFlute01	FULL	0	Flute Power	長笛能力	Adamant 6.0.2 custom; Skyrim 8.20 terminology
0000031D	4C4C30:Adamant.esp	MGEF	MAG_BardControllerEffectFlute01	DNAM	0			Adamant 5.9.2 CHT exact phrase seed
0000031E	4C4C31:Adamant.esp	MGEF	MAG_BardControllerEffectDrum01	FULL	0	Drum Power	鼓樂能力	Adamant 6.0.2 custom; Skyrim 8.20 terminology
0000031F	4C4C31:Adamant.esp	MGEF	MAG_BardControllerEffectDrum01	DNAM	0			Adamant 5.9.2 CHT exact phrase seed
00000320	4C4C32:Adamant.esp	MGEF	MAG_BardControllerEffectDrum02	FULL	0	Drum Cleanup	鼓樂清除	Adamant 6.0.2 custom; Skyrim 8.20 terminology
00000321	4C4C32:Adamant.esp	MGEF	MAG_BardControllerEffectDrum02	DNAM	0			Adamant 5.9.2 CHT exact phrase seed
00000322	4C4C33:Adamant.esp	MGEF	MAG_BardControllerEffectLute01	FULL	0	Lute Power	魯特琴能力	Adamant 6.0.2 custom; Skyrim 8.20 terminology
00000323	4C4C33:Adamant.esp	MGEF	MAG_BardControllerEffectLute01	DNAM	0			Adamant 5.9.2 CHT exact phrase seed
00000324	4C4C34:Adamant.esp	MGEF	MAG_BardControllerEffectFlute02	FULL	0	Flute Cleanup	長笛清除	Adamant 6.0.2 custom; Skyrim 8.20 terminology
00000325	4C4C34:Adamant.esp	MGEF	MAG_BardControllerEffectFlute02	DNAM	0			Adamant 5.9.2 CHT exact phrase seed
00000326	4C4C35:Adamant.esp	MGEF	MAG_BardControllerEffectLute02	FULL	0	Lute Cleanup	魯特琴清除	Adamant 6.0.2 custom; Skyrim 8.20 terminology
00000327	4C4C35:Adamant.esp	MGEF	MAG_BardControllerEffectLute02	DNAM	0			Adamant 5.9.2 CHT exact phrase seed
00000328	4C4C37:Adamant.esp	MGEF	MAG_BardLessonTooltipEffect01	FULL	0	Bardic Verse	吟遊詩篇	Adamant 6.0.2 custom; Skyrim 8.20 terminology
00000329	4C4C37:Adamant.esp	MGEF	MAG_BardLessonTooltipEffect01	DNAM	0	Your drum songs last twice as long.	鼓樂的持續時間延長至兩倍。	Adamant 6.0.2 custom; Skyrim 8.20 terminology
0000032A	4C4C3E:Adamant.esp	MGEF	MAG_BardLessonTooltipEffect02	FULL	0	Bardic Verse	吟遊詩篇	Adamant 6.0.2 custom; Skyrim 8.20 terminology
0000032B	4C4C3E:Adamant.esp	MGEF	MAG_BardLessonTooltipEffect02	DNAM	0	Your flute songs last twice as long.	長笛樂曲的持續時間延長至兩倍。	Adamant 6.0.2 custom; Skyrim 8.20 terminology
0000032C	4C4C3F:Adamant.esp	MGEF	MAG_BardLessonTooltipEffect03	FULL	0	Bardic Verse	吟遊詩篇	Adamant 6.0.2 custom; Skyrim 8.20 terminology
0000032D	4C4C3F:Adamant.esp	MGEF	MAG_BardLessonTooltipEffect03	DNAM	0	Your lute songs last twice as long.	魯特琴樂曲的持續時間延長至兩倍。	Adamant 6.0.2 custom; Skyrim 8.20 terminology
0000032E	4C4C40:Adamant.esp	MGEF	MAG_BardLessonTooltipEffect04	FULL	0	Bardic Verse	吟遊詩篇	Adamant 6.0.2 custom; Skyrim 8.20 terminology
0000032F	4C4C40:Adamant.esp	MGEF	MAG_BardLessonTooltipEffect04	DNAM	0	Your drum and flute songs last twice as long.	鼓樂與長笛樂曲的持續時間延長至兩倍。	Adamant 6.0.2 custom; Skyrim 8.20 terminology
00000330	4C4C41:Adamant.esp	MGEF	MAG_BardLessonTooltipEffect05	FULL	0	Bardic Verse	吟遊詩篇	Adamant 6.0.2 custom; Skyrim 8.20 terminology
00000331	4C4C41:Adamant.esp	MGEF	MAG_BardLessonTooltipEffect05	DNAM	0	Your drum and lute songs last twice as long.	鼓樂與魯特琴樂曲的持續時間延長至兩倍。	Adamant 6.0.2 custom; Skyrim 8.20 terminology
00000332	4C4C42:Adamant.esp	MGEF	MAG_BardLessonTooltipEffect06	FULL	0	Bardic Verse	吟遊詩篇	Adamant 6.0.2 custom; Skyrim 8.20 terminology
00000333	4C4C42:Adamant.esp	MGEF	MAG_BardLessonTooltipEffect06	DNAM	0	Your flute and lute songs last twice as long.	長笛與魯特琴樂曲的持續時間延長至兩倍。	Adamant 6.0.2 custom; Skyrim 8.20 terminology
00000334	4C4C43:Adamant.esp	MGEF	MAG_BardLessonTooltipEffect07	FULL	0	Bardic Verse	吟遊詩篇	Adamant 6.0.2 custom; Skyrim 8.20 terminology
00000335	4C4C43:Adamant.esp	MGEF	MAG_BardLessonTooltipEffect07	DNAM	0	Your bard songs last twice as long.	吟遊詩人樂曲的持續時間延長至兩倍。	Adamant 6.0.2 custom; Skyrim 8.20 terminology
00000336	4C4C44:Adamant.esp	MGEF	MAG_BardControllerEffect	FULL	0	Bard Controller	吟遊詩人控制器	Adamant 6.0.2 custom; Skyrim 8.20 terminology
00000337	4C4C44:Adamant.esp	MGEF	MAG_BardControllerEffect	DNAM	0			Adamant 5.9.2 CHT exact phrase seed
00000338	4C4C46:Adamant.esp	MGEF	MAG_PlayDrumEffect04	FULL	0	Play Drum Effect	演奏鼓樂效果	Adamant 6.0.2 custom; Skyrim 8.20 terminology
00000339	4C4C46:Adamant.esp	MGEF	MAG_PlayDrumEffect04	DNAM	0	You gain <10>% more experience in combat skills for <dur> seconds.	戰鬥技能獲得的經驗提高 <10>%，持續 <dur> 秒。	Adamant 6.0.2 custom; Skyrim 8.20 terminology
0000033A	4C4C49:Adamant.esp	MGEF	MAG_FluteBuffPilgrimEffect01	FULL	0	Fortify Movement Speed	強化移動速度	Adamant 5.9.2 CHT exact phrase seed
0000033B	4C4C49:Adamant.esp	MGEF	MAG_FluteBuffPilgrimEffect01	DNAM	0	You move <20>% faster while casting spells.	施法時移動速度加快 <20>%。	Adamant 6.0.2 custom; Skyrim 8.20 terminology
0000033C	4C4C4A:Adamant.esp	MGEF	MAG_FluteBuffDummyEffect04	FULL	0	Flute Song	長笛樂曲	Adamant 6.0.2 custom; Skyrim 8.20 terminology
0000033D	4C4C4A:Adamant.esp	MGEF	MAG_FluteBuffDummyEffect04	DNAM	0	Your Magicka is increased by <50>, and your spells and enchantments cost <10>% less.	法力提高 <50> 點，法術與附魔消耗降低 <10>%。	Adamant 6.0.2 custom; Skyrim 8.20 terminology
0000033E	4C9D4C:Adamant.esp	MGEF	MAG_PlayFluteEffect04	FULL	0	Play Flute Effect	演奏長笛效果	Adamant 6.0.2 custom; Skyrim 8.20 terminology
0000033F	4C9D4C:Adamant.esp	MGEF	MAG_PlayFluteEffect04	DNAM	0	You gain <10>% more experience in magic skills for <dur> seconds.	魔法技能獲得的經驗提高 <10>%，持續 <dur> 秒。	Adamant 6.0.2 custom; Skyrim 8.20 terminology
00000340	4CEE4D:Adamant.esp	MGEF	MAG_PlayLuteEffect04	FULL	0	Play Lute Effect	演奏魯特琴效果	Adamant 6.0.2 custom; Skyrim 8.20 terminology
00000341	4CEE4D:Adamant.esp	MGEF	MAG_PlayLuteEffect04	DNAM	0	You gain <10>% more experience in stealth skills for <dur> seconds.	潛行技能獲得的經驗提高 <10>%，持續 <dur> 秒。	Adamant 6.0.2 custom; Skyrim 8.20 terminology
00000342	4CEE4E:Adamant.esp	MGEF	MAG_DrumBuffDummyEffect02	FULL	0	Resist All	全抗性	Adamant 6.0.2 custom; Skyrim 8.20 terminology
00000343	4CEE4E:Adamant.esp	MGEF	MAG_DrumBuffDummyEffect02	DNAM	0			Adamant 5.9.2 CHT exact phrase seed
00000344	4CEE50:Adamant.esp	MGEF	MAG_DrumBuffDummyEffect03	FULL	0	Drum Song	鼓樂	Adamant 6.0.2 custom; Skyrim 8.20 terminology
00000345	4CEE50:Adamant.esp	MGEF	MAG_DrumBuffDummyEffect03	DNAM	0	Your Health is increased by <50>.	生命提高 <50> 點。	Adamant 6.0.2 custom; Skyrim 8.20 terminology
00000346	4CEE51:Adamant.esp	MGEF	MAG_DrumBuffDummyEffect04	FULL	0	Drum Song	鼓樂	Adamant 6.0.2 custom; Skyrim 8.20 terminology
00000347	4CEE51:Adamant.esp	MGEF	MAG_DrumBuffDummyEffect04	DNAM	0	Your Health is increased by <50>, and you resist <10>% of all incoming damage.	生命提高 <50> 點，受到的所有傷害降低 <10>%。	Adamant 6.0.2 custom; Skyrim 8.20 terminology
00000348	4CEE53:Adamant.esp	MGEF	MAG_DrumBuffEffect03	FULL	0	Drum Song	鼓樂	Adamant 6.0.2 custom; Skyrim 8.20 terminology
00000349	4CEE53:Adamant.esp	MGEF	MAG_DrumBuffEffect03	DNAM	0			Adamant 5.9.2 CHT exact phrase seed
0000034A	4CEE55:Adamant.esp	MGEF	MAG_DrumBuffEffect02	FULL	0	Bard Song XP	吟遊詩人樂曲經驗	Adamant 6.0.2 custom; Skyrim 8.20 terminology
0000034B	4CEE55:Adamant.esp	MGEF	MAG_DrumBuffEffect02	DNAM	0			Adamant 5.9.2 CHT exact phrase seed
0000034C	4CEE56:Adamant.esp	MGEF	MAG_DrumBuffEffect04	FULL	0	Bard Song XP	吟遊詩人樂曲經驗	Adamant 6.0.2 custom; Skyrim 8.20 terminology
0000034D	4CEE56:Adamant.esp	MGEF	MAG_DrumBuffEffect04	DNAM	0			Adamant 5.9.2 CHT exact phrase seed
0000034E	4CEE57:Adamant.esp	MGEF	MAG_DrumBuffNPCEffect01	FULL	0	Fortify Health	強化生命	Adamant 5.9.2 CHT exact phrase seed
0000034F	4CEE57:Adamant.esp	MGEF	MAG_DrumBuffNPCEffect01	DNAM	0			Adamant 5.9.2 CHT exact phrase seed
00000350	4CEE58:Adamant.esp	MGEF	MAG_DrumBuffNPCEffect02	FULL	0	Fortify Magicka	強化法力	Adamant 5.9.2 CHT exact phrase seed
00000351	4CEE58:Adamant.esp	MGEF	MAG_DrumBuffNPCEffect02	DNAM	0			Adamant 5.9.2 CHT exact phrase seed
00000352	4CEE59:Adamant.esp	MGEF	MAG_DrumBuffNPCEffect03	FULL	0	Fortify Stamina	強化耐力	Adamant 5.9.2 CHT exact phrase seed
00000353	4CEE59:Adamant.esp	MGEF	MAG_DrumBuffNPCEffect03	DNAM	0			Adamant 5.9.2 CHT exact phrase seed
00000354	4CEE5A:Adamant.esp	MGEF	MAG_DrumBuffNPCEffect04	FULL	0	Resist All	全抗性	Adamant 6.0.2 custom; Skyrim 8.20 terminology
00000355	4CEE5A:Adamant.esp	MGEF	MAG_DrumBuffNPCEffect04	DNAM	0			Adamant 5.9.2 CHT exact phrase seed
00000356	4CEE5B:Adamant.esp	MGEF	MAG_DrumBuffNPCEffect05	FULL	0	Fortify Spell Cost	降低法術消耗	Adamant 6.0.2 custom; Skyrim 8.20 terminology
00000357	4CEE5B:Adamant.esp	MGEF	MAG_DrumBuffNPCEffect05	DNAM	0			Adamant 5.9.2 CHT exact phrase seed
00000358	4CEE5C:Adamant.esp	MGEF	MAG_DrumBuffNPCEffect06	FULL	0	Fortify Attack Speed	強化攻擊速度	Adamant 6.0.2 custom; Skyrim 8.20 terminology
00000359	4CEE5C:Adamant.esp	MGEF	MAG_DrumBuffNPCEffect06	DNAM	0			Adamant 5.9.2 CHT exact phrase seed
0000035A	4CEE62:Adamant.esp	MGEF	MAG_BardBuffNPCEffect01	FULL	0	Fortify Attack Speed	強化攻擊速度	Adamant 6.0.2 custom; Skyrim 8.20 terminology
0000035B	4CEE62:Adamant.esp	MGEF	MAG_BardBuffNPCEffect01	DNAM	0			Adamant 5.9.2 CHT exact phrase seed
0000035C	4CEE64:Adamant.esp	MGEF	MAG_BardBuffNPCEffect02	FULL	0	Fortify Attack Speed	強化攻擊速度	Adamant 6.0.2 custom; Skyrim 8.20 terminology
0000035D	4CEE64:Adamant.esp	MGEF	MAG_BardBuffNPCEffect02	DNAM	0			Adamant 5.9.2 CHT exact phrase seed
0000035E	4CEE66:Adamant.esp	MGEF	MAG_LuteBuffEffect02	FULL	0	Bard Song XP	吟遊詩人樂曲經驗	Adamant 6.0.2 custom; Skyrim 8.20 terminology
0000035F	4CEE66:Adamant.esp	MGEF	MAG_LuteBuffEffect02	DNAM	0			Adamant 5.9.2 CHT exact phrase seed
00000360	4CEE67:Adamant.esp	MGEF	MAG_LuteBuffDummyEffect02	FULL	0	Lute Song	魯特琴樂曲	Adamant 6.0.2 custom; Skyrim 8.20 terminology
00000361	4CEE67:Adamant.esp	MGEF	MAG_LuteBuffDummyEffect02	DNAM	0			Adamant 5.9.2 CHT exact phrase seed
00000362	4CEE68:Adamant.esp	MGEF	MAG_LuteBuffEffect03	FULL	0	Lute Song	魯特琴樂曲	Adamant 6.0.2 custom; Skyrim 8.20 terminology
00000363	4CEE68:Adamant.esp	MGEF	MAG_LuteBuffEffect03	DNAM	0			Adamant 5.9.2 CHT exact phrase seed
00000364	4CEE69:Adamant.esp	MGEF	MAG_LuteBuffEffect04	FULL	0	Bard Song XP	吟遊詩人樂曲經驗	Adamant 6.0.2 custom; Skyrim 8.20 terminology
00000365	4CEE69:Adamant.esp	MGEF	MAG_LuteBuffEffect04	DNAM	0			Adamant 5.9.2 CHT exact phrase seed
00000366	4CEE6B:Adamant.esp	MGEF	MAG_LuteBuffDummyEffect03	FULL	0	Fortify Attack Speed	強化攻擊速度	Adamant 6.0.2 custom; Skyrim 8.20 terminology
00000367	4CEE6B:Adamant.esp	MGEF	MAG_LuteBuffDummyEffect03	DNAM	0			Adamant 5.9.2 CHT exact phrase seed
00000368	4CEE6D:Adamant.esp	MGEF	MAG_LuteBuffDummyEffect04	FULL	0	Fortify Attack Speed	強化攻擊速度	Adamant 6.0.2 custom; Skyrim 8.20 terminology
00000369	4CEE6D:Adamant.esp	MGEF	MAG_LuteBuffDummyEffect04	DNAM	0	Your Stamina is increased by <50>.	耐力提高 <50> 點。	Adamant 6.0.2 custom; Skyrim 8.20 terminology
0000036A	4CEE6E:Adamant.esp	MGEF	MAG_LuteBuffDummyEffect05	FULL	0	Lute Song	魯特琴樂曲	Adamant 6.0.2 custom; Skyrim 8.20 terminology
0000036B	4CEE6E:Adamant.esp	MGEF	MAG_LuteBuffDummyEffect05	DNAM	0	Your Stamina is increased by <50>, and your Attack Speed is increased by <10>%.	耐力提高 <50> 點，攻擊速度提高 <10>%。	Adamant 6.0.2 custom; Skyrim 8.20 terminology
0000036C	4CEE70:Adamant.esp	MGEF	MAG_LuteBuffPilgrimEffect01	FULL	0	Fortify Movement Speed	強化移動速度	Adamant 5.9.2 CHT exact phrase seed
0000036D	4CEE70:Adamant.esp	MGEF	MAG_LuteBuffPilgrimEffect01	DNAM	0			Adamant 5.9.2 CHT exact phrase seed
0000036E	4CEE73:Adamant.esp	MGEF	MAG_LuteBuffNPCEffect01	FULL	0	Fortify Stamina	強化耐力	Adamant 5.9.2 CHT exact phrase seed
0000036F	4CEE73:Adamant.esp	MGEF	MAG_LuteBuffNPCEffect01	DNAM	0			Adamant 5.9.2 CHT exact phrase seed
00000370	4CEE75:Adamant.esp	MGEF	MAG_LuteBuffNPCEffect02	FULL	0	Fortify Health	強化生命	Adamant 5.9.2 CHT exact phrase seed
00000371	4CEE75:Adamant.esp	MGEF	MAG_LuteBuffNPCEffect02	DNAM	0			Adamant 5.9.2 CHT exact phrase seed
00000372	4CEE76:Adamant.esp	MGEF	MAG_LuteBuffNPCEffect03	FULL	0	Fortify Magicka	強化法力	Adamant 5.9.2 CHT exact phrase seed
00000373	4CEE76:Adamant.esp	MGEF	MAG_LuteBuffNPCEffect03	DNAM	0			Adamant 5.9.2 CHT exact phrase seed
00000374	4CEE77:Adamant.esp	MGEF	MAG_LuteBuffNPCEffect04	FULL	0	Fortify Attack Speed	強化攻擊速度	Adamant 6.0.2 custom; Skyrim 8.20 terminology
00000375	4CEE77:Adamant.esp	MGEF	MAG_LuteBuffNPCEffect04	DNAM	0			Adamant 5.9.2 CHT exact phrase seed
00000376	4CEE78:Adamant.esp	MGEF	MAG_LuteBuffNPCEffect05	FULL	0	Resist All	全抗性	Adamant 6.0.2 custom; Skyrim 8.20 terminology
00000377	4CEE78:Adamant.esp	MGEF	MAG_LuteBuffNPCEffect05	DNAM	0			Adamant 5.9.2 CHT exact phrase seed
00000378	4CEE79:Adamant.esp	MGEF	MAG_LuteBuffNPCEffect06	FULL	0	Fortify Spell Cost	降低法術消耗	Adamant 6.0.2 custom; Skyrim 8.20 terminology
00000379	4CEE79:Adamant.esp	MGEF	MAG_LuteBuffNPCEffect06	DNAM	0			Adamant 5.9.2 CHT exact phrase seed
0000037A	4D3F7A:Adamant.esp	MGEF	MAG_PerkSupplyandDemandSpellEffect01	FULL	0	Supply and Demand	供需	Adamant 5.9.2 CHT exact phrase seed
0000037B	4D3F7A:Adamant.esp	MGEF	MAG_PerkSupplyandDemandSpellEffect01	DNAM	0			Adamant 5.9.2 CHT exact phrase seed
0000037C	4D3F7C:Adamant.esp	MGEF	MAG_PerkSupplyandDemandSpellEffect02	FULL	0	Supply and Demand	供需	Adamant 5.9.2 CHT exact phrase seed
0000037D	4D3F7C:Adamant.esp	MGEF	MAG_PerkSupplyandDemandSpellEffect02	DNAM	0			Adamant 5.9.2 CHT exact phrase seed
0000037E	4D3F7F:Adamant.esp	MGEF	MAG_PerkInvestorSpellEffect01	FULL	0	Investor	商業資助	Adamant 5.9.2 CHT exact phrase seed
0000037F	4D3F7F:Adamant.esp	MGEF	MAG_PerkInvestorSpellEffect01	DNAM	0			Adamant 5.9.2 CHT exact phrase seed
00000380	4D8F31:Adamant.esp	MGEF	MAG_PerkStunningStrike02	FULL	0	Stunning Strike	震懾打擊	Adamant 5.9.2 CHT exact FormKey seed
00000381	4D8F31:Adamant.esp	MGEF	MAG_PerkStunningStrike02	DNAM	0			Adamant 5.9.2 CHT exact FormKey seed
00000382	4D8F35:Adamant.esp	MGEF	MAG_PerkBatteringRamFFContact	FULL	0	Battering Ram	猛烈一擊	Adamant 5.9.2 CHT exact FormKey seed
00000383	4D8F35:Adamant.esp	MGEF	MAG_PerkBatteringRamFFContact	DNAM	0			Adamant 5.9.2 CHT exact FormKey seed
00000384	4D9086:Adamant.esp	MGEF	MAG_PerkQuickLearnerSpellEffect01	FULL	0	Quick Learner	快速學習	Adamant 6.0.2 custom; Skyrim 8.20 terminology
00000385	4D9086:Adamant.esp	MGEF	MAG_PerkQuickLearnerSpellEffect01	DNAM	0			Adamant 5.9.2 CHT exact phrase seed
00000386	506989:Adamant.esp	MGEF	MAG_PowerAttackSpeedEffect	FULL	0	Power Attack Speed Controller	強力攻擊速度控制器	Adamant 6.0.2 custom; Skyrim 8.20 terminology
00000387	506989:Adamant.esp	MGEF	MAG_PowerAttackSpeedEffect	DNAM	0			Adamant 5.9.2 CHT exact phrase seed
00000388	51AD90:Adamant.esp	MGEF	MAG_PerkRuneMageSpellEffect01	FULL	0	Rune Mage	法印法師	Adamant 5.9.2 CHT exact phrase seed
00000389	51AD90:Adamant.esp	MGEF	MAG_PerkRuneMageSpellEffect01	DNAM	0			Adamant 5.9.2 CHT exact phrase seed
0000038A	51AD92:Adamant.esp	MGEF	MAG_PerkRuneMageSpellEffect02	FULL	0	Rune Mage	法印法師	Adamant 5.9.2 CHT exact phrase seed
0000038B	51AD92:Adamant.esp	MGEF	MAG_PerkRuneMageSpellEffect02	DNAM	0			Adamant 5.9.2 CHT exact phrase seed
0000038C	53E35A:Adamant.esp	MGEF	MAG_PerkEyeoftheStormFireCloak	FULL	0	Eye of the Storm	風暴之眼	Adamant 5.9.2 CHT exact FormKey seed
0000038D	53E35A:Adamant.esp	MGEF	MAG_PerkEyeoftheStormFireCloak	DNAM	0			Adamant 5.9.2 CHT exact FormKey seed
0000038E	53E35C:Adamant.esp	MGEF	MAG_PerkEyeoftheStormFrostConcCloak	FULL	0	Eye of the Storm	風暴之眼	Adamant 5.9.2 CHT exact FormKey seed
0000038F	53E35C:Adamant.esp	MGEF	MAG_PerkEyeoftheStormFrostConcCloak	DNAM	0			Adamant 5.9.2 CHT exact FormKey seed
00000390	53E35E:Adamant.esp	MGEF	MAG_PerkEyeoftheStormFireConcCloak	FULL	0	Eye of the Storm	風暴之眼	Adamant 5.9.2 CHT exact FormKey seed
00000391	53E35E:Adamant.esp	MGEF	MAG_PerkEyeoftheStormFireConcCloak	DNAM	0			Adamant 5.9.2 CHT exact FormKey seed
00000392	53E360:Adamant.esp	MGEF	MAG_PerkEyeoftheStormShockConcCloak	FULL	0	Eye of the Storm	風暴之眼	Adamant 5.9.2 CHT exact FormKey seed
00000393	53E360:Adamant.esp	MGEF	MAG_PerkEyeoftheStormShockConcCloak	DNAM	0			Adamant 5.9.2 CHT exact FormKey seed
00000394	53E4A1:Adamant.esp	MGEF	MAG_PerkStrongBackEffect	FULL	0	Strong Back	強健背脊	Adamant 6.0.2 custom; Skyrim 8.20 terminology
00000395	53E4A1:Adamant.esp	MGEF	MAG_PerkStrongBackEffect	DNAM	0	Your Carry Weight is increased by <50>.	負重提高 <50> 點。	Adamant 6.0.2 custom; Skyrim 8.20 terminology
00000396	5486AA:Adamant.esp	MGEF	MAG_StaggerBreakControllerEffect	FULL	0	Stagger Break	失衡脫離	Adamant 6.0.2 custom; Skyrim 8.20 terminology
00000397	5486AA:Adamant.esp	MGEF	MAG_StaggerBreakControllerEffect	DNAM	0			Adamant 5.9.2 CHT exact phrase seed
00000398	552761:Adamant.esp	MGEF	MAG_PerkOnslaughtFFContact	FULL	0	Onslaught	猛攻	Adamant 5.9.2 CHT exact FormKey seed
00000399	552761:Adamant.esp	MGEF	MAG_PerkOnslaughtFFContact	DNAM	0			Adamant 5.9.2 CHT exact FormKey seed
0000039A	561A92:Adamant.esp	MGEF	MAG_PerkMagickaFoodEffect	FULL	0	Magicka Well	法力井	Adamant 5.9.2 CHT exact FormKey seed
0000039B	561A92:Adamant.esp	MGEF	MAG_PerkMagickaFoodEffect	DNAM	0			Adamant 6.0.2 custom; Skyrim 8.20 terminology
0000039C	561A96:Adamant.esp	MGEF	MAG_PerkSecondWindEffect01	FULL	0	Fortify Stamina Regeneration	強化耐力恢復	Adamant 5.9.2 CHT exact FormKey seed
0000039D	561A96:Adamant.esp	MGEF	MAG_PerkSecondWindEffect01	DNAM	0			Adamant 5.9.2 CHT exact FormKey seed
0000039E	566B9C:Adamant.esp	MGEF	MAG_PerkArmorofShadowsConcCloak80	FULL	0	Armor of Shadows	影紋盔甲	Adamant 5.9.2 CHT exact FormKey seed
0000039F	566B9C:Adamant.esp	MGEF	MAG_PerkArmorofShadowsConcCloak80	DNAM	0			Adamant 5.9.2 CHT exact FormKey seed
000003A0	5944C0:Adamant.esp	MGEF	MAG_NecromancyControllerEffect	FULL	0	Necromancy Controller	Necromancy Controller	Adamant 5.9.2 CHT exact FormKey seed
000003A1	5944C0:Adamant.esp	MGEF	MAG_NecromancyControllerEffect	DNAM	0			Adamant 5.9.2 CHT exact FormKey seed
000003A2	5944C1:Adamant.esp	MGEF	MAG_NecromancySpellEffectGear	FULL	0	Necromancy Spell Effect	死靈法術效果	Adamant 6.0.2 custom; Skyrim 8.20 terminology
000003A3	5944C1:Adamant.esp	MGEF	MAG_NecromancySpellEffectGear	DNAM	0			Adamant 5.9.2 CHT exact FormKey seed
000003A4	59E6D0:Adamant.esp	MGEF	MAG_PerkSwiftStepsCarryWeight	FULL	0	Carry Weight	負重	Adamant 5.9.2 CHT exact FormKey seed
000003A5	59E6D0:Adamant.esp	MGEF	MAG_PerkSwiftStepsCarryWeight	DNAM	0			Adamant 5.9.2 CHT exact FormKey seed
000003A6	5B7BD7:Adamant.esp	MGEF	MAG_PerkRampageFFContact	FULL	0	Rampage	狂暴怒擊	Adamant 5.9.2 CHT exact FormKey seed
000003A7	5B7BD7:Adamant.esp	MGEF	MAG_PerkRampageFFContact	DNAM	0			Adamant 5.9.2 CHT exact FormKey seed
000003A8	5BCCDC:Adamant.esp	MGEF	MAG_PerkInfiltratorCarryWeight	FULL	0	Carry Weight	負重	Adamant 5.9.2 CHT exact FormKey seed
000003A9	5BCCDC:Adamant.esp	MGEF	MAG_PerkInfiltratorCarryWeight	DNAM	0			Adamant 5.9.2 CHT exact FormKey seed
000003AA	5C6EDC:Adamant.esp	MGEF	MAG_BowZoomControllerEffect	FULL	0	Bow Zoom Controller	Bow Zoom Controller	Adamant 5.9.2 CHT exact FormKey seed
000003AB	5C6EDC:Adamant.esp	MGEF	MAG_BowZoomControllerEffect	DNAM	0			Adamant 5.9.2 CHT exact FormKey seed
000003AC	5C6EDD:Adamant.esp	MGEF	MAG_PowerBashControllerEffect	FULL	0	Power Bash Controller	Power Bash Controller	Adamant 5.9.2 CHT exact FormKey seed
000003AD	5C6EDD:Adamant.esp	MGEF	MAG_PowerBashControllerEffect	DNAM	0			Adamant 5.9.2 CHT exact FormKey seed
000003AE	5C6EE2:Adamant.esp	MGEF	MAG_PerkDamageArmorEffect	FULL	0	Disable	停用	Adamant 5.9.2 CHT exact FormKey seed
000003AF	5C6EE2:Adamant.esp	MGEF	MAG_PerkDamageArmorEffect	DNAM	0			Adamant 5.9.2 CHT exact FormKey seed
000003B0	5F4813:Adamant.esp	MGEF	MAG_PerkHowlOfRageConcCloak	FULL	0	Howl of Rage	狂嗥怒吼	Adamant 5.9.2 CHT exact FormKey seed
000003B1	5F4813:Adamant.esp	MGEF	MAG_PerkHowlOfRageConcCloak	DNAM	0			Adamant 5.9.2 CHT exact FormKey seed
000003B2	5F4815:Adamant.esp	MGEF	MAG_PerkHowlofRageCloak	FULL	0	Howl of Rage	狂嗥怒吼	Adamant 5.9.2 CHT exact FormKey seed
000003B3	5F4815:Adamant.esp	MGEF	MAG_PerkHowlofRageCloak	DNAM	0			Adamant 5.9.2 CHT exact FormKey seed
000003B4	66E046:Adamant.esp	MGEF	MAG_PerkSwiftStepsEffect	FULL	0	Fortify Movement Speed	強化移動速度	Adamant 5.9.2 CHT exact FormKey seed
000003B5	66E046:Adamant.esp	MGEF	MAG_PerkSwiftStepsEffect	DNAM	0			Adamant 5.9.2 CHT exact FormKey seed
000003B6	682449:Adamant.esp	MGEF	MAG_abSpellShieldEffect	FULL	0	Spell Absorption	法術吸收	Adamant 5.9.2 CHT exact FormKey seed
000003B7	682449:Adamant.esp	MGEF	MAG_abSpellShieldEffect	DNAM	0	You have <25>% Spell Absorption.	你擁有<25>%的法術吸收。	Adamant 5.9.2 CHT exact FormKey seed
000003B8	69174B:Adamant.esp	MGEF	MAG_PerkRitualofPowerConcAimedCloak90	FULL	0	Ritual of Power	力量儀式	Adamant 5.9.2 CHT exact FormKey seed
000003B9	69174B:Adamant.esp	MGEF	MAG_PerkRitualofPowerConcAimedCloak90	DNAM	0			Adamant 5.9.2 CHT exact FormKey seed
000003BA	6A5B57:Adamant.esp	MGEF	MAG_PerkResolveFFSelf	FULL	0	Resolve	決心	Adamant 5.9.2 CHT exact FormKey seed
000003BB	6A5B57:Adamant.esp	MGEF	MAG_PerkResolveFFSelf	DNAM	0			Adamant 5.9.2 CHT exact FormKey seed
000003BC	6A5B58:Adamant.esp	MGEF	MAG_PerkResolveConcSelf	FULL	0	Resolve	決心	Adamant 5.9.2 CHT exact FormKey seed
000003BD	6A5B58:Adamant.esp	MGEF	MAG_PerkResolveConcSelf	DNAM	0			Adamant 5.9.2 CHT exact FormKey seed
000003BE	6B4E64:Adamant.esp	MGEF	MAG_SmithingControllerEffect	FULL	0	Smithing Controller	Smithing Controller	Adamant 5.9.2 CHT exact FormKey seed
000003BF	6B4E64:Adamant.esp	MGEF	MAG_SmithingControllerEffect	DNAM	0			Adamant 5.9.2 CHT exact FormKey seed
000003C0	71007F:Adamant.esp	MGEF	MAG_PerkPowerLightConcAimed60	FULL	0	Power of the Light	聖光之力	Adamant 5.9.2 CHT exact FormKey seed
000003C1	71007F:Adamant.esp	MGEF	MAG_PerkPowerLightConcAimed60	DNAM	0			Adamant 5.9.2 CHT exact FormKey seed
000003C2	72E680:Adamant.esp	MGEF	MAG_PerkPowerLightFFContact60	FULL	0	Power of the Light	聖光之力	Adamant 5.9.2 CHT exact FormKey seed
000003C3	72E680:Adamant.esp	MGEF	MAG_PerkPowerLightFFContact60	DNAM	0			Adamant 5.9.2 CHT exact FormKey seed
000003C4	789898:Adamant.esp	MGEF	MAG_PerkHiddenThreatMuffleFFContact	FULL	0	Hidden Threat Muffle	潛在威脅靜行術	Adamant 5.9.2 CHT exact FormKey seed
000003C5	789898:Adamant.esp	MGEF	MAG_PerkHiddenThreatMuffleFFContact	DNAM	0			Adamant 5.9.2 CHT exact FormKey seed
000003C6	798B9B:Adamant.esp	MGEF	MAG_abRareGemsEffect	FULL	0	Rare Gems	稀有寶石	Adamant 5.9.2 CHT exact FormKey seed
000003C7	798B9B:Adamant.esp	MGEF	MAG_abRareGemsEffect	DNAM	0			Adamant 5.9.2 CHT exact FormKey seed
000003C8	7CB5AE:Adamant.esp	MGEF	MAG_PerkEyeoftheStormFrostCloak	FULL	0	Eye of the Storm	風暴之眼	Adamant 5.9.2 CHT exact FormKey seed
000003C9	7CB5AE:Adamant.esp	MGEF	MAG_PerkEyeoftheStormFrostCloak	DNAM	0			Adamant 5.9.2 CHT exact FormKey seed
000003CA	7CB5B0:Adamant.esp	MGEF	MAG_PerkEyeoftheStormShockCloak	FULL	0	Eye of the Storm	風暴之眼	Adamant 5.9.2 CHT exact FormKey seed
000003CB	7CB5B0:Adamant.esp	MGEF	MAG_PerkEyeoftheStormShockCloak	DNAM	0			Adamant 5.9.2 CHT exact FormKey seed
000003CC	7CB5B6:Adamant.esp	MGEF	MAG_PerkResolveConcActor	FULL	0	Resolve 50	Resolve 50	Adamant 5.9.2 CHT exact FormKey seed
000003CD	7CB5B6:Adamant.esp	MGEF	MAG_PerkResolveConcActor	DNAM	0			Adamant 5.9.2 CHT exact FormKey seed
000003CE	8123CA:Adamant.esp	MGEF	MAG_PerkCombustionFFContact	FULL	0	Combustion	燃燒	Adamant 5.9.2 CHT exact FormKey seed
000003CF	8123CA:Adamant.esp	MGEF	MAG_PerkCombustionFFContact	DNAM	0			Adamant 5.9.2 CHT exact FormKey seed
000003D0	8174D3:Adamant.esp	MGEF	MAG_PerkImpactFFActor	FULL	0	Impact	毀滅衝撞	Adamant 5.9.2 CHT exact FormKey seed
000003D1	8174D3:Adamant.esp	MGEF	MAG_PerkImpactFFActor	DNAM	0			Adamant 5.9.2 CHT exact FormKey seed
000003D2	83ABDF:Adamant.esp	MGEF	MAG_PerkStaffRechargeLeft	FULL	0	Staff Recharge	法杖充能	Adamant 5.9.2 CHT exact FormKey seed
000003D3	83ABDF:Adamant.esp	MGEF	MAG_PerkStaffRechargeLeft	DNAM	0			Adamant 5.9.2 CHT exact FormKey seed
000003D4	83ABE1:Adamant.esp	MGEF	MAG_PerkStaffRechargeRight	FULL	0	Staff Recharge	法杖充能	Adamant 5.9.2 CHT exact FormKey seed
000003D5	83ABE1:Adamant.esp	MGEF	MAG_PerkStaffRechargeRight	DNAM	0			Adamant 5.9.2 CHT exact FormKey seed
000003D6	849EE7:Adamant.esp	MGEF	MAG_PerkCombustionConcAimed	FULL	0	Combustion	燃燒	Adamant 5.9.2 CHT exact FormKey seed
000003D7	849EE7:Adamant.esp	MGEF	MAG_PerkCombustionConcAimed	DNAM	0			Adamant 5.9.2 CHT exact FormKey seed
000003D8	849EE9:Adamant.esp	MGEF	MAG_PerkWildfireFFActorDummy	FULL	0	Wildfire	野火	Adamant 5.9.2 CHT exact FormKey seed
000003D9	849EE9:Adamant.esp	MGEF	MAG_PerkWildfireFFActorDummy	DNAM	0			Adamant 5.9.2 CHT exact FormKey seed
000003DA	8591F1:Adamant.esp	MGEF	MAG_PerkDeepFreezeFFActor	FULL	0	Deep Freeze Paralyze	深度凍結麻痺	Adamant 5.9.2 CHT exact FormKey seed
000003DB	8591F1:Adamant.esp	MGEF	MAG_PerkDeepFreezeFFActor	DNAM	0			Adamant 5.9.2 CHT exact FormKey seed
000003DC	8591F7:Adamant.esp	MGEF	MAG_PerkWildfireFFActor	FULL	0	Wildfire	野火	Adamant 5.9.2 CHT exact FormKey seed
000003DD	8591F7:Adamant.esp	MGEF	MAG_PerkWildfireFFActor	DNAM	0			Adamant 5.9.2 CHT exact FormKey seed
000003DE	85E2FC:Adamant.esp	MGEF	MAG_PerkFirebrandConcAimedAlt60	FULL	0	Firebrand	烈焰印記	Adamant 5.9.2 CHT exact FormKey seed
000003DF	85E2FC:Adamant.esp	MGEF	MAG_PerkFirebrandConcAimedAlt60	DNAM	0			Adamant 5.9.2 CHT exact FormKey seed
000003E0	85E300:Adamant.esp	MGEF	MAG_PerkFirebrandConcAimedCloak40	FULL	0	Flames	火燃術	Adamant 5.9.2 CHT exact FormKey seed
000003E1	85E300:Adamant.esp	MGEF	MAG_PerkFirebrandConcAimedCloak40	DNAM	0			Adamant 5.9.2 CHT exact FormKey seed
000003E2	85E301:Adamant.esp	MGEF	MAG_PerkImpactConcAimed	FULL	0	Perk Impact Stagger	Perk Impact Stagger	Adamant 5.9.2 CHT exact FormKey seed
000003E3	85E301:Adamant.esp	MGEF	MAG_PerkImpactConcAimed	DNAM	0			Adamant 5.9.2 CHT exact FormKey seed
000003E4	85E302:Adamant.esp	MGEF	MAG_PerkFirebrandConcAimedCloak90	FULL	0	Flames	火燃術	Adamant 5.9.2 CHT exact FormKey seed
000003E5	85E302:Adamant.esp	MGEF	MAG_PerkFirebrandConcAimedCloak90	DNAM	0			Adamant 5.9.2 CHT exact FormKey seed
000003E6	85E303:Adamant.esp	MGEF	MAG_PerkImpactFFContact	FULL	0	Perk Impact Stagger	Perk Impact Stagger	Adamant 5.9.2 CHT exact FormKey seed
000003E7	85E303:Adamant.esp	MGEF	MAG_PerkImpactFFContact	DNAM	0			Adamant 5.9.2 CHT exact FormKey seed
000003E8	86340A:Adamant.esp	MGEF	MAG_FuckOffJzargoEffect	FULL	0	Fuck Off Jzargo	Fuck Off Jzargo	Adamant 5.9.2 CHT exact FormKey seed
000003E9	86340A:Adamant.esp	MGEF	MAG_FuckOffJzargoEffect	DNAM	0			Adamant 5.9.2 CHT exact FormKey seed
000003EA	8AA22E:Adamant.esp	MGEF	MAG_ResistanceTrackerFrostEffect	FULL	0	Resistance Tracker	抗性追蹤器	Adamant 6.0.2 custom; Skyrim 8.20 terminology
000003EB	8AA22E:Adamant.esp	MGEF	MAG_ResistanceTrackerFrostEffect	DNAM	0			Adamant 5.9.2 CHT exact FormKey seed
000003EC	8AA230:Adamant.esp	MGEF	MAG_ResistanceTrackerPoisonEffect	FULL	0	Resistance Tracker Poison	毒素抗性追蹤器	Adamant 6.0.2 custom; Skyrim 8.20 terminology
000003ED	8AA230:Adamant.esp	MGEF	MAG_ResistanceTrackerPoisonEffect	DNAM	0			Adamant 5.9.2 CHT exact FormKey seed
000003EE	8B9534:Adamant.esp	MGEF	MAG_PerkInvincibleEffect	FULL	0	Invincible	無堅不摧	Adamant 5.9.2 CHT exact FormKey seed
000003EF	8B9534:Adamant.esp	MGEF	MAG_PerkInvincibleEffect	DNAM	0			Adamant 5.9.2 CHT exact FormKey seed
000003F0	9E4055:Adamant.esp	MGEF	MAG_PerkWildfireConcAimed	FULL	0	Wildfire	野火	Adamant 5.9.2 CHT exact FormKey seed
000003F1	9E4055:Adamant.esp	MGEF	MAG_PerkWildfireConcAimed	DNAM	0			Adamant 5.9.2 CHT exact FormKey seed
000003F2	9E4056:Adamant.esp	MGEF	MAG_PerkWildfireFFActorAlt	FULL	0	Wildfire	野火	Adamant 5.9.2 CHT exact FormKey seed
000003F3	9E4056:Adamant.esp	MGEF	MAG_PerkWildfireFFActorAlt	DNAM	0			Adamant 5.9.2 CHT exact FormKey seed
000003F4	9F3359:Adamant.esp	MGEF	MAG_WardConcSelfDummy	FULL	0	Ward Tooltip	Ward Tooltip	Adamant 5.9.2 CHT exact FormKey seed
000003F5	9F3359:Adamant.esp	MGEF	MAG_WardConcSelfDummy	DNAM	0	Negates up to <mag> points of spell damage.	吸收最多<mag>點法術傷害。	Adamant 5.9.2 CHT exact FormKey seed
000003F6	A0C85B:Adamant.esp	MGEF	MAG_StaffEnchantingController	FULL	0	Staff Enchanting Controller	Staff Enchanting Controller	Adamant 5.9.2 CHT exact FormKey seed
000003F7	A0C85B:Adamant.esp	MGEF	MAG_StaffEnchantingController	DNAM	0			Adamant 5.9.2 CHT exact FormKey seed
000003F8	A20C5E:Adamant.esp	MGEF	MAG_PerkDragonoftheNorthEffect	FULL	0	Dragon of the North	北方之龍	Adamant 5.9.2 CHT exact FormKey seed
000003F9	A20C5E:Adamant.esp	MGEF	MAG_PerkDragonoftheNorthEffect	DNAM	0	Your shouts have a 50% chance to have no cooldown.	你的龍吼有50%機率沒有冷卻時間。	Adamant 5.9.2 CHT exact FormKey seed
000003FA	A35061:Adamant.esp	MGEF	MAG_PerkVoiceofAuthorityConcCloak	FULL	0	Voice of Authority	權威之音	Adamant 5.9.2 CHT exact FormKey seed
000003FB	A35061:Adamant.esp	MGEF	MAG_PerkVoiceofAuthorityConcCloak	DNAM	0			Adamant 5.9.2 CHT exact FormKey seed
000003FC	A5366C:Adamant.esp	MGEF	MAG_PerkDaedricPactHealthConcActor01	FULL	0	Daedric Pact	迪德拉契約	Adamant 5.9.2 CHT exact FormKey seed
000003FD	A5366C:Adamant.esp	MGEF	MAG_PerkDaedricPactHealthConcActor01	DNAM	0			Adamant 5.9.2 CHT exact FormKey seed
000003FE	A5366E:Adamant.esp	MGEF	MAG_PerkDaedricPactMagickaConcActor01	FULL	0	Daedric Pact	迪德拉契約	Adamant 5.9.2 CHT exact FormKey seed
000003FF	A5366E:Adamant.esp	MGEF	MAG_PerkDaedricPactMagickaConcActor01	DNAM	0			Adamant 5.9.2 CHT exact FormKey seed
00000400	A5366F:Adamant.esp	MGEF	MAG_PerkDaedricPactStaminaConcActor01	FULL	0	Daedric Pact	迪德拉契約	Adamant 5.9.2 CHT exact FormKey seed
00000401	A5366F:Adamant.esp	MGEF	MAG_PerkDaedricPactStaminaConcActor01	DNAM	0			Adamant 5.9.2 CHT exact FormKey seed
00000402	A53670:Adamant.esp	MGEF	MAG_PerkDaedricPactEffect	FULL	0	Daedric Pact	迪德拉契約	Adamant 5.9.2 CHT exact FormKey seed
00000403	A53670:Adamant.esp	MGEF	MAG_PerkDaedricPactEffect	DNAM	0			Adamant 5.9.2 CHT exact FormKey seed
00000404	A5367E:Adamant.esp	MGEF	MAG_PerkDeathlyVigorCloakEffect	FULL	0	Deathly Vigor	死靈活力	Adamant 6.0.2 custom; Skyrim 8.20 terminology
00000405	A5367E:Adamant.esp	MGEF	MAG_PerkDeathlyVigorCloakEffect	DNAM	0			Adamant 5.9.2 CHT exact FormKey seed
00000406	A53681:Adamant.esp	MGEF	MAG_PerkDeathlyVigorHealthEffect01	FULL	0	Necrosis	壞死	Adamant 5.9.2 CHT exact FormKey seed
00000407	A53681:Adamant.esp	MGEF	MAG_PerkDeathlyVigorHealthEffect01	DNAM	0			Adamant 5.9.2 CHT exact FormKey seed
00000408	AB39A2:Adamant.esp	MGEF	MAG_PerkCombustionFFActor	FULL	0	Combustion	燃燒	Adamant 5.9.2 CHT exact FormKey seed
00000409	AB39A2:Adamant.esp	MGEF	MAG_PerkCombustionFFActor	DNAM	0			Adamant 5.9.2 CHT exact FormKey seed
0000040A	AB39A4:Adamant.esp	MGEF	MAG_PerkCombustionFFActorDummy	FULL	0	Combustion	燃燒	Adamant 5.9.2 CHT exact FormKey seed
0000040B	AB39A4:Adamant.esp	MGEF	MAG_PerkCombustionFFActorDummy	DNAM	0			Adamant 5.9.2 CHT exact FormKey seed
0000040C	AB39A6:Adamant.esp	MGEF	MAG_PerkCombustionFFActorDualCast	FULL	0	Combustion	燃燒	Adamant 5.9.2 CHT exact FormKey seed
0000040D	AB39A6:Adamant.esp	MGEF	MAG_PerkCombustionFFActorDualCast	DNAM	0			Adamant 5.9.2 CHT exact FormKey seed
0000040E	AB39A8:Adamant.esp	MGEF	MAG_PerkWildfireFFActorDualCast	FULL	0	Wildfire	野火	Adamant 5.9.2 CHT exact FormKey seed
0000040F	AB39A8:Adamant.esp	MGEF	MAG_PerkWildfireFFActorDualCast	DNAM	0			Adamant 5.9.2 CHT exact FormKey seed
00000410	AB39A9:Adamant.esp	MGEF	MAG_PerkWildfireFFActorDualCastAlt	FULL	0	Wildfire	野火	Adamant 5.9.2 CHT exact FormKey seed
00000411	AB39A9:Adamant.esp	MGEF	MAG_PerkWildfireFFActorDualCastAlt	DNAM	0			Adamant 5.9.2 CHT exact FormKey seed
00000412	ABDBAD:Adamant.esp	MGEF	MAG_PerkCombustionConcAimedAlt	FULL	0	Combustion	燃燒	Adamant 5.9.2 CHT exact FormKey seed
00000413	ABDBAD:Adamant.esp	MGEF	MAG_PerkCombustionConcAimedAlt	DNAM	0			Adamant 5.9.2 CHT exact FormKey seed
00000414	ABDBB3:Adamant.esp	MGEF	MAG_PerkPowerSurgeConcAimedAlt	FULL	0	Power Surge	能量湧動	Adamant 5.9.2 CHT exact FormKey seed
00000415	ABDBB3:Adamant.esp	MGEF	MAG_PerkPowerSurgeConcAimedAlt	DNAM	0			Adamant 5.9.2 CHT exact FormKey seed
00000416	ABDBB5:Adamant.esp	MGEF	MAG_PerkImpactFFContactRune	FULL	0	Perk Impact Stagger	Perk Impact Stagger	Adamant 5.9.2 CHT exact FormKey seed
00000417	ABDBB5:Adamant.esp	MGEF	MAG_PerkImpactFFContactRune	DNAM	0			Adamant 5.9.2 CHT exact FormKey seed
00000418	AC2CB9:Adamant.esp	MGEF	MAG_RuneFFContactDummy	FULL	0	Rune Contact	符文之觸	Adamant 5.9.2 CHT exact FormKey seed
00000419	AC2CB9:Adamant.esp	MGEF	MAG_RuneFFContactDummy	DNAM	0			Adamant 5.9.2 CHT exact FormKey seed
0000041A	AC2CBA:Adamant.esp	MGEF	MAG_PerkFirebrandFFContactAlt	FULL	0	Firebrand	烈焰印記	Adamant 5.9.2 CHT exact FormKey seed
0000041B	AC2CBA:Adamant.esp	MGEF	MAG_PerkFirebrandFFContactAlt	DNAM	0			Adamant 5.9.2 CHT exact FormKey seed
0000041C	AC2CBB:Adamant.esp	MGEF	MAG_PerkCombustionFFContactAlt	FULL	0	Combustion	燃燒	Adamant 5.9.2 CHT exact FormKey seed
0000041D	AC2CBB:Adamant.esp	MGEF	MAG_PerkCombustionFFContactAlt	DNAM	0			Adamant 5.9.2 CHT exact FormKey seed
0000041E	AC2CBE:Adamant.esp	MGEF	MAG_PerkCombustionFFContactDualCastAlt	FULL	0	Combustion	燃燒	Adamant 5.9.2 CHT exact FormKey seed
0000041F	AC2CBE:Adamant.esp	MGEF	MAG_PerkCombustionFFContactDualCastAlt	DNAM	0			Adamant 5.9.2 CHT exact FormKey seed
00000420	AC2CBF:Adamant.esp	MGEF	MAG_PerkWildfireFFContact	FULL	0	Wildfire	野火	Adamant 5.9.2 CHT exact FormKey seed
00000421	AC2CBF:Adamant.esp	MGEF	MAG_PerkWildfireFFContact	DNAM	0			Adamant 5.9.2 CHT exact FormKey seed
00000422	AC7DBF:Adamant.esp	MGEF	MAG_PerkUnstableCurrentFFContact	FULL	0	Unstable Current	不穩定電流	Adamant 5.9.2 CHT exact FormKey seed
00000423	AC7DBF:Adamant.esp	MGEF	MAG_PerkUnstableCurrentFFContact	DNAM	0			Adamant 5.9.2 CHT exact FormKey seed
00000424	AC7DC1:Adamant.esp	MGEF	MAG_PerkPowerSurgeFFHazardContact	FULL	0	Power Surge	能量湧動	Adamant 5.9.2 CHT exact FormKey seed
00000425	AC7DC1:Adamant.esp	MGEF	MAG_PerkPowerSurgeFFHazardContact	DNAM	0			Adamant 5.9.2 CHT exact FormKey seed
00000426	AE12D4:Adamant.esp	MGEF	MAG_PerkKnockdownBlowFFContact	FULL	0	Kmockdown Blow	失衡打擊	Adamant 5.9.2 CHT exact FormKey seed
00000427	AE12D4:Adamant.esp	MGEF	MAG_PerkKnockdownBlowFFContact	DNAM	0			Adamant 5.9.2 CHT exact FormKey seed
00000428	AFA7DF:Adamant.esp	MGEF	MAG_PerkSerenityConcAimedCloak	FULL	0	Serenity	寧謐之靈	Adamant 5.9.2 CHT exact FormKey seed
00000429	AFA7DF:Adamant.esp	MGEF	MAG_PerkSerenityConcAimedCloak	DNAM	0			Adamant 5.9.2 CHT exact FormKey seed
0000042A	AFA7E0:Adamant.esp	MGEF	MAG_PerkSerenityCloakEffect	FULL	0	Serenity	寧謐之靈	Adamant 5.9.2 CHT exact FormKey seed
0000042B	AFA7E0:Adamant.esp	MGEF	MAG_PerkSerenityCloakEffect	DNAM	0			Adamant 5.9.2 CHT exact FormKey seed
0000042C	B466EE:Adamant.esp	MGEF	MAG_PerkFirebrandConcAimedAlt90	FULL	0	Firebrand	烈焰印記	Adamant 5.9.2 CHT exact FormKey seed
0000042D	B466EE:Adamant.esp	MGEF	MAG_PerkFirebrandConcAimedAlt90	DNAM	0			Adamant 5.9.2 CHT exact FormKey seed
0000042E	B5AB07:Adamant.esp	MGEF	MAG_PerkPowerLightConcAimed90	FULL	0	Power of the Light	聖光之力	Adamant 5.9.2 CHT exact FormKey seed
0000042F	B5AB07:Adamant.esp	MGEF	MAG_PerkPowerLightConcAimed90	DNAM	0			Adamant 5.9.2 CHT exact FormKey seed
00000430	B5AB08:Adamant.esp	MGEF	MAG_PerkDivineGloryConcAimedCloak100	FULL	0	Stendarr's Aura	斯丹達爾聖域術	Adamant 5.9.2 CHT exact FormKey seed
00000431	B5AB08:Adamant.esp	MGEF	MAG_PerkDivineGloryConcAimedCloak100	DNAM	0			Adamant 5.9.2 CHT exact FormKey seed
00000432	B5AB09:Adamant.esp	MGEF	MAG_PerkPowerLightFFAimed90	FULL	0	Power of the Light	聖光之力	Adamant 5.9.2 CHT exact FormKey seed
00000433	B5AB09:Adamant.esp	MGEF	MAG_PerkPowerLightFFAimed90	DNAM	0			Adamant 5.9.2 CHT exact FormKey seed
00000434	B5FC0C:Adamant.esp	MGEF	MAG_PerkFlourishEffect	FULL	0	Flourish	華麗連擊	Adamant 5.9.2 CHT exact FormKey seed
00000435	B5FC0C:Adamant.esp	MGEF	MAG_PerkFlourishEffect	DNAM	0			Adamant 5.9.2 CHT exact FormKey seed
00000436	B79126:Adamant.esp	MGEF	MAG_abCultistNocturnalEtherealizeEffect	FULL	0	Shadow Hide You	暗影匿藏	Adamant 5.9.2 CHT exact FormKey seed
00000437	B79126:Adamant.esp	MGEF	MAG_abCultistNocturnalEtherealizeEffect	DNAM	0			Adamant 5.9.2 CHT exact FormKey seed
00000438	B79128:Adamant.esp	MGEF	MAG_abCultistNocturnalEffect	FULL	0	Shadow Hide You	暗影匿藏	Adamant 5.9.2 CHT exact FormKey seed
00000439	B79128:Adamant.esp	MGEF	MAG_abCultistNocturnalEffect	DNAM	0	You take <50>% increased damage from all sources, but once every <10> seconds, you can sneak while in combat to become ethereal for <5> seconds. 	所有受到的傷害提高<50>%，但每過<10>秒，你可以在戰鬥中潛行一次，在<5>秒內虛體化。	Adamant 5.9.2 CHT exact FormKey seed
0000043A	B7E22E:Adamant.esp	MGEF	MAG_abPilgrimAurielEffect	FULL	0	Bathed in Light	光之洗禮	Adamant 5.9.2 CHT exact FormKey seed
0000043B	B7E22E:Adamant.esp	MGEF	MAG_abPilgrimAurielEffect	DNAM	0	Sun spells and enchantments deal damage to the living, Daedra, and automatons. 	太陽法術及其附魔對活體生物，魔族，以及自動機械造成傷害。	Adamant 5.9.2 CHT exact FormKey seed
0000043C	B7E230:Adamant.esp	MGEF	MAG_abPilgrimAurielEffectDummy	FULL	0	Bathed in Light	光之洗禮	Adamant 5.9.2 CHT exact FormKey seed
0000043D	B7E230:Adamant.esp	MGEF	MAG_abPilgrimAurielEffectDummy	DNAM	0			Adamant 5.9.2 CHT exact FormKey seed
0000043E	B7E235:Adamant.esp	MGEF	MAG_PerkDivineGloryFFAimedArea100	FULL	0	Vampire's Bane	淨邪術	Adamant 5.9.2 CHT exact FormKey seed
0000043F	B7E235:Adamant.esp	MGEF	MAG_PerkDivineGloryFFAimedArea100	DNAM	0			Adamant 5.9.2 CHT exact FormKey seed
00000440	B7E236:Adamant.esp	MGEF	MAG_PerkPowerLightFFContact100	FULL	0	Power of the Light	聖光之力	Adamant 5.9.2 CHT exact FormKey seed
00000441	B7E236:Adamant.esp	MGEF	MAG_PerkPowerLightFFContact100	DNAM	0			Adamant 5.9.2 CHT exact FormKey seed
00000442	B7E237:Adamant.esp	MGEF	MAG_PerkPowerLightFFSelfArea100	FULL	0	Power of the Light	聖光之力	Adamant 5.9.2 CHT exact FormKey seed
00000443	B7E237:Adamant.esp	MGEF	MAG_PerkPowerLightFFSelfArea100	DNAM	0			Adamant 5.9.2 CHT exact FormKey seed
00000444	B7E238:Adamant.esp	MGEF	MAG_PerkDivineGloryFFTouch100	FULL	0	Sunlight Touch	日光之觸	Adamant 5.9.2 CHT exact FormKey seed
00000445	B7E238:Adamant.esp	MGEF	MAG_PerkDivineGloryFFTouch100	DNAM	0			Adamant 5.9.2 CHT exact FormKey seed
00000446	B7E239:Adamant.esp	MGEF	MAG_abPilgrimAkatoshEffectMagicka	FULL	0	Jaws of Akatosh	阿卡托什之噬	Adamant 5.9.2 CHT exact FormKey seed
00000447	B7E239:Adamant.esp	MGEF	MAG_abPilgrimAkatoshEffectMagicka	DNAM	0			Adamant 5.9.2 CHT exact FormKey seed
00000448	B7E23A:Adamant.esp	MGEF	MAG_abPilgrimAkatoshEffectStamina	FULL	0	Jaws of Akatosh	阿卡托什之噬	Adamant 5.9.2 CHT exact FormKey seed
00000449	B7E23A:Adamant.esp	MGEF	MAG_abPilgrimAkatoshEffectStamina	DNAM	0			Adamant 5.9.2 CHT exact FormKey seed
0000044A	B7E23C:Adamant.esp	MGEF	MAG_abCultistBoethiahEffect	FULL	0	The Dark Warrior's Gauntlet	黑暗戰士的挑戰	Adamant 5.9.2 CHT exact FormKey seed
0000044B	B7E23C:Adamant.esp	MGEF	MAG_abCultistBoethiahEffect	DNAM	0	You reduce the Armor Rating of all nearby enemies by <150>, but your own Armor Rating is reduced by <300>.	你將附近敵人的護具防禦力減少<150>點，但自身護具防禦力會減少<300>點。	Adamant 5.9.2 CHT exact FormKey seed
0000044C	B7E23E:Adamant.esp	MGEF	MAG_abCultistBoethiahConcAimedCloak	FULL	0	The Dark Warrior's Gauntlet	黑暗戰士的挑戰	Adamant 5.9.2 CHT exact FormKey seed
0000044D	B7E23E:Adamant.esp	MGEF	MAG_abCultistBoethiahConcAimedCloak	DNAM	0			Adamant 5.9.2 CHT exact FormKey seed
0000044E	B7E240:Adamant.esp	MGEF	MAG_abCultistBoethiahCloakEffect	FULL	0	The Dark Warrior's Gauntlet	黑暗戰士的挑戰	Adamant 5.9.2 CHT exact FormKey seed
0000044F	B7E240:Adamant.esp	MGEF	MAG_abCultistBoethiahCloakEffect	DNAM	0			Adamant 5.9.2 CHT exact FormKey seed
00000450	B7E245:Adamant.esp	MGEF	MAG_abCultistBoethiahEffectArmor	FULL	0	The Dark Warrior's Gauntlet	黑暗戰士的挑戰	Adamant 5.9.2 CHT exact FormKey seed
00000451	B7E245:Adamant.esp	MGEF	MAG_abCultistBoethiahEffectArmor	DNAM	0			Adamant 5.9.2 CHT exact FormKey seed
00000452	B7E247:Adamant.esp	MGEF	MAG_abCultistMephalaEffect	FULL	0	The Eight Shadows of Murder	八道謀殺陰影	Adamant 5.9.2 CHT exact FormKey seed
00000453	B7E247:Adamant.esp	MGEF	MAG_abCultistMephalaEffect	DNAM	0	You deal <50>% extra damage to enemies who fall below half Health, but you take double damage when you fall below half Health. 	你對生命低於一半的敵人造成<50>%的額外傷害，但自身生命一半以下時受到雙倍傷害。	Adamant 5.9.2 CHT exact FormKey seed
00000454	B7E24C:Adamant.esp	MGEF	MAG_abCultistAzuraEffect	FULL	0	Dawn and Dusk	黎明與黃昏	Adamant 5.9.2 CHT exact FormKey seed
00000455	B7E24C:Adamant.esp	MGEF	MAG_abCultistAzuraEffect	DNAM	0	Your weapon enchantments are twice as strong, but cost five times as much.	你武器的附魔效果變成兩倍，但消耗能量的速度是原來的五倍。	Adamant 5.9.2 CHT exact FormKey seed
00000456	B7E24E:Adamant.esp	MGEF	MAG_PerkHiddenThreatCooldownEffect	FULL	0	Hidden Threat Cooldown	潛在威脅冷卻	Adamant 5.9.2 CHT exact FormKey seed
00000457	B7E24E:Adamant.esp	MGEF	MAG_PerkHiddenThreatCooldownEffect	DNAM	0			Adamant 5.9.2 CHT exact FormKey seed
00000458	B83350:Adamant.esp	MGEF	MAG_abCultistNocturnalCooldownEffect	FULL	0	Shadow Hide You Cooldown	暗影匿藏冷卻	Adamant 5.9.2 CHT exact FormKey seed
00000459	B83350:Adamant.esp	MGEF	MAG_abCultistNocturnalCooldownEffect	DNAM	0			Adamant 5.9.2 CHT exact FormKey seed
0000045A	B83351:Adamant.esp	MGEF	MAG_PerkHiddenThreatEtherealizeFFContact	FULL	0	Hidden Threat Etherealize	潛在威脅虛體化	Adamant 5.9.2 CHT exact FormKey seed
0000045B	B83351:Adamant.esp	MGEF	MAG_PerkHiddenThreatEtherealizeFFContact	DNAM	0			Adamant 5.9.2 CHT exact FormKey seed
0000045C	B83352:Adamant.esp	MGEF	MAG_PerkInfiltratorCarryWeightDummy	FULL	0	Carry Weight	負重	Adamant 5.9.2 CHT exact FormKey seed
0000045D	B83352:Adamant.esp	MGEF	MAG_PerkInfiltratorCarryWeightDummy	DNAM	0			Adamant 5.9.2 CHT exact FormKey seed
0000045E	BB5D9A:Adamant.esp	MGEF	MAG_abPilgrimKynarethEffectDummy	FULL	0	Way of Kynareth	凱娜瑞斯之道	Adamant 5.9.2 CHT exact FormKey seed
0000045F	BB5D9A:Adamant.esp	MGEF	MAG_abPilgrimKynarethEffectDummy	DNAM	0			Adamant 5.9.2 CHT exact FormKey seed
00000460	C01CA8:Adamant.esp	MGEF	MAG_IntimidationControllerEffect	FULL	0	Intimidation Controller	Intimidation Controller	Adamant 5.9.2 CHT exact FormKey seed
00000461	C01CA8:Adamant.esp	MGEF	MAG_IntimidationControllerEffect	DNAM	0			Adamant 5.9.2 CHT exact FormKey seed
00000462	C01CA9:Adamant.esp	MGEF	MAG_BriberyControllerEffect	FULL	0	Bribery Controller	Bribery Controller	Adamant 5.9.2 CHT exact FormKey seed
00000463	C01CA9:Adamant.esp	MGEF	MAG_BriberyControllerEffect	DNAM	0			Adamant 5.9.2 CHT exact FormKey seed
00000464	C3E8B0:Adamant.esp	MGEF	MAG_PerkUndeadServantEffect	FULL	0	Undead Servant	亡靈僕從	Adamant 5.9.2 CHT exact FormKey seed
00000465	C3E8B0:Adamant.esp	MGEF	MAG_PerkUndeadServantEffect	DNAM	0			Adamant 5.9.2 CHT exact FormKey seed
00000466	CB2FBE:Adamant.esp	MGEF	MAG_BoundGreatswordMysticFFSelf80	FULL	0	Bound Greatsword	巨劍塑形術	Adamant 5.9.2 CHT exact FormKey seed
00000467	CB2FBE:Adamant.esp	MGEF	MAG_BoundGreatswordMysticFFSelf80	DNAM	0			Adamant 5.9.2 CHT exact FormKey seed
00000468	CD15C0:Adamant.esp	MGEF	MAG_PerkResolveFFSelfArea	FULL	0	Resolve 50	Resolve 50	Adamant 5.9.2 CHT exact FormKey seed
00000469	CD15C0:Adamant.esp	MGEF	MAG_PerkResolveFFSelfArea	DNAM	0			Adamant 5.9.2 CHT exact FormKey seed
0000046A	D132C2:Adamant.esp	MGEF	MAG_PerkResolveConcSelfStamina	FULL	0	Resolve	決心	Adamant 5.9.2 CHT exact FormKey seed
0000046B	D132C2:Adamant.esp	MGEF	MAG_PerkResolveConcSelfStamina	DNAM	0			Adamant 5.9.2 CHT exact FormKey seed
0000046C	D132C3:Adamant.esp	MGEF	MAG_PerkResolveConcSelfAreaStamina	FULL	0	Resolve	決心	Adamant 5.9.2 CHT exact FormKey seed
0000046D	D132C3:Adamant.esp	MGEF	MAG_PerkResolveConcSelfAreaStamina	DNAM	0			Adamant 5.9.2 CHT exact FormKey seed
0000046E	D132C4:Adamant.esp	MGEF	MAG_PerkResolveConcSelfArea	FULL	0	Resolve	決心	Adamant 5.9.2 CHT exact FormKey seed
0000046F	D132C4:Adamant.esp	MGEF	MAG_PerkResolveConcSelfArea	DNAM	0			Adamant 5.9.2 CHT exact FormKey seed
00000470	D1D4C6:Adamant.esp	MGEF	MAG_PerkResolveCircleFFSelf	FULL	0	Resolve	決心	Adamant 5.9.2 CHT exact FormKey seed
00000471	D1D4C6:Adamant.esp	MGEF	MAG_PerkResolveCircleFFSelf	DNAM	0			Adamant 5.9.2 CHT exact FormKey seed
00000472	D1D4C7:Adamant.esp	MGEF	MAG_PerkResolveCircleFFSelfArea	FULL	0	Resolve	決心	Adamant 5.9.2 CHT exact FormKey seed
00000473	D1D4C7:Adamant.esp	MGEF	MAG_PerkResolveCircleFFSelfArea	DNAM	0			Adamant 5.9.2 CHT exact FormKey seed
00000474	D1D4C8:Adamant.esp	MGEF	MAG_PerkScourgeFFAimed80	FULL	0	Scourge	災禍之毒	Adamant 5.9.2 CHT exact FormKey seed
00000475	D1D4C8:Adamant.esp	MGEF	MAG_PerkScourgeFFAimed80	DNAM	0			Adamant 5.9.2 CHT exact FormKey seed
00000476	D1D4C9:Adamant.esp	MGEF	MAG_PerkScourgeFFAimed100	FULL	0	Scourge	災禍之毒	Adamant 5.9.2 CHT exact FormKey seed
00000477	D1D4C9:Adamant.esp	MGEF	MAG_PerkScourgeFFAimed100	DNAM	0			Adamant 5.9.2 CHT exact FormKey seed
00000478	D1D4CB:Adamant.esp	MGEF	MAG_PerkMephalaCultistFFAimed01	FULL	0	Cultist of Mephala	梅法拉的信徒	Adamant 5.9.2 CHT exact FormKey seed
00000479	D1D4CB:Adamant.esp	MGEF	MAG_PerkMephalaCultistFFAimed01	DNAM	0			Adamant 5.9.2 CHT exact FormKey seed
0000047A	D1D4CC:Adamant.esp	MGEF	MAG_PerkMephalaCultistFFAimed02	FULL	0	Cultist of Mephala	梅法拉的信徒	Adamant 5.9.2 CHT exact FormKey seed
0000047B	D1D4CC:Adamant.esp	MGEF	MAG_PerkMephalaCultistFFAimed02	DNAM	0			Adamant 5.9.2 CHT exact FormKey seed
0000047C	D1D4CD:Adamant.esp	MGEF	MAG_PerkMephalaCultistFFAimed03	FULL	0	Cultist of Mephala	梅法拉的信徒	Adamant 5.9.2 CHT exact FormKey seed
0000047D	D1D4CD:Adamant.esp	MGEF	MAG_PerkMephalaCultistFFAimed03	DNAM	0			Adamant 5.9.2 CHT exact FormKey seed
0000047E	D1D4CE:Adamant.esp	MGEF	MAG_PerkScourgeFFSelf80	FULL	0	Scourge	災禍之毒	Adamant 5.9.2 CHT exact FormKey seed
0000047F	D1D4CE:Adamant.esp	MGEF	MAG_PerkScourgeFFSelf80	DNAM	0			Adamant 5.9.2 CHT exact FormKey seed
00000480	D1D4CF:Adamant.esp	MGEF	MAG_PerkScourgeFFSelf100	FULL	0	Scourge	災禍之毒	Adamant 5.9.2 CHT exact FormKey seed
00000481	D1D4CF:Adamant.esp	MGEF	MAG_PerkScourgeFFSelf100	DNAM	0			Adamant 5.9.2 CHT exact FormKey seed
00000482	D1D4D0:Adamant.esp	MGEF	MAG_PerkMephalaCultistFFSelf01	FULL	0	Cultist of Mephala	梅法拉的信徒	Adamant 5.9.2 CHT exact FormKey seed
00000483	D1D4D0:Adamant.esp	MGEF	MAG_PerkMephalaCultistFFSelf01	DNAM	0			Adamant 5.9.2 CHT exact FormKey seed
00000484	D1D4D1:Adamant.esp	MGEF	MAG_PerkMephalaCultistFFSelf02	FULL	0	Cultist of Mephala	梅法拉的信徒	Adamant 5.9.2 CHT exact FormKey seed
00000485	D1D4D1:Adamant.esp	MGEF	MAG_PerkMephalaCultistFFSelf02	DNAM	0			Adamant 5.9.2 CHT exact FormKey seed
00000486	D1D4D2:Adamant.esp	MGEF	MAG_PerkMephalaCultistFFSelf03	FULL	0	Cultist of Mephala	梅法拉的信徒	Adamant 5.9.2 CHT exact FormKey seed
00000487	D1D4D2:Adamant.esp	MGEF	MAG_PerkMephalaCultistFFSelf03	DNAM	0			Adamant 5.9.2 CHT exact FormKey seed
00000488	D1D4D3:Adamant.esp	MGEF	MAG_PerkScourgeConcAimed80	FULL	0	Scourge	災禍之毒	Adamant 5.9.2 CHT exact FormKey seed
00000489	D1D4D3:Adamant.esp	MGEF	MAG_PerkScourgeConcAimed80	DNAM	0			Adamant 5.9.2 CHT exact FormKey seed
0000048A	D1D4D4:Adamant.esp	MGEF	MAG_PerkScourgeConcAimed100	FULL	0	Scourge	災禍之毒	Adamant 5.9.2 CHT exact FormKey seed
0000048B	D1D4D4:Adamant.esp	MGEF	MAG_PerkScourgeConcAimed100	DNAM	0			Adamant 5.9.2 CHT exact FormKey seed
0000048C	D1D4D5:Adamant.esp	MGEF	MAG_PerkMephalaCultistConcAimed01	FULL	0	Cultist of Mephala	梅法拉的信徒	Adamant 5.9.2 CHT exact FormKey seed
0000048D	D1D4D5:Adamant.esp	MGEF	MAG_PerkMephalaCultistConcAimed01	DNAM	0			Adamant 5.9.2 CHT exact FormKey seed
0000048E	D1D4D6:Adamant.esp	MGEF	MAG_PerkMephalaCultistConcAimed02	FULL	0	Cultist of Mephala	梅法拉的信徒	Adamant 5.9.2 CHT exact FormKey seed
0000048F	D1D4D6:Adamant.esp	MGEF	MAG_PerkMephalaCultistConcAimed02	DNAM	0			Adamant 5.9.2 CHT exact FormKey seed
00000490	D1D4D7:Adamant.esp	MGEF	MAG_PerkMephalaCultistConcAimed03	FULL	0	Cultist of Mephala	梅法拉的信徒	Adamant 5.9.2 CHT exact FormKey seed
00000491	D1D4D7:Adamant.esp	MGEF	MAG_PerkMephalaCultistConcAimed03	DNAM	0			Adamant 5.9.2 CHT exact FormKey seed
00000492	D1D4D8:Adamant.esp	MGEF	MAG_PerkMephalaCultistConcAimedCloak03	FULL	0	Cultist of Mephala	梅法拉的信徒	Adamant 5.9.2 CHT exact FormKey seed
00000493	D1D4D8:Adamant.esp	MGEF	MAG_PerkMephalaCultistConcAimedCloak03	DNAM	0			Adamant 5.9.2 CHT exact FormKey seed
00000494	D1D4D9:Adamant.esp	MGEF	MAG_PerkMephalaCultistConcAimedCloak02	FULL	0	Cultist of Mephala	梅法拉的信徒	Adamant 5.9.2 CHT exact FormKey seed
00000495	D1D4D9:Adamant.esp	MGEF	MAG_PerkMephalaCultistConcAimedCloak02	DNAM	0			Adamant 5.9.2 CHT exact FormKey seed
00000496	D1D4DA:Adamant.esp	MGEF	MAG_PerkMephalaCultistConcAimedCloak01	FULL	0	Cultist of Mephala	梅法拉的信徒	Adamant 5.9.2 CHT exact FormKey seed
00000497	D1D4DA:Adamant.esp	MGEF	MAG_PerkMephalaCultistConcAimedCloak01	DNAM	0			Adamant 5.9.2 CHT exact FormKey seed
00000498	D1D4DB:Adamant.esp	MGEF	MAG_PerkScourgeConcAimedCloak100	FULL	0	Scourge	災禍之毒	Adamant 5.9.2 CHT exact FormKey seed
00000499	D1D4DB:Adamant.esp	MGEF	MAG_PerkScourgeConcAimedCloak100	DNAM	0			Adamant 5.9.2 CHT exact FormKey seed
0000049A	D1D4DC:Adamant.esp	MGEF	MAG_PerkMephalaCultistFFContact03	FULL	0	Cultist of Mephala	梅法拉的信徒	Adamant 5.9.2 CHT exact FormKey seed
0000049B	D1D4DC:Adamant.esp	MGEF	MAG_PerkMephalaCultistFFContact03	DNAM	0			Adamant 5.9.2 CHT exact FormKey seed
0000049C	D1D4DD:Adamant.esp	MGEF	MAG_PerkScourgeConcAimedCloak80	FULL	0	Scourge	災禍之毒	Adamant 5.9.2 CHT exact FormKey seed
0000049D	D1D4DD:Adamant.esp	MGEF	MAG_PerkScourgeConcAimedCloak80	DNAM	0			Adamant 5.9.2 CHT exact FormKey seed
0000049E	D1D4DE:Adamant.esp	MGEF	MAG_PerkMephalaCultistFFContact02	FULL	0	Cultist of Mephala	梅法拉的信徒	Adamant 5.9.2 CHT exact FormKey seed
0000049F	D1D4DE:Adamant.esp	MGEF	MAG_PerkMephalaCultistFFContact02	DNAM	0			Adamant 5.9.2 CHT exact FormKey seed
000004A0	D1D4DF:Adamant.esp	MGEF	MAG_PerkMephalaCultistFFContact01	FULL	0	Cultist of Mephala	梅法拉的信徒	Adamant 5.9.2 CHT exact FormKey seed
000004A1	D1D4DF:Adamant.esp	MGEF	MAG_PerkMephalaCultistFFContact01	DNAM	0			Adamant 5.9.2 CHT exact FormKey seed
000004A2	D1D4E0:Adamant.esp	MGEF	MAG_PerkScourgeFFContact80	FULL	0	Scourge	災禍之毒	Adamant 5.9.2 CHT exact FormKey seed
000004A3	D1D4E0:Adamant.esp	MGEF	MAG_PerkScourgeFFContact80	DNAM	0			Adamant 5.9.2 CHT exact FormKey seed
000004A4	D1D4E1:Adamant.esp	MGEF	MAG_PerkScourgeFFContact100	FULL	0	Scourge	災禍之毒	Adamant 5.9.2 CHT exact FormKey seed
000004A5	D1D4E1:Adamant.esp	MGEF	MAG_PerkScourgeFFContact100	DNAM	0			Adamant 5.9.2 CHT exact FormKey seed
000004A6	D2C7FB:Adamant.esp	MGEF	MAG_BoundDaggerMysticFFSelf80	FULL	0	Bound Dagger	匕首塑形術	Adamant 5.9.2 CHT exact FormKey seed
000004A7	D2C7FB:Adamant.esp	MGEF	MAG_BoundDaggerMysticFFSelf80	DNAM	0			Adamant 5.9.2 CHT exact FormKey seed
000004A8	D2C7FC:Adamant.esp	MGEF	MAG_BoundSwordMysticFFSelf80	FULL	0	Bound Sword	長劍塑形術	Adamant 5.9.2 CHT exact FormKey seed
000004A9	D2C7FC:Adamant.esp	MGEF	MAG_BoundSwordMysticFFSelf80	DNAM	0			Adamant 5.9.2 CHT exact FormKey seed
000004AA	D2C7FD:Adamant.esp	MGEF	MAG_BoundWarAxeMysticFFSelf80	FULL	0	Bound War Axe	戰斧塑形術	Adamant 5.9.2 CHT exact FormKey seed
000004AB	D2C7FD:Adamant.esp	MGEF	MAG_BoundWarAxeMysticFFSelf80	DNAM	0			Adamant 5.9.2 CHT exact FormKey seed
000004AC	D2C7FE:Adamant.esp	MGEF	MAG_BoundMaceMysticFFSelf80	FULL	0	Bound Mace	釘槌塑形術	Adamant 5.9.2 CHT exact FormKey seed
000004AD	D2C7FE:Adamant.esp	MGEF	MAG_BoundMaceMysticFFSelf80	DNAM	0			Adamant 5.9.2 CHT exact FormKey seed
000004AE	D2C7FF:Adamant.esp	MGEF	MAG_BoundBattleAxeMysticFFSelf80	FULL	0	Bound Battleaxe	巨斧塑形術	Adamant 5.9.2 CHT exact FormKey seed
000004AF	D2C7FF:Adamant.esp	MGEF	MAG_BoundBattleAxeMysticFFSelf80	DNAM	0			Adamant 5.9.2 CHT exact FormKey seed
000004B0	D2C800:Adamant.esp	MGEF	MAG_BoundWarhammerMysticFFSelf80	FULL	0	Bound Warhammer	戰錘塑形術	Adamant 5.9.2 CHT exact FormKey seed
000004B1	D2C800:Adamant.esp	MGEF	MAG_BoundWarhammerMysticFFSelf80	DNAM	0			Adamant 5.9.2 CHT exact FormKey seed
000004B2	D2C801:Adamant.esp	MGEF	MAG_BoundBowMysticFFSelf80	FULL	0	Bound Bow	戰弓塑形術	Adamant 5.9.2 CHT exact FormKey seed
000004B3	D2C801:Adamant.esp	MGEF	MAG_BoundBowMysticFFSelf80	DNAM	0			Adamant 5.9.2 CHT exact FormKey seed
000004B4	D36A02:Adamant.esp	MGEF	MAG_PerkBurningLightFFAimed	FULL	0	Burning Light	熾焰光芒	Adamant 5.9.2 CHT exact FormKey seed
000004B5	D36A02:Adamant.esp	MGEF	MAG_PerkBurningLightFFAimed	DNAM	0			Adamant 5.9.2 CHT exact FormKey seed
000004B6	D36A03:Adamant.esp	MGEF	MAG_PerkBurningLightFFSelf	FULL	0	Burning Light	熾焰光芒	Adamant 5.9.2 CHT exact FormKey seed
000004B7	D36A03:Adamant.esp	MGEF	MAG_PerkBurningLightFFSelf	DNAM	0			Adamant 5.9.2 CHT exact FormKey seed
000004B8	D36A04:Adamant.esp	MGEF	MAG_PerkBurningLightFFContact	FULL	0	Burning Light	熾焰光芒	Adamant 5.9.2 CHT exact FormKey seed
000004B9	D36A04:Adamant.esp	MGEF	MAG_PerkBurningLightFFContact	DNAM	0			Adamant 5.9.2 CHT exact FormKey seed
000004BA	DAB112:Adamant.esp	MGEF	MAG_PerkArmorofShadowsConcCloak30Magic	FULL	0	Armor of Shadows	影紋盔甲	Adamant 5.9.2 CHT exact FormKey seed
000004BB	DAB112:Adamant.esp	MGEF	MAG_PerkArmorofShadowsConcCloak30Magic	DNAM	0			Adamant 5.9.2 CHT exact FormKey seed
000004BC	DAB113:Adamant.esp	MGEF	MAG_PerkArmorofShadowsConcCloak80Magic	FULL	0	Armor of Shadows	影紋盔甲	Adamant 5.9.2 CHT exact FormKey seed
000004BD	DAB113:Adamant.esp	MGEF	MAG_PerkArmorofShadowsConcCloak80Magic	DNAM	0			Adamant 5.9.2 CHT exact FormKey seed
000004BE	DB5314:Adamant.esp	MGEF	MAG_PerkDeterminationEffect01	FULL	0	Determination	堅定不移	Adamant 5.9.2 CHT exact FormKey seed
000004BF	DB5314:Adamant.esp	MGEF	MAG_PerkDeterminationEffect01	DNAM	0			Adamant 5.9.2 CHT exact FormKey seed
000004C0	DB5316:Adamant.esp	MGEF	MAG_BlockStaggerFFSelf	FULL	0	Stagger	失衡	Adamant 5.9.2 CHT exact FormKey seed
000004C1	DB5316:Adamant.esp	MGEF	MAG_BlockStaggerFFSelf	DNAM	0			Adamant 5.9.2 CHT exact FormKey seed
000004C2	DB5318:Adamant.esp	MGEF	MAG_BlockStaggerFFSelfCooldown	FULL	0	Stagger Cooldown	失衡冷卻	Adamant 5.9.2 CHT exact FormKey seed
000004C3	DB5318:Adamant.esp	MGEF	MAG_BlockStaggerFFSelfCooldown	DNAM	0			Adamant 5.9.2 CHT exact FormKey seed
000004C4	DCE823:Adamant.esp	MGEF	MAG_PerkPowerShotEffect01	FULL	0	Stagger	失衡	Adamant 5.9.2 CHT exact FormKey seed
000004C5	DCE823:Adamant.esp	MGEF	MAG_PerkPowerShotEffect01	DNAM	0			Adamant 5.9.2 CHT exact FormKey seed
000004C6	DCE825:Adamant.esp	MGEF	MAG_BowStaggerFFSelfCooldown	FULL	0	Stagger Cooldown	失衡冷卻	Adamant 5.9.2 CHT exact FormKey seed
000004C7	DCE825:Adamant.esp	MGEF	MAG_BowStaggerFFSelfCooldown	DNAM	0			Adamant 5.9.2 CHT exact FormKey seed
000004C8	DCE82A:Adamant.esp	MGEF	MAG_SpellStaggerFFSelfCooldown	FULL	0	Stagger Cooldown	失衡冷卻	Adamant 5.9.2 CHT exact FormKey seed
000004C9	DCE82A:Adamant.esp	MGEF	MAG_SpellStaggerFFSelfCooldown	DNAM	0			Adamant 5.9.2 CHT exact FormKey seed
000004CA	DCE82C:Adamant.esp	MGEF	MAG_PerkImpactStaggerSpellEffect01	FULL	0	Stagger	失衡	Adamant 5.9.2 CHT exact FormKey seed
000004CB	DCE82C:Adamant.esp	MGEF	MAG_PerkImpactStaggerSpellEffect01	DNAM	0			Adamant 5.9.2 CHT exact FormKey seed
000004CC	DF1F31:Adamant.esp	MGEF	MAG_DualCastControllerEffect	FULL	0	Dual Cast Controller	Dual Cast Controller	Adamant 5.9.2 CHT exact FormKey seed
000004CD	DF1F31:Adamant.esp	MGEF	MAG_DualCastControllerEffect	DNAM	0			Adamant 5.9.2 CHT exact FormKey seed
000004CE	DF1F35:Adamant.esp	MGEF	MAG_AutoperkControllerEffect	FULL	0	Autoperk Controller	Autoperk Controller	Adamant 5.9.2 CHT exact FormKey seed
000004CF	DF1F35:Adamant.esp	MGEF	MAG_AutoperkControllerEffect	DNAM	0			Adamant 5.9.2 CHT exact FormKey seed
000004D0	DF7039:Adamant.esp	MGEF	MAG_EnchantingControllerEffect	FULL	0	Enchanting Controller	Enchanting Controller	Adamant 5.9.2 CHT exact FormKey seed
000004D1	DF7039:Adamant.esp	MGEF	MAG_EnchantingControllerEffect	DNAM	0			Adamant 5.9.2 CHT exact FormKey seed
000004D2	DFC13B:Adamant.esp	MGEF	MAG_PerkRenewalEffect	FULL	0	Restore Health	回復生命	Adamant 5.9.2 CHT exact FormKey seed
000004D3	DFC13B:Adamant.esp	MGEF	MAG_PerkRenewalEffect	DNAM	0			Adamant 5.9.2 CHT exact FormKey seed
000004D4	DFC13D:Adamant.esp	MGEF	MAG_PerkRenewalFFSelfCooldown	FULL	0	Restore Health	回復生命	Adamant 5.9.2 CHT exact FormKey seed
000004D5	DFC13D:Adamant.esp	MGEF	MAG_PerkRenewalFFSelfCooldown	DNAM	0			Adamant 5.9.2 CHT exact FormKey seed
000004D6	E0B43E:Adamant.esp	MGEF	MAG_SneakControllerEffect	FULL	0	Sneak Controller	Sneak Controller	Adamant 5.9.2 CHT exact FormKey seed
000004D7	E0B43E:Adamant.esp	MGEF	MAG_SneakControllerEffect	DNAM	0			Adamant 5.9.2 CHT exact FormKey seed
000004D8	E0B441:Adamant.esp	MGEF	MAG_AttackSpeedControllerEffect	FULL	0	Attack Speed Controller	Attack Speed Controller	Adamant 5.9.2 CHT exact FormKey seed
000004D9	E0B441:Adamant.esp	MGEF	MAG_AttackSpeedControllerEffect	DNAM	0			Adamant 5.9.2 CHT exact FormKey seed
000004DA	E1A741:Adamant.esp	MGEF	MAG_XPControllerEffect	FULL	0	XP Controller	XP Controller	Adamant 5.9.2 CHT exact FormKey seed
000004DB	E1A741:Adamant.esp	MGEF	MAG_XPControllerEffect	DNAM	0			Adamant 5.9.2 CHT exact FormKey seed
000004DC	E1A744:Adamant.esp	MGEF	MAG_LightArmorXPControllerEffect	FULL	0	Light Armor XP Controller	Light Armor XP Controller	Adamant 5.9.2 CHT exact FormKey seed
000004DD	E1A744:Adamant.esp	MGEF	MAG_LightArmorXPControllerEffect	DNAM	0			Adamant 5.9.2 CHT exact FormKey seed
000004DE	E1A747:Adamant.esp	MGEF	MAG_HeavyArmorXPControllerEffect	FULL	0	Heavy Armor XP Controller	Heavy Armor XP Controller	Adamant 5.9.2 CHT exact FormKey seed
000004DF	E1A747:Adamant.esp	MGEF	MAG_HeavyArmorXPControllerEffect	DNAM	0			Adamant 5.9.2 CHT exact FormKey seed
000004E0	E1A748:Adamant.esp	MGEF	MAG_ArmorXPCooldownControllerEffect	FULL	0	Armor XP Cooldown	Armor XP Cooldown	Adamant 5.9.2 CHT exact FormKey seed
000004E1	E1A748:Adamant.esp	MGEF	MAG_ArmorXPCooldownControllerEffect	DNAM	0			Adamant 5.9.2 CHT exact FormKey seed
000004E2	E93F4A:Adamant.esp	MGEF	MAG_PoisonRuneFFContactDummy	FULL	0	Poison Rune	毒害法印	Adamant 5.9.2 CHT exact FormKey seed
000004E3	E93F4A:Adamant.esp	MGEF	MAG_PoisonRuneFFContactDummy	DNAM	0			Adamant 5.9.2 CHT exact FormKey seed
000004E4	ED5C52:Adamant.esp	MGEF	MAG_BlockControllerEffect	FULL	0	Block Controller	Block Controller	Adamant 5.9.2 CHT exact FormKey seed
000004E5	ED5C52:Adamant.esp	MGEF	MAG_BlockControllerEffect	DNAM	0			Adamant 5.9.2 CHT exact FormKey seed
000004E6	EEF157:Adamant.esp	MGEF	MAG_DodgeRollControllerEffect	FULL	0	Dodge Roll Controller	Dodge Roll Controller	Adamant 5.9.2 CHT exact FormKey seed
000004E7	EEF157:Adamant.esp	MGEF	MAG_DodgeRollControllerEffect	DNAM	0			Adamant 5.9.2 CHT exact FormKey seed
000004E8	EEF15B:Adamant.esp	MGEF	MAG_DodgeRollFFSelfStamina	FULL	0	Dodge Roll	閃避翻滾	Adamant 5.9.2 CHT exact FormKey seed
000004E9	EEF15B:Adamant.esp	MGEF	MAG_DodgeRollFFSelfStamina	DNAM	0			Adamant 5.9.2 CHT exact FormKey seed
000004EA	EEF15D:Adamant.esp	MGEF	MAG_DodgeRollFFSelfEthereal	FULL	0	Dodge Roll	閃避翻滾	Adamant 5.9.2 CHT exact FormKey seed
000004EB	EEF15D:Adamant.esp	MGEF	MAG_DodgeRollFFSelfEthereal	DNAM	0			Adamant 5.9.2 CHT exact FormKey seed
000004EC	EF935E:Adamant.esp	MGEF	MAG_PerkLivingShadowFFContactArea	FULL	0	Living Shadow	生於暗影	Adamant 5.9.2 CHT exact FormKey seed
000004ED	EF935E:Adamant.esp	MGEF	MAG_PerkLivingShadowFFContactArea	DNAM	0			Adamant 5.9.2 CHT exact FormKey seed
000004EE	F03565:Adamant.esp	MGEF	MAG_DodgeRollFFSelfSneak	FULL	0	Dodge Roll	閃避翻滾	Adamant 5.9.2 CHT exact FormKey seed
000004EF	F03565:Adamant.esp	MGEF	MAG_DodgeRollFFSelfSneak	DNAM	0			Adamant 5.9.2 CHT exact FormKey seed
000004F0	F2BD69:Adamant.esp	MGEF	MAG_PerkPowerLightConcAimedCloak60	FULL	0	Power of the Light	聖光之力	Adamant 5.9.2 CHT exact FormKey seed
000004F1	F2BD69:Adamant.esp	MGEF	MAG_PerkPowerLightConcAimedCloak60	DNAM	0			Adamant 5.9.2 CHT exact FormKey seed
000004F2	F2BD6B:Adamant.esp	MGEF	MAG_PerkPowerLightConcAimedCloak90	FULL	0	Power of the Light	聖光之力	Adamant 5.9.2 CHT exact FormKey seed
000004F3	F2BD6B:Adamant.esp	MGEF	MAG_PerkPowerLightConcAimedCloak90	DNAM	0			Adamant 5.9.2 CHT exact FormKey seed
000004F4	F4A36C:Adamant.esp	MGEF	MAG_PerkChaosBindingFFContactFrost02	FULL	0	Frost Damage	寒霜傷害	Adamant 5.9.2 CHT exact FormKey seed
000004F5	F4A36C:Adamant.esp	MGEF	MAG_PerkChaosBindingFFContactFrost02	DNAM	0			Adamant 5.9.2 CHT exact FormKey seed
000004F6	F4A36D:Adamant.esp	MGEF	MAG_PerkSoulStrikeFFContact02	FULL	0	Soul Strike	靈魂打擊	Adamant 6.0.2 custom; Skyrim 8.20 terminology
000004F7	F4A36D:Adamant.esp	MGEF	MAG_PerkSoulStrikeFFContact02	DNAM	0			Adamant 5.9.2 CHT exact FormKey seed
000004F8	F4A36E:Adamant.esp	MGEF	MAG_PerkSoulStrikeFFContactPowerAttack02	FULL	0	Soul Strike	靈魂打擊	Adamant 6.0.2 custom; Skyrim 8.20 terminology
000004F9	F4A36E:Adamant.esp	MGEF	MAG_PerkSoulStrikeFFContactPowerAttack02	DNAM	0			Adamant 5.9.2 CHT exact FormKey seed
000004FA	F4A370:Adamant.esp	MGEF	MAG_PerkHauntingCurseFFContact02	FULL	0	Weakness to Magic	魔法易傷	Adamant 5.9.2 CHT exact FormKey seed
000004FB	F4A370:Adamant.esp	MGEF	MAG_PerkHauntingCurseFFContact02	DNAM	0			Adamant 5.9.2 CHT exact FormKey seed
000004FC	FBEA74:Adamant.esp	MGEF	MAG_PerkDeterminationEffect02	FULL	0	Determination	堅定不移	Adamant 5.9.2 CHT exact FormKey seed
000004FD	FBEA74:Adamant.esp	MGEF	MAG_PerkDeterminationEffect02	DNAM	0			Adamant 5.9.2 CHT exact FormKey seed
000004FE	D1D4EE:Adamant.esp	ENCH	MAG_RunePoisonExplosionEnch02DualCast	FULL	0	Poison Rune	毒害法印	Adamant 5.9.2 CHT exact FormKey seed
000004FF	029B52:Skyrim.esm	ENCH	MAG_ConjureFrostAtronachStaffEnch	FULL	0	Conjure Frost Atronach	寒霜屬靈召喚術	Adamant 5.9.2 CHT exact FormKey seed
00000500	029B53:Skyrim.esm	ENCH	MAG_RevenantStaffEnch	FULL	0	Revenant	屍儡驅使術	Adamant 5.9.2 CHT exact FormKey seed
00000501	029B56:Skyrim.esm	ENCH	MAG_DreadZombieStaffEnch	FULL	0	Dread Zombie	屍儡差遣術	Adamant 5.9.2 CHT exact FormKey seed
00000502	029B57:Skyrim.esm	ENCH	MAG_ConjureStormAtronachStaffEnch	FULL	0	Conjure Storm Atronach	風暴屬靈召喚術	Adamant 5.9.2 CHT exact FormKey seed
00000503	029B5B:Skyrim.esm	ENCH	MAG_FrostbiteStaffEnch	FULL	0	Frostbite	冰寒術	Adamant 5.9.2 CHT exact FormKey seed
00000504	029B6E:Skyrim.esm	ENCH	MAG_HealOtherStaffEnch	FULL	0	Heal Other	高效他人治療術	Adamant 5.9.2 CHT exact phrase seed
00000505	029B72:Skyrim.esm	ENCH	MAG_TurnGreaterUndeadStaffEnch	FULL	0	Turn Greater Undead	高階驅邪術	Adamant 5.9.2 CHT exact FormKey seed
00000506	029B96:Skyrim.esm	ENCH	MAG_TurnUndeadStaffEnch	FULL	0	Turn Undead	進階驅邪術	Adamant 5.9.2 CHT exact FormKey seed
00000507	029B98:Skyrim.esm	ENCH	MAG_RepelUndeadStaffEnch	FULL	0	Repel Undead	進階辟邪術	Adamant 5.9.2 CHT exact FormKey seed
00000508	04DEDA:Skyrim.esm	ENCH	MAG_FlamesStaffEnch	FULL	0	Flames	火燃術	Adamant 5.9.2 CHT exact FormKey seed
00000509	04DEDC:Skyrim.esm	ENCH	MAG_SparksStaffEnch	FULL	0	Sparks	電擊術	Adamant 5.9.2 CHT exact FormKey seed
0000050A	069CE7:Skyrim.esm	ENCH	MAG_BoundSwordEnchantment	FULL	0	Bound Sword	長劍塑形術	Adamant 5.9.2 CHT exact FormKey seed
0000050B	0B602D:Skyrim.esm	ENCH	MAG_RaiseZombieStaffEnch	FULL	0	Raise Zombie	屍儡喚醒術	Adamant 5.9.2 CHT exact FormKey seed
0000050C	0B62DA:Skyrim.esm	ENCH	MAG_ReanimateCorpseStaffEnch	FULL	0	Reanimate Corpse	屍儡喚起術	Adamant 5.9.2 CHT exact FormKey seed
0000050D	0B62DB:Skyrim.esm	ENCH	MAG_ConjureFlameAtronachStaffEnch	FULL	0	Conjure Flame Atronach	烈焰屬靈召喚術	Adamant 5.9.2 CHT exact FormKey seed
0000050E	0B62E2:Skyrim.esm	ENCH	MAG_HealingHandsStaffEnch	FULL	0	Healing Hands	他人治療術	Adamant 5.9.2 CHT exact phrase seed
0000050F	0B62E3:Skyrim.esm	ENCH	MAG_TurnLesserUndeadStaffEnch	FULL	0	Turn Lesser Undead	初階驅邪術	Adamant 5.9.2 CHT exact FormKey seed
00000510	0B72A2:Skyrim.esm	ENCH	MAG_SlowFrostRune	FULL	0	Slow	緩速	Adamant 5.9.2 CHT exact FormKey seed
00000511	0C5BE2:Skyrim.esm	ENCH	MAG_BoundBattleaxeEnchantment	FULL	0	Bound Battleaxe FX	Bound Battleaxe FX	Adamant 5.9.2 CHT exact FormKey seed
00000512	0C5BE3:Skyrim.esm	ENCH	MAG_BoundBowEnchantment	FULL	0	Bound Bow	戰弓塑形術	Adamant 5.9.2 CHT exact FormKey seed
00000513	03D37C:Dragonborn.esm	ENCH	MAG_BoundDaggerEnchantment	FULL	0	Bound Dagger	匕首塑形術	Adamant 5.9.2 CHT exact FormKey seed
00000514	3857FD:MysticismMagic.esp	ENCH	MAG_SlowFrostRuneDualCast	FULL	0	Slow	緩速	Adamant 5.9.2 CHT exact FormKey seed
00000515	47DBBF:MysticismMagic.esp	ENCH	MAG_EnchFireRuneDualcast	FULL	0	Fire Rune Dualcast	暴炎法印雙手施法	Adamant 5.9.2 CHT exact FormKey seed
00000516	47DBC0:MysticismMagic.esp	ENCH	MAG_EnchFireRune2	FULL	0	Fire Rune	暴炎法印	Adamant 5.9.2 CHT exact FormKey seed
00000517	47DBC2:MysticismMagic.esp	ENCH	MAG_EnchFireRune2Dualcast	FULL	0	Fire Rune	暴炎法印	Adamant 5.9.2 CHT exact FormKey seed
00000518	47DBCD:MysticismMagic.esp	ENCH	MAG_EnchShockRune	FULL	0	Shock Rune	暴電法印	Adamant 5.9.2 CHT exact FormKey seed
00000519	47DBCE:MysticismMagic.esp	ENCH	MAG_EnchShockRuneDualCast	FULL	0	Shock Rune	暴電法印	Adamant 5.9.2 CHT exact FormKey seed
0000051A	47DBD0:MysticismMagic.esp	ENCH	MAG_EnchShockRune2	FULL	0	Shock Rune	暴電法印	Adamant 5.9.2 CHT exact FormKey seed
0000051B	47DBD2:MysticismMagic.esp	ENCH	MAG_EnchShockRune2Dualcast	FULL	0	Shock Rune	暴電法印	Adamant 5.9.2 CHT exact FormKey seed
0000051C	A4E654:MysticismMagic.esp	ENCH	MAG_EnchSunRuneExplosion	FULL	0	Sunlight Rune	日光法印	Adamant 5.9.2 CHT exact FormKey seed
0000051D	A53754:MysticismMagic.esp	ENCH	MAG_EnchGreaterSunRuneExplosion	FULL	0	Sunlight Rune	日光法印	Adamant 5.9.2 CHT exact FormKey seed
0000051E	A53755:MysticismMagic.esp	ENCH	MAG_EnchGreaterSunRuneExplosionDualCast	FULL	0	Sunlight Rune	日光法印	Adamant 5.9.2 CHT exact FormKey seed
0000051F	A53757:MysticismMagic.esp	ENCH	MAG_EnchSunRuneExplosionDualCast	FULL	0	Sunlight Rune	日光法印	Adamant 5.9.2 CHT exact FormKey seed
00000520	CDB96E:MysticismMagic.esp	ENCH	MAG_GreaterFlamesStaffEnch	FULL	0	Greater Flames	進階火燃術	Adamant 5.9.2 CHT exact FormKey seed
00000521	CDB96F:MysticismMagic.esp	ENCH	MAG_FlameTempestStaffEnch	FULL	0	Flame Tempest	烈焰焚天術	Adamant 5.9.2 CHT exact FormKey seed
00000522	CDB988:MysticismMagic.esp	ENCH	MAG_GreaterFrostbiteStaffEnch	FULL	0	Greater Frostbite	進階冰寒術	Adamant 5.9.2 CHT exact FormKey seed
00000523	CF9FB8:MysticismMagic.esp	ENCH	MAG_HoarfrostStaffEnch	FULL	0	Hoarfrost	白霜	Adamant 5.9.2 CHT exact FormKey seed
00000524	CF9FBF:MysticismMagic.esp	ENCH	MAG_GreaterSparksStaffEnch	FULL	0	Greater Sparks	進階電擊術	Adamant 5.9.2 CHT exact FormKey seed
00000525	CF9FCC:MysticismMagic.esp	ENCH	MAG_LightningStormStaffEnch	FULL	0	Lightning Storm	閃電風暴術	Adamant 5.9.2 CHT exact FormKey seed
00000526	D2C9ED:MysticismMagic.esp	ENCH	MAG_PoisonSprayStaffEnch	FULL	0	Poison Spray	毒液噴射	Adamant 5.9.2 CHT exact FormKey seed
00000527	D2C9EE:MysticismMagic.esp	ENCH	MAG_PoisonboltStaffEnch	FULL	0	Poisonbolt	毒球術	Adamant 5.9.2 CHT exact FormKey seed
00000528	D2C9EF:MysticismMagic.esp	ENCH	MAG_DeadlyPoisonSprayStaffEnch	FULL	0	Dealdy Poison Spray	劇毒噴射	Adamant 5.9.2 CHT exact FormKey seed
00000529	D2C9F1:MysticismMagic.esp	ENCH	MAG_MiasmaStaffEnch	FULL	0	Miasma	瘴毒術	Adamant 5.9.2 CHT exact FormKey seed
0000052A	D2C9F3:MysticismMagic.esp	ENCH	MAG_ViperboltStaffEnch	FULL	0	Viperbolt	猛烈毒球術	Adamant 5.9.2 CHT exact FormKey seed
0000052B	D2C9F6:MysticismMagic.esp	ENCH	MAG_PoisonCloudStaffEnch	FULL	0	Poison Cloud	毒雲術	Adamant 5.9.2 CHT exact FormKey seed
0000052C	D2C9FA:MysticismMagic.esp	ENCH	MAG_DeathCloudStaffEnch	FULL	0	Death Cloud	奪命霧雲術	Adamant 5.9.2 CHT exact FormKey seed
0000052D	D4B034:MysticismMagic.esp	ENCH	MAG_SunfireStaffEnch	FULL	0	Sun Fire	陽焱術	Adamant 5.9.2 CHT exact FormKey seed
0000052E	D4B03B:MysticismMagic.esp	ENCH	MAG_SunbeamStaffEnch	FULL	0	Sunbeam	日光束	Adamant 5.9.2 CHT exact FormKey seed
0000052F	D4B03F:MysticismMagic.esp	ENCH	MAG_RadiantSunbeamStaffEnch	FULL	0	Radiant Sunbeam	烈日光束	Adamant 5.9.2 CHT exact FormKey seed
00000530	D4B040:MysticismMagic.esp	ENCH	MAG_VampiresBaneStaffEnch	FULL	0	Vampire's Bane	淨邪術	Adamant 5.9.2 CHT exact FormKey seed
00000531	D4B044:MysticismMagic.esp	ENCH	MAG_ReflectiveLightStaffEnch	FULL	0	Reflective Light	淨化光束	Adamant 5.9.2 CHT exact FormKey seed
00000532	D4B057:MysticismMagic.esp	ENCH	MAG_SolarFlareStaffEnch	FULL	0	Solar Flare	太陽烈炎	Adamant 5.9.2 CHT exact FormKey seed
00000533	D4B05E:MysticismMagic.esp	ENCH	MAG_DaybreakStaffEnch	FULL	0	Daybreak	穹蒼晨星術	Adamant 5.9.2 CHT exact FormKey seed
00000534	DC99E4:MysticismMagic.esp	ENCH	MAG_BoundGreatswordEnchantment	FULL	0	Bound Greatsword FX	Bound Greatsword FX	Adamant 5.9.2 CHT exact FormKey seed
00000535	DD3BE9:MysticismMagic.esp	ENCH	MAG_BoundWarAxeEnchantment	FULL	0	Bound War Axe	戰斧塑形術	Adamant 5.9.2 CHT exact FormKey seed
00000536	DED0F4:MysticismMagic.esp	ENCH	MAG_BoundWarhammerEnchantment	FULL	0	Bound Warhammer	戰錘塑形術	Adamant 5.9.2 CHT exact FormKey seed
00000537	DFC3FD:MysticismMagic.esp	ENCH	MAG_BoundMaceEnchantment	FULL	0	Bound Mace	釘槌塑形術	Adamant 5.9.2 CHT exact FormKey seed
00000538	E1FB7D:MysticismMagic.esp	ENCH	MAG_ConjureFlameMonarchStaffEnch	FULL	0	Conjure Flame Monarch	烈焰君王召喚術	Adamant 5.9.2 CHT exact FormKey seed
00000539	E1FB7E:MysticismMagic.esp	ENCH	MAG_ConjureStormMonarchStaffEnch	FULL	0	Conjure Storm Atronach	風暴屬靈召喚術	Adamant 5.9.2 CHT exact FormKey seed
0000053A	E1FB8B:MysticismMagic.esp	ENCH	MAG_ConjureFrostMonarchStaffEnch	FULL	0	Conjure Frost Atronach	寒霜屬靈召喚術	Adamant 5.9.2 CHT exact FormKey seed
0000053B	E1FBA1:MysticismMagic.esp	ENCH	MAG_DeadThrallStaffEnch	FULL	0	Dead Thrall	屍僕支配術	Adamant 5.9.2 CHT exact FormKey seed
0000053C	051818:Adamant.esp	ENCH	MAG_BoundShieldEnchantment	FULL	0	Bound Shield	盾牌塑形術	Adamant 5.9.2 CHT exact phrase seed
0000053D	D1D4E9:Adamant.esp	ENCH	MAG_RunePoisonExplosionEnch01	FULL	0	Poison Rune	毒害法印	Adamant 5.9.2 CHT exact FormKey seed
0000053E	D1D4EA:Adamant.esp	ENCH	MAG_RunePoisonExplosionEnch02	FULL	0	Poison Rune	毒害法印	Adamant 5.9.2 CHT exact FormKey seed
0000053F	D1D4EC:Adamant.esp	ENCH	MAG_RunePoisonExplosionEnch01DualCast	FULL	0	Poison Rune	毒害法印	Adamant 5.9.2 CHT exact FormKey seed
00000540	53E4A3:Adamant.esp	SPEL	MAG_PerkStrongBack02	FULL	0	Strong Back	強健背脊	Adamant 6.0.2 custom; Skyrim 8.20 terminology
00000541	53E4A3:Adamant.esp	SPEL	MAG_PerkStrongBack02	DESC	0			Adamant 5.9.2 CHT exact phrase seed
00000542	5486AB:Adamant.esp	SPEL	MAG_AdamantControllerAbility	FULL	0	Adamant Controller Ability	Adamant Controller Ability	Adamant 5.9.2 CHT exact phrase seed
00000543	5486AB:Adamant.esp	SPEL	MAG_AdamantControllerAbility	DESC	0			Adamant 5.9.2 CHT exact phrase seed
00000544	F08666:Adamant.esp	SPEL	MAG_PerkLivingShadowInvisibility	FULL	0	Living Shadow Invisibility	Living Shadow Invisibility	Adamant 5.9.2 CHT exact FormKey seed
00000545	F08666:Adamant.esp	SPEL	MAG_PerkLivingShadowInvisibility	DESC	0			Adamant 5.9.2 CHT exact FormKey seed
00000546	F08667:Adamant.esp	SPEL	MAG_PerkLivingShadowEtherealize	FULL	0	Living Shadow Invisibility	Living Shadow Invisibility	Adamant 5.9.2 CHT exact FormKey seed
00000547	F08667:Adamant.esp	SPEL	MAG_PerkLivingShadowEtherealize	DESC	0			Adamant 5.9.2 CHT exact FormKey seed
00000548	FBEA73:Adamant.esp	SPEL	MAG_PerkDeterminationSpell	FULL	0	Determination	堅定不移	Adamant 5.9.2 CHT exact FormKey seed
00000549	FBEA73:Adamant.esp	SPEL	MAG_PerkDeterminationSpell	DESC	0			Adamant 5.9.2 CHT exact FormKey seed
0000054A	51AD94:Adamant.esp	SPEL	MAG_PerkRuneMageSpell02	FULL	0	Rune Mage	法印法師	Adamant 5.9.2 CHT exact phrase seed
0000054B	51AD94:Adamant.esp	SPEL	MAG_PerkRuneMageSpell02	DESC	0			Adamant 5.9.2 CHT exact phrase seed
0000054C	51AD91:Adamant.esp	SPEL	MAG_PerkRuneMageSpell01	FULL	0	Rune Mage	法印法師	Adamant 5.9.2 CHT exact phrase seed
0000054D	51AD91:Adamant.esp	SPEL	MAG_PerkRuneMageSpell01	DESC	0			Adamant 5.9.2 CHT exact phrase seed
0000054E	012FCC:Skyrim.esm	SPEL	MAG_Healing	FULL	0	Healing	治療術	Adamant 5.9.2 CHT exact FormKey seed
0000054F	012FCC:Skyrim.esm	SPEL	MAG_Healing	DESC	0			Adamant 5.9.2 CHT exact FormKey seed
00000550	012FCD:Skyrim.esm	SPEL	MAG_Flames	FULL	0	Flames	火燃術	Adamant 5.9.2 CHT exact FormKey seed
00000551	012FCD:Skyrim.esm	SPEL	MAG_Flames	DESC	0			Adamant 5.9.2 CHT exact FormKey seed
00000552	012FD0:Skyrim.esm	SPEL	MAG_Firebolt	FULL	0	Firebolt	火彈術	Adamant 5.9.2 CHT exact FormKey seed
00000553	012FD0:Skyrim.esm	SPEL	MAG_Firebolt	DESC	0			Adamant 5.9.2 CHT exact FormKey seed
00000554	012FD2:Skyrim.esm	SPEL	MAG_HealOther	FULL	0	Heal Other	高效他人治療術	Adamant 5.9.2 CHT exact FormKey seed
00000555	012FD2:Skyrim.esm	SPEL	MAG_HealOther	DESC	0			Adamant 5.9.2 CHT exact FormKey seed
00000556	016C3F:Skyrim.esm	SPEL	MAG_DreadZombieLeftHand	FULL	0	Dread Zombie	屍儡差遣術	Adamant 5.9.2 CHT exact FormKey seed
00000557	016C3F:Skyrim.esm	SPEL	MAG_DreadZombieLeftHand	DESC	0			Adamant 5.9.2 CHT exact FormKey seed
00000558	01C789:Skyrim.esm	SPEL	MAG_Fireball	FULL	0	Fireball	火球術	Adamant 5.9.2 CHT exact FormKey seed
00000559	01C789:Skyrim.esm	SPEL	MAG_Fireball	DESC	0			Adamant 5.9.2 CHT exact FormKey seed
0000055A	0204C3:Skyrim.esm	SPEL	MAG_ConjureFlameAtronach	FULL	0	Conjure Flame Atronach	烈焰屬靈召喚術	Adamant 5.9.2 CHT exact FormKey seed
0000055B	0204C3:Skyrim.esm	SPEL	MAG_ConjureFlameAtronach	DESC	0			Adamant 5.9.2 CHT exact FormKey seed
0000055C	0204C4:Skyrim.esm	SPEL	MAG_ConjureFrostAtronach	FULL	0	Conjure Frost Atronach	寒霜屬靈召喚術	Adamant 5.9.2 CHT exact FormKey seed
0000055D	0204C4:Skyrim.esm	SPEL	MAG_ConjureFrostAtronach	DESC	0			Adamant 5.9.2 CHT exact FormKey seed
0000055E	0204C5:Skyrim.esm	SPEL	MAG_ConjureStormAtronach	FULL	0	Conjure Storm Atronach	風暴屬靈召喚術	Adamant 5.9.2 CHT exact FormKey seed
0000055F	0204C5:Skyrim.esm	SPEL	MAG_ConjureStormAtronach	DESC	0			Adamant 5.9.2 CHT exact FormKey seed
00000560	0211EB:Skyrim.esm	SPEL	MAG_BoundSword	FULL	0	Bound Sword	長劍塑形術	Adamant 5.9.2 CHT exact FormKey seed
00000561	0211EB:Skyrim.esm	SPEL	MAG_BoundSword	DESC	0			Adamant 5.9.2 CHT exact FormKey seed
00000562	0211EC:Skyrim.esm	SPEL	MAG_BoundBattleAxe	FULL	0	Bound Battleaxe	巨斧塑形術	Adamant 5.9.2 CHT exact FormKey seed
00000563	0211EC:Skyrim.esm	SPEL	MAG_BoundBattleAxe	DESC	0			Adamant 5.9.2 CHT exact FormKey seed
00000564	0211ED:Skyrim.esm	SPEL	MAG_BoundBow	FULL	0	Bound Bow	戰弓塑形術	Adamant 5.9.2 CHT exact FormKey seed
00000565	0211ED:Skyrim.esm	SPEL	MAG_BoundBow	DESC	0			Adamant 5.9.2 CHT exact FormKey seed
00000566	026D79:Skyrim.esm	SPEL	MAG_PerkHiddenThreatInvisibility	FULL	0	Hidden Threat Invisibility	Hidden Threat Invisibility	Adamant 5.9.2 CHT exact FormKey seed
00000567	026D79:Skyrim.esm	SPEL	MAG_PerkHiddenThreatInvisibility	DESC	0			Adamant 5.9.2 CHT exact FormKey seed
00000568	02B385:Skyrim.esm	SPEL	MAG_FlameCloakDmg	FULL	0	Flames	火燃術	Adamant 5.9.2 CHT exact FormKey seed
00000569	02B385:Skyrim.esm	SPEL	MAG_FlameCloakDmg	DESC	0			Adamant 5.9.2 CHT exact FormKey seed
0000056A	02B38A:Skyrim.esm	SPEL	MAG_FrostCloakDmg	FULL	0	Frost Cloak Freeze	Frost Cloak Freeze	Adamant 5.9.2 CHT exact FormKey seed
0000056B	02B38A:Skyrim.esm	SPEL	MAG_FrostCloakDmg	DESC	0			Adamant 5.9.2 CHT exact FormKey seed
0000056C	02B392:Skyrim.esm	SPEL	MAG_LightningCloakDmg	FULL	0	Lightning Cloak Drain	Lightning Cloak Drain	Adamant 5.9.2 CHT exact FormKey seed
0000056D	02B392:Skyrim.esm	SPEL	MAG_LightningCloakDmg	DESC	0			Adamant 5.9.2 CHT exact FormKey seed
0000056E	02B96B:Skyrim.esm	SPEL	MAG_Frostbite	FULL	0	Frostbite	冰寒術	Adamant 5.9.2 CHT exact FormKey seed
0000056F	02B96B:Skyrim.esm	SPEL	MAG_Frostbite	DESC	0			Adamant 5.9.2 CHT exact FormKey seed
00000570	02DD2A:Skyrim.esm	SPEL	MAG_Sparks	FULL	0	Sparks	電擊術	Adamant 5.9.2 CHT exact FormKey seed
00000571	02DD2A:Skyrim.esm	SPEL	MAG_Sparks	DESC	0			Adamant 5.9.2 CHT exact FormKey seed
00000572	02F3B8:Skyrim.esm	SPEL	MAG_FastHealing	FULL	0	Fast Healing	高效治療術	Adamant 5.9.2 CHT exact FormKey seed
00000573	02F3B8:Skyrim.esm	SPEL	MAG_FastHealing	DESC	0			Adamant 5.9.2 CHT exact FormKey seed
00000574	034C38:Skyrim.esm	SPEL	MAG_HealingLeftHand	FULL	0	Healing	治療術	Adamant 5.9.2 CHT exact FormKey seed
00000575	034C38:Skyrim.esm	SPEL	MAG_HealingLeftHand	DESC	0			Adamant 5.9.2 CHT exact FormKey seed
00000576	0424E9:Skyrim.esm	SPEL	MAG_PerkFistsofSteel	FULL	0	Fists of Steel	鋼鐵之拳	Adamant 5.9.2 CHT exact FormKey seed
00000577	0424E9:Skyrim.esm	SPEL	MAG_PerkFistsofSteel	DESC	0			Adamant 5.9.2 CHT exact FormKey seed
00000578	045F9C:Skyrim.esm	SPEL	MAG_IceStorm	FULL	0	Ice Storm	冰霜氣團術	Adamant 5.9.2 CHT exact FormKey seed
00000579	045F9C:Skyrim.esm	SPEL	MAG_IceStorm	DESC	0			Adamant 5.9.2 CHT exact FormKey seed
0000057A	045F9D:Skyrim.esm	SPEL	MAG_ChainLightning	FULL	0	Chain Lightning	閃電連鎖術	Adamant 5.9.2 CHT exact FormKey seed
0000057B	045F9D:Skyrim.esm	SPEL	MAG_ChainLightning	DESC	0			Adamant 5.9.2 CHT exact FormKey seed
0000057C	04B146:Skyrim.esm	SPEL	MAG_TurnUndead	FULL	0	Turn Undead	進階驅邪術	Adamant 5.9.2 CHT exact FormKey seed
0000057D	04B146:Skyrim.esm	SPEL	MAG_TurnUndead	DESC	0			Adamant 5.9.2 CHT exact FormKey seed
0000057E	04D3F2:Skyrim.esm	SPEL	MAG_HealingHands	FULL	0	Healing Hands	他人治療術	Adamant 5.9.2 CHT exact FormKey seed
0000057F	04D3F2:Skyrim.esm	SPEL	MAG_HealingHands	DESC	0			Adamant 5.9.2 CHT exact FormKey seed
00000580	04D3F8:Skyrim.esm	SPEL	MAG_TurnLesserUndead	FULL	0	Turn Lesser Undead	初階驅邪術	Adamant 5.9.2 CHT exact FormKey seed
00000581	04D3F8:Skyrim.esm	SPEL	MAG_TurnLesserUndead	DESC	0			Adamant 5.9.2 CHT exact FormKey seed
00000582	051B16:Skyrim.esm	SPEL	MAG_Ironflesh	FULL	0	Ironflesh	鐵身術	Adamant 5.9.2 CHT exact FormKey seed
00000583	051B16:Skyrim.esm	SPEL	MAG_Ironflesh	DESC	0			Adamant 5.9.2 CHT exact FormKey seed
00000584	053127:Skyrim.esm	SPEL	MAG_PerkSpellShield	FULL	0	Spell Shield	法術護盾	Adamant 5.9.2 CHT exact FormKey seed
00000585	053127:Skyrim.esm	SPEL	MAG_PerkSpellShield	DESC	0			Adamant 5.9.2 CHT exact FormKey seed
00000586	05312D:Skyrim.esm	SPEL	MAG_CircleofProtection	FULL	0	Circle of Protection	庇護領域術	Adamant 5.9.2 CHT exact FormKey seed
00000587	05312D:Skyrim.esm	SPEL	MAG_CircleofProtection	DESC	0			Adamant 5.9.2 CHT exact FormKey seed
00000588	0591A4:Skyrim.esm	SPEL	MAG_HazardWallOfShockSpell	FULL	0	Shock	閃電	Adamant 5.9.2 CHT exact FormKey seed
00000589	0591A4:Skyrim.esm	SPEL	MAG_HazardWallOfShockSpell	DESC	0			Adamant 5.9.2 CHT exact FormKey seed
0000058A	05AD5C:Skyrim.esm	SPEL	MAG_Oakflesh	FULL	0	Oakflesh	木身術	Adamant 5.9.2 CHT exact FormKey seed
0000058B	05AD5C:Skyrim.esm	SPEL	MAG_Oakflesh	DESC	0			Adamant 5.9.2 CHT exact FormKey seed
0000058C	05AD5D:Skyrim.esm	SPEL	MAG_Stoneflesh	FULL	0	Stoneflesh	石身術	Adamant 5.9.2 CHT exact FormKey seed
0000058D	05AD5D:Skyrim.esm	SPEL	MAG_Stoneflesh	DESC	0			Adamant 5.9.2 CHT exact FormKey seed
0000058E	05AD5E:Skyrim.esm	SPEL	MAG_Ebonyflesh	FULL	0	Ebonyflesh	玄曜身術	Adamant 5.9.2 CHT exact FormKey seed
0000058F	05AD5E:Skyrim.esm	SPEL	MAG_Ebonyflesh	DESC	0			Adamant 5.9.2 CHT exact FormKey seed
00000590	05DD5D:Skyrim.esm	SPEL	MAG_TurnGreaterUndead	FULL	0	Turn Greater Undead	高階驅邪術	Adamant 5.9.2 CHT exact FormKey seed
00000591	05DD5D:Skyrim.esm	SPEL	MAG_TurnGreaterUndead	DESC	0			Adamant 5.9.2 CHT exact FormKey seed
00000592	05DD5E:Skyrim.esm	SPEL	MAG_RepelUndead	FULL	0	Repel Undead	進階辟邪術	Adamant 5.9.2 CHT exact FormKey seed
00000593	05DD5E:Skyrim.esm	SPEL	MAG_RepelUndead	DESC	0			Adamant 5.9.2 CHT exact FormKey seed
00000594	065BD7:Skyrim.esm	SPEL	MAG_ReanimateCorpse	FULL	0	Reanimate Corpse	屍儡喚起術	Adamant 5.9.2 CHT exact FormKey seed
00000595	065BD7:Skyrim.esm	SPEL	MAG_ReanimateCorpse	DESC	0			Adamant 5.9.2 CHT exact FormKey seed
00000596	06C0F4:Skyrim.esm	SPEL	MAG_PerkPowerShotUnused	FULL	0	Power Shot	強力射擊	Adamant 5.9.2 CHT exact FormKey seed
00000597	06C0F4:Skyrim.esm	SPEL	MAG_PerkPowerShotUnused	DESC	0			Adamant 5.9.2 CHT exact FormKey seed
00000598	072315:Skyrim.esm	SPEL	MAG_OakfleshLeftHand	FULL	0	Oakflesh	木身術	Adamant 5.9.2 CHT exact FormKey seed
00000599	072315:Skyrim.esm	SPEL	MAG_OakfleshLeftHand	DESC	0			Adamant 5.9.2 CHT exact FormKey seed
0000059A	072316:Skyrim.esm	SPEL	MAG_StonefleshLeftHand	FULL	0	Stoneflesh	石身術	Adamant 5.9.2 CHT exact FormKey seed
0000059B	072316:Skyrim.esm	SPEL	MAG_StonefleshLeftHand	DESC	0			Adamant 5.9.2 CHT exact FormKey seed
0000059C	072317:Skyrim.esm	SPEL	MAG_IronfleshLeftHand	FULL	0	Ironflesh	鐵身術	Adamant 5.9.2 CHT exact FormKey seed
0000059D	072317:Skyrim.esm	SPEL	MAG_IronfleshLeftHand	DESC	0			Adamant 5.9.2 CHT exact FormKey seed
0000059E	072318:Skyrim.esm	SPEL	MAG_EbonyfleshLeftHand	FULL	0	Ebonyflesh	玄曜身術	Adamant 5.9.2 CHT exact FormKey seed
0000059F	072318:Skyrim.esm	SPEL	MAG_EbonyfleshLeftHand	DESC	0			Adamant 5.9.2 CHT exact FormKey seed
000005A0	07231C:Skyrim.esm	SPEL	MAG_FastHealingLeftHand	FULL	0	Fast Healing	高效治療術	Adamant 5.9.2 CHT exact FormKey seed
000005A1	07231C:Skyrim.esm	SPEL	MAG_FastHealingLeftHand	DESC	0			Adamant 5.9.2 CHT exact FormKey seed
000005A2	07E5D5:Skyrim.esm	SPEL	MAG_ConjureFlameMonarch	FULL	0	Conjure Flame Monarch	烈焰君王召喚術	Adamant 5.9.2 CHT exact FormKey seed
000005A3	07E5D5:Skyrim.esm	SPEL	MAG_ConjureFlameMonarch	DESC	0			Adamant 5.9.2 CHT exact FormKey seed
000005A4	07E5D6:Skyrim.esm	SPEL	MAG_ConjureFrostMonarch	FULL	0	Conjure Frost Monarch	寒霜君王召喚術	Adamant 5.9.2 CHT exact FormKey seed
000005A5	07E5D6:Skyrim.esm	SPEL	MAG_ConjureFrostMonarch	DESC	0			Adamant 5.9.2 CHT exact FormKey seed
000005A6	07E5D7:Skyrim.esm	SPEL	MAG_ConjureStormMonarch	FULL	0	Conjure Storm Monarch	風暴君王召喚術	Adamant 5.9.2 CHT exact FormKey seed
000005A7	07E5D7:Skyrim.esm	SPEL	MAG_ConjureStormMonarch	DESC	0			Adamant 5.9.2 CHT exact FormKey seed
000005A8	07E8DF:Skyrim.esm	SPEL	MAG_DeadThrall	FULL	0	Dead Thrall	屍僕支配術	Adamant 5.9.2 CHT exact FormKey seed
000005A9	07E8DF:Skyrim.esm	SPEL	MAG_DeadThrall	DESC	0			Adamant 5.9.2 CHT exact FormKey seed
000005AA	07E8E1:Skyrim.esm	SPEL	MAG_RaiseZombie	FULL	0	Raise Zombie	屍儡喚醒術	Adamant 5.9.2 CHT exact FormKey seed
000005AB	07E8E1:Skyrim.esm	SPEL	MAG_RaiseZombie	DESC	0			Adamant 5.9.2 CHT exact FormKey seed
000005AC	07E8E4:Skyrim.esm	SPEL	MAG_Blizzard	FULL	0	Blizzard	暴雪氣旋術	Adamant 5.9.2 CHT exact FormKey seed
000005AD	07E8E4:Skyrim.esm	SPEL	MAG_Blizzard	DESC	0			Adamant 5.9.2 CHT exact FormKey seed
000005AE	07E8E5:Skyrim.esm	SPEL	MAG_LightningStorm	FULL	0	Lightning Storm	閃電風暴術	Adamant 5.9.2 CHT exact FormKey seed
000005AF	07E8E5:Skyrim.esm	SPEL	MAG_LightningStorm	DESC	0			Adamant 5.9.2 CHT exact FormKey seed
000005B0	08C1AB:Skyrim.esm	SPEL	MAG_BaneoftheUndead	FULL	0	Bane of the Undead	破邪術	Adamant 5.9.2 CHT exact FormKey seed
000005B1	08C1AB:Skyrim.esm	SPEL	MAG_BaneoftheUndead	DESC	0			Adamant 5.9.2 CHT exact FormKey seed
000005B2	08CB03:Skyrim.esm	SPEL	MAG_HealingRightHand	FULL	0	Healing	治療術	Adamant 5.9.2 CHT exact FormKey seed
000005B3	08CB03:Skyrim.esm	SPEL	MAG_HealingRightHand	DESC	0			Adamant 5.9.2 CHT exact FormKey seed
000005B4	08F3F1:Skyrim.esm	SPEL	MAG_HazardWallofFireSpell	FULL	0	Fire	火焰	Adamant 5.9.2 CHT exact FormKey seed
000005B5	08F3F1:Skyrim.esm	SPEL	MAG_HazardWallofFireSpell	DESC	0			Adamant 5.9.2 CHT exact FormKey seed
000005B6	08F3F5:Skyrim.esm	SPEL	MAG_HazardWallofFrostSpell	FULL	0	Frost	寒霜	Adamant 5.9.2 CHT exact FormKey seed
000005B7	08F3F5:Skyrim.esm	SPEL	MAG_HazardWallofFrostSpell	DESC	0			Adamant 5.9.2 CHT exact FormKey seed
000005B8	09379D:Skyrim.esm	SPEL	MAG_PerkTrespasser	FULL	0	Trespasser	入侵者	Adamant 5.9.2 CHT exact FormKey seed
000005B9	09379D:Skyrim.esm	SPEL	MAG_PerkTrespasser	DESC	0			Adamant 5.9.2 CHT exact FormKey seed
000005BA	0954D8:Skyrim.esm	SPEL	MAG_PerkElementalProtection	FULL	0	Elemental Protection	元素防禦	Adamant 5.9.2 CHT exact FormKey seed
000005BB	0954D8:Skyrim.esm	SPEL	MAG_PerkElementalProtection	DESC	0			Adamant 5.9.2 CHT exact FormKey seed
000005BC	096592:Skyrim.esm	SPEL	MAG_PerkDeepPockets40	FULL	0	Deep Pockets	深口袋	Adamant 5.9.2 CHT exact FormKey seed
000005BD	096592:Skyrim.esm	SPEL	MAG_PerkDeepPockets40	DESC	0			Adamant 5.9.2 CHT exact FormKey seed
000005BE	096D94:Skyrim.esm	SPEL	MAG_Revenant	FULL	0	Revenant	屍儡驅使術	Adamant 5.9.2 CHT exact FormKey seed
000005BF	096D94:Skyrim.esm	SPEL	MAG_Revenant	DESC	0			Adamant 5.9.2 CHT exact FormKey seed
000005C0	096D95:Skyrim.esm	SPEL	MAG_DreadZombie	FULL	0	Dread Zombie	屍儡差遣術	Adamant 5.9.2 CHT exact FormKey seed
000005C1	096D95:Skyrim.esm	SPEL	MAG_DreadZombie	DESC	0			Adamant 5.9.2 CHT exact FormKey seed
000005C2	09CD4C:Skyrim.esm	SPEL	PerkRiposte	FULL	0	Riposte	還擊	Adamant 6.0.2 custom; Skyrim 8.20 terminology
000005C3	09CD4C:Skyrim.esm	SPEL	PerkRiposte	DESC	0			Adamant 5.9.2 CHT exact phrase seed
000005C4	0A3F63:Skyrim.esm	SPEL	MAG_PerkRenewalHealSpell	FULL	0	Renewal	重生奇蹟	Adamant 5.9.2 CHT exact FormKey seed
000005C5	0A3F63:Skyrim.esm	SPEL	MAG_PerkRenewalHealSpell	DESC	0			Adamant 5.9.2 CHT exact FormKey seed
000005C6	0A3F65:Skyrim.esm	SPEL	PerkAvoidDeathAbility	FULL	0	Avoid Death	瀕死救贖	Adamant 5.9.2 CHT exact FormKey seed
000005C7	0A3F65:Skyrim.esm	SPEL	PerkAvoidDeathAbility	DESC	0			Adamant 5.9.2 CHT exact FormKey seed
000005C8	0ABDF3:Skyrim.esm	SPEL	MAG_ConjureFrostAtronachLeftHand	FULL	0	Conjure Frost Atronach	寒霜屬靈召喚術	Adamant 5.9.2 CHT exact FormKey seed
000005C9	0ABDF3:Skyrim.esm	SPEL	MAG_ConjureFrostAtronachLeftHand	DESC	0			Adamant 5.9.2 CHT exact FormKey seed
000005CA	0AF668:Skyrim.esm	SPEL	MAG_PerkFence	FULL	0	Fence	銷售贓物	Adamant 5.9.2 CHT exact FormKey seed
000005CB	0AF668:Skyrim.esm	SPEL	MAG_PerkFence	DESC	0			Adamant 5.9.2 CHT exact FormKey seed
000005CC	0B62EE:Skyrim.esm	SPEL	MAG_BreathofLife	FULL	0	Breath of Life	生命吐息術	Adamant 5.9.2 CHT exact FormKey seed
000005CD	0B62EE:Skyrim.esm	SPEL	MAG_BreathofLife	DESC	0			Adamant 5.9.2 CHT exact FormKey seed
000005CE	0B62EF:Skyrim.esm	SPEL	MAG_GreaterHealing	FULL	0	Greater Healing	進階治療術	Adamant 5.9.2 CHT exact FormKey seed
000005CF	0B62EF:Skyrim.esm	SPEL	MAG_GreaterHealing	DESC	0			Adamant 5.9.2 CHT exact FormKey seed
000005D0	0B7A02:Skyrim.esm	SPEL	MAG_HazardFrostBlizzardSpell03	FULL	0	Frost	寒霜	Adamant 5.9.2 CHT exact FormKey seed
000005D1	0B7A02:Skyrim.esm	SPEL	MAG_HazardFrostBlizzardSpell03	DESC	0			Adamant 5.9.2 CHT exact FormKey seed
000005D2	0BB967:Skyrim.esm	SPEL	MAG_ConjureFlameAtronachLeftHand	FULL	0	Conjure Flame Atronach	烈焰屬靈召喚術	Adamant 5.9.2 CHT exact FormKey seed
000005D3	0BB967:Skyrim.esm	SPEL	MAG_ConjureFlameAtronachLeftHand	DESC	0			Adamant 5.9.2 CHT exact FormKey seed
000005D4	0BB968:Skyrim.esm	SPEL	MAG_ConjureStormAtronachLeftHand	FULL	0	Conjure Storm Atronach	風暴屬靈召喚術	Adamant 5.9.2 CHT exact FormKey seed
000005D5	0BB968:Skyrim.esm	SPEL	MAG_ConjureStormAtronachLeftHand	DESC	0			Adamant 5.9.2 CHT exact FormKey seed
000005D6	0C969E:Skyrim.esm	SPEL	MAG_RaiseZombieLeftHand	FULL	0	Raise Zombie	屍儡喚醒術	Adamant 5.9.2 CHT exact FormKey seed
000005D7	0C969E:Skyrim.esm	SPEL	MAG_RaiseZombieLeftHand	DESC	0			Adamant 5.9.2 CHT exact FormKey seed
000005D8	0CAB65:Skyrim.esm	SPEL	MAG_ReanimateCorpseLeftHand	FULL	0	Reanimate Corpse	屍儡喚起術	Adamant 5.9.2 CHT exact FormKey seed
000005D9	0CAB65:Skyrim.esm	SPEL	MAG_ReanimateCorpseLeftHand	DESC	0			Adamant 5.9.2 CHT exact FormKey seed
000005DA	0CAB66:Skyrim.esm	SPEL	MAG_RevenantLeftHand	FULL	0	Revenant	屍儡驅使術	Adamant 5.9.2 CHT exact FormKey seed
000005DB	0CAB66:Skyrim.esm	SPEL	MAG_RevenantLeftHand	DESC	0			Adamant 5.9.2 CHT exact FormKey seed
000005DC	0CDB70:Skyrim.esm	SPEL	MAG_Dragonhide	FULL	0	Dragonhide	龍膚術	Adamant 5.9.2 CHT exact FormKey seed
000005DD	0CDB70:Skyrim.esm	SPEL	MAG_Dragonhide	DESC	0			Adamant 5.9.2 CHT exact FormKey seed
000005DE	0F95EB:Skyrim.esm	SPEL	MAG_GreaterHealingLeftHand	FULL	0	Greater Healing	進階治療術	Adamant 5.9.2 CHT exact FormKey seed
000005DF	0F95EB:Skyrim.esm	SPEL	MAG_GreaterHealingLeftHand	DESC	0			Adamant 5.9.2 CHT exact FormKey seed
000005E0	0F95EC:Skyrim.esm	SPEL	MAG_TurnGreaterUndeadLeftHand	FULL	0	Turn Undead	進階驅邪術	Adamant 5.9.2 CHT exact FormKey seed
000005E1	0F95EC:Skyrim.esm	SPEL	MAG_TurnGreaterUndeadLeftHand	DESC	0			Adamant 5.9.2 CHT exact FormKey seed
000005E2	0F95ED:Skyrim.esm	SPEL	MAG_TurnUndeadLeftHand	FULL	0	Turn  Undead	驅邪術	Adamant 5.9.2 CHT exact FormKey seed
000005E3	0F95ED:Skyrim.esm	SPEL	MAG_TurnUndeadLeftHand	DESC	0			Adamant 5.9.2 CHT exact FormKey seed
000005E4	100E76:Skyrim.esm	SPEL	MAG_ConjureFlameAtronachRightHand	FULL	0	Conjure Flame Atronach	烈焰屬靈召喚術	Adamant 5.9.2 CHT exact FormKey seed
000005E5	100E76:Skyrim.esm	SPEL	MAG_ConjureFlameAtronachRightHand	DESC	0			Adamant 5.9.2 CHT exact FormKey seed
000005E6	100E77:Skyrim.esm	SPEL	MAG_ConjureFrostAtronachRightHand	FULL	0	Conjure Frost Atronach	寒霜屬靈召喚術	Adamant 5.9.2 CHT exact FormKey seed
000005E7	100E77:Skyrim.esm	SPEL	MAG_ConjureFrostAtronachRightHand	DESC	0			Adamant 5.9.2 CHT exact FormKey seed
000005E8	100E78:Skyrim.esm	SPEL	MAG_ConjureStormAtronachRightHand	FULL	0	Conjure Storm Atronach	風暴屬靈召喚術	Adamant 5.9.2 CHT exact FormKey seed
000005E9	100E78:Skyrim.esm	SPEL	MAG_ConjureStormAtronachRightHand	DESC	0			Adamant 5.9.2 CHT exact FormKey seed
000005EA	10105F:Skyrim.esm	SPEL	MAG_ReanimateCorpseRightHand	FULL	0	Reanimate Corpse	屍儡喚起術	Adamant 5.9.2 CHT exact FormKey seed
000005EB	10105F:Skyrim.esm	SPEL	MAG_ReanimateCorpseRightHand	DESC	0			Adamant 5.9.2 CHT exact FormKey seed
000005EC	101060:Skyrim.esm	SPEL	MAG_RevenantRighHand	FULL	0	Revenant	屍儡驅使術	Adamant 5.9.2 CHT exact FormKey seed
000005ED	101060:Skyrim.esm	SPEL	MAG_RevenantRighHand	DESC	0			Adamant 5.9.2 CHT exact FormKey seed
000005EE	101062:Skyrim.esm	SPEL	MAG_DreadZombieRightHand	FULL	0	Dread Zombie	屍儡差遣術	Adamant 5.9.2 CHT exact FormKey seed
000005EF	101062:Skyrim.esm	SPEL	MAG_DreadZombieRightHand	DESC	0			Adamant 5.9.2 CHT exact FormKey seed
000005F0	101064:Skyrim.esm	SPEL	MAG_GrandHealingLeftHand	FULL	0	Grand Healing	高階治療術	Adamant 5.9.2 CHT exact FormKey seed
000005F1	101064:Skyrim.esm	SPEL	MAG_GrandHealingLeftHand	DESC	0			Adamant 5.9.2 CHT exact FormKey seed
000005F2	101065:Skyrim.esm	SPEL	MAG_RepelUndeadRightHand	FULL	0	Repel Undead	進階辟邪術	Adamant 5.9.2 CHT exact FormKey seed
000005F3	101065:Skyrim.esm	SPEL	MAG_RepelUndeadRightHand	DESC	0			Adamant 5.9.2 CHT exact FormKey seed
000005F4	101066:Skyrim.esm	SPEL	MAG_TurnGreaterUndeadRightHand	FULL	0	Turn Greater Undead	高階驅邪術	Adamant 5.9.2 CHT exact FormKey seed
000005F5	101066:Skyrim.esm	SPEL	MAG_TurnGreaterUndeadRightHand	DESC	0			Adamant 5.9.2 CHT exact FormKey seed
000005F6	101067:Skyrim.esm	SPEL	MAG_TurnUndeadRightHand	FULL	0	Turn Undead	進階驅邪術	Adamant 5.9.2 CHT exact FormKey seed
000005F7	101067:Skyrim.esm	SPEL	MAG_TurnUndeadRightHand	DESC	0			Adamant 5.9.2 CHT exact FormKey seed
000005F8	103AD8:Skyrim.esm	SPEL	MAG_PerkSteadyHandSlow01	FULL	0	Steady Hand	穩定之手	Adamant 6.0.2 custom; Skyrim 8.20 terminology
000005F9	103AD8:Skyrim.esm	SPEL	MAG_PerkSteadyHandSlow01	DESC	0			Adamant 6.0.2 custom; Skyrim 8.20 terminology
000005FA	103AD9:Skyrim.esm	SPEL	MAG_PerkSteadyHandSlow02	FULL	0	Steady Hand	穩定之手	Adamant 6.0.2 custom; Skyrim 8.20 terminology
000005FB	103AD9:Skyrim.esm	SPEL	MAG_PerkSteadyHandSlow02	DESC	0	.	.	Adamant 6.0.2 custom; Skyrim 8.20 terminology
000005FC	105F20:Skyrim.esm	SPEL	MAG_PerkEndurance01	FULL	0	Endurance	耐力訓練	Adamant 6.0.2 custom; Skyrim 8.20 terminology
000005FD	105F20:Skyrim.esm	SPEL	MAG_PerkEndurance01	DESC	0			Adamant 5.9.2 CHT exact FormKey seed
000005FE	106642:Skyrim.esm	SPEL	MAG_PerkQuickDraw30	FULL	0	Quick Draw	快速拉弓	Adamant 5.9.2 CHT exact FormKey seed
000005FF	106642:Skyrim.esm	SPEL	MAG_PerkQuickDraw30	DESC	0			Adamant 5.9.2 CHT exact FormKey seed
00000600	616201:Update.esm	SPEL	MAG_PerkPilgrim30	FULL	0	Pilgrim 30 Dummy	Pilgrim 30 Dummy	Adamant 5.9.2 CHT exact FormKey seed
00000601	616201:Update.esm	SPEL	MAG_PerkPilgrim30	DESC	0			Adamant 5.9.2 CHT exact FormKey seed
00000602	616202:Update.esm	SPEL	MAG_PerkPilgrim60	FULL	0	Pilgrim 60 Dummy	Pilgrim 60 Dummy	Adamant 5.9.2 CHT exact FormKey seed
00000603	616202:Update.esm	SPEL	MAG_PerkPilgrim60	DESC	0			Adamant 5.9.2 CHT exact FormKey seed
00000604	616203:Update.esm	SPEL	MAG_PerkCultist30	FULL	0	Cultist 30 Dummy	Cultist 30 Dummy	Adamant 5.9.2 CHT exact FormKey seed
00000605	616203:Update.esm	SPEL	MAG_PerkCultist30	DESC	0			Adamant 5.9.2 CHT exact FormKey seed
00000606	616204:Update.esm	SPEL	MAG_PerkCultist60	FULL	0	Cultist 60 Dummy	Cultist 60 Dummy	Adamant 5.9.2 CHT exact FormKey seed
00000607	616204:Update.esm	SPEL	MAG_PerkCultist60	DESC	0			Adamant 5.9.2 CHT exact FormKey seed
00000608	0038B6:Dawnguard.esm	SPEL	MAG_VampiresBane	FULL	0	Vampire's Bane	淨邪術	Adamant 5.9.2 CHT exact FormKey seed
00000609	0038B6:Dawnguard.esm	SPEL	MAG_VampiresBane	DESC	0			Adamant 5.9.2 CHT exact FormKey seed
0000060A	003F52:Dawnguard.esm	SPEL	MAG_SunFire	FULL	0	Sun Fire	陽焱術	Adamant 5.9.2 CHT exact FormKey seed
0000060B	003F52:Dawnguard.esm	SPEL	MAG_SunFire	DESC	0			Adamant 5.9.2 CHT exact FormKey seed
0000060C	008A60:Dawnguard.esm	SPEL	MAG_SunCloakDmg	FULL	0	Stendarr's Aura	斯丹達爾聖域術	Adamant 5.9.2 CHT exact FormKey seed
0000060D	008A60:Dawnguard.esm	SPEL	MAG_SunCloakDmg	DESC	0			Adamant 5.9.2 CHT exact FormKey seed
0000060E	01CE06:Dragonborn.esm	SPEL	MAG_BoundDagger	FULL	0	Bound Dagger	匕首塑形術	Adamant 5.9.2 CHT exact FormKey seed
0000060F	01CE06:Dragonborn.esm	SPEL	MAG_BoundDagger	DESC	0			Adamant 5.9.2 CHT exact FormKey seed
00000610	0B15AB:MysticismMagic.esp	SPEL	MAG_HazardWallofFireSpellDualcast	FULL	0	Fire	火焰	Adamant 5.9.2 CHT exact FormKey seed
00000611	0B15AB:MysticismMagic.esp	SPEL	MAG_HazardWallofFireSpellDualcast	DESC	0			Adamant 5.9.2 CHT exact FormKey seed
00000612	0BB7B1:MysticismMagic.esp	SPEL	MAG_HazardWallofFrostSpellDualcast	FULL	0	Frost	寒霜	Adamant 5.9.2 CHT exact FormKey seed
00000613	0BB7B1:MysticismMagic.esp	SPEL	MAG_HazardWallofFrostSpellDualcast	DESC	0			Adamant 5.9.2 CHT exact FormKey seed
00000614	0BB7B2:MysticismMagic.esp	SPEL	MAG_HazardWallofShockSpellDualcast	FULL	0	Shock	閃電	Adamant 5.9.2 CHT exact FormKey seed
00000615	0BB7B2:MysticismMagic.esp	SPEL	MAG_HazardWallofShockSpellDualcast	DESC	0			Adamant 5.9.2 CHT exact FormKey seed
00000616	1D7023:MysticismMagic.esp	SPEL	MAG_GreaterFlames	FULL	0	Greater Flames	進階火燃術	Adamant 5.9.2 CHT exact FormKey seed
00000617	1D7023:MysticismMagic.esp	SPEL	MAG_GreaterFlames	DESC	0			Adamant 5.9.2 CHT exact FormKey seed
00000618	1D702A:MysticismMagic.esp	SPEL	MAG_GreaterSparks	FULL	0	Greater Sparks	進階電擊術	Adamant 5.9.2 CHT exact FormKey seed
00000619	1D702A:MysticismMagic.esp	SPEL	MAG_GreaterSparks	DESC	0			Adamant 5.9.2 CHT exact FormKey seed
0000061A	1D702B:MysticismMagic.esp	SPEL	MAG_GreaterFrostbite	FULL	0	Greater Frostbite	進階冰寒術	Adamant 5.9.2 CHT exact FormKey seed
0000061B	1D702B:MysticismMagic.esp	SPEL	MAG_GreaterFrostbite	DESC	0			Adamant 5.9.2 CHT exact FormKey seed
0000061C	1E634D:MysticismMagic.esp	SPEL	MAG_Poisonbolt	FULL	0	Poisonbolt	毒球術	Adamant 5.9.2 CHT exact FormKey seed
0000061D	1E634D:MysticismMagic.esp	SPEL	MAG_Poisonbolt	DESC	0			Adamant 5.9.2 CHT exact FormKey seed
0000061E	1E634F:MysticismMagic.esp	SPEL	MAG_Viperbolt	FULL	0	Viperbolt	猛烈毒球術	Adamant 5.9.2 CHT exact FormKey seed
0000061F	1E634F:MysticismMagic.esp	SPEL	MAG_Viperbolt	DESC	0			Adamant 5.9.2 CHT exact FormKey seed
00000620	1E6352:MysticismMagic.esp	SPEL	MAG_PoisonCloud	FULL	0	Poison Cloud	毒雲術	Adamant 5.9.2 CHT exact FormKey seed
00000621	1E6352:MysticismMagic.esp	SPEL	MAG_PoisonCloud	DESC	0			Adamant 5.9.2 CHT exact FormKey seed
00000622	1FA75F:MysticismMagic.esp	SPEL	MAG_DeathCloud	FULL	0	Death Cloud	奪命霧雲術	Adamant 5.9.2 CHT exact FormKey seed
00000623	1FA75F:MysticismMagic.esp	SPEL	MAG_DeathCloud	DESC	0			Adamant 5.9.2 CHT exact FormKey seed
00000624	20496A:MysticismMagic.esp	SPEL	MAG_SunlightTouch	FULL	0	Sunlight Touch	日光之觸	Adamant 5.9.2 CHT exact FormKey seed
00000625	20496A:MysticismMagic.esp	SPEL	MAG_SunlightTouch	DESC	0			Adamant 5.9.2 CHT exact FormKey seed
00000626	209A74:MysticismMagic.esp	SPEL	MAG_PoisonousTouch	FULL	0	Poisonous Touch	劇毒之觸	Adamant 5.9.2 CHT exact FormKey seed
00000627	209A74:MysticismMagic.esp	SPEL	MAG_PoisonousTouch	DESC	0			Adamant 5.9.2 CHT exact FormKey seed
00000628	209A76:MysticismMagic.esp	SPEL	MAG_VipersGrasp	FULL	0	Viper's Grasp	毒蛇之握	Adamant 5.9.2 CHT exact FormKey seed
00000629	209A76:MysticismMagic.esp	SPEL	MAG_VipersGrasp	DESC	0			Adamant 5.9.2 CHT exact FormKey seed
0000062A	2280B0:MysticismMagic.esp	SPEL	MAG_SearingGrasp	FULL	0	Searing Grasp	聖焰之握	Adamant 5.9.2 CHT exact FormKey seed
0000062B	2280B0:MysticismMagic.esp	SPEL	MAG_SearingGrasp	DESC	0			Adamant 5.9.2 CHT exact FormKey seed
0000062C	2466C0:MysticismMagic.esp	SPEL	MAG_SolarFlare	FULL	0	Solar Flare	太陽烈炎	Adamant 5.9.2 CHT exact FormKey seed
0000062D	2466C0:MysticismMagic.esp	SPEL	MAG_SolarFlare	DESC	0			Adamant 5.9.2 CHT exact FormKey seed
0000062E	2508C9:MysticismMagic.esp	SPEL	MAG_ReflectiveLight	FULL	0	Reflective Light	淨化光束	Adamant 5.9.2 CHT exact FormKey seed
0000062F	2508C9:MysticismMagic.esp	SPEL	MAG_ReflectiveLight	DESC	0			Adamant 5.9.2 CHT exact FormKey seed
00000630	2559DE:MysticismMagic.esp	SPEL	MAG_Regeneration	FULL	0	Regeneration	再生術	Adamant 5.9.2 CHT exact FormKey seed
00000631	2559DE:MysticismMagic.esp	SPEL	MAG_Regeneration	DESC	0			Adamant 5.9.2 CHT exact FormKey seed
00000632	2559DF:MysticismMagic.esp	SPEL	MAG_Mutagen	FULL	0	Mutagen	突變術	Adamant 5.9.2 CHT exact FormKey seed
00000633	2559DF:MysticismMagic.esp	SPEL	MAG_Mutagen	DESC	0			Adamant 5.9.2 CHT exact FormKey seed
00000634	25FBFF:MysticismMagic.esp	SPEL	MAG_ChargedNova	FULL	0	Charged Nova	耀光晨爆術	Adamant 5.9.2 CHT exact FormKey seed
00000635	25FBFF:MysticismMagic.esp	SPEL	MAG_ChargedNova	DESC	0			Adamant 5.9.2 CHT exact FormKey seed
00000636	27E242:MysticismMagic.esp	SPEL	MAG_CloseGreaterWounds	FULL	0	Close Greater Wounds	進階癒合傷口	Adamant 5.9.2 CHT exact FormKey seed
00000637	27E242:MysticismMagic.esp	SPEL	MAG_CloseGreaterWounds	DESC	0			Adamant 5.9.2 CHT exact FormKey seed
00000638	27E243:MysticismMagic.esp	SPEL	MAG_GrandHealing	FULL	0	Grand Healing	高階治療術	Adamant 5.9.2 CHT exact FormKey seed
00000639	27E243:MysticismMagic.esp	SPEL	MAG_GrandHealing	DESC	0			Adamant 5.9.2 CHT exact FormKey seed
0000063A	29265D:MysticismMagic.esp	SPEL	MAG_FlameShield	FULL	0	Flame Shield	赤焰護體術	Adamant 5.9.2 CHT exact FormKey seed
0000063B	29265D:MysticismMagic.esp	SPEL	MAG_FlameShield	DESC	0			Adamant 5.9.2 CHT exact FormKey seed
0000063C	29265E:MysticismMagic.esp	SPEL	MAG_FireShell	FULL	0	Fire Shell	火焰護罩	Adamant 5.9.2 CHT exact FormKey seed
0000063D	29265E:MysticismMagic.esp	SPEL	MAG_FireShell	DESC	0			Adamant 5.9.2 CHT exact FormKey seed
0000063E	292664:MysticismMagic.esp	SPEL	MAG_ShockShell	FULL	0	Shock Shell	閃電護罩	Adamant 5.9.2 CHT exact FormKey seed
0000063F	292664:MysticismMagic.esp	SPEL	MAG_ShockShell	DESC	0			Adamant 5.9.2 CHT exact FormKey seed
00000640	292665:MysticismMagic.esp	SPEL	MAG_LightningShield	FULL	0	Lightning Shield	狂雷護體術	Adamant 5.9.2 CHT exact FormKey seed
00000641	292665:MysticismMagic.esp	SPEL	MAG_LightningShield	DESC	0			Adamant 5.9.2 CHT exact FormKey seed
00000642	29266B:MysticismMagic.esp	SPEL	MAG_FrostShell	FULL	0	Frost Shell	寒霜護罩	Adamant 5.9.2 CHT exact FormKey seed
00000643	29266B:MysticismMagic.esp	SPEL	MAG_FrostShell	DESC	0			Adamant 5.9.2 CHT exact FormKey seed
00000644	29266C:MysticismMagic.esp	SPEL	MAG_IceShield	FULL	0	Ice Shield	霜寒護體術	Adamant 5.9.2 CHT exact FormKey seed
00000645	29266C:MysticismMagic.esp	SPEL	MAG_IceShield	DESC	0			Adamant 5.9.2 CHT exact FormKey seed
00000646	292672:MysticismMagic.esp	SPEL	MAG_PoisonShell	FULL	0	Poison Shell	毒素護罩	Adamant 5.9.2 CHT exact FormKey seed
00000647	292672:MysticismMagic.esp	SPEL	MAG_PoisonShell	DESC	0			Adamant 5.9.2 CHT exact FormKey seed
00000648	292673:MysticismMagic.esp	SPEL	MAG_VenomShield	FULL	0	Venom Shield	禍毒護體術	Adamant 5.9.2 CHT exact FormKey seed
00000649	292673:MysticismMagic.esp	SPEL	MAG_VenomShield	DESC	0			Adamant 5.9.2 CHT exact FormKey seed
0000064A	2ED973:MysticismMagic.esp	SPEL	MAG_BlackMarsh	FULL	0	Black Marsh	黑沼死池術	Adamant 5.9.2 CHT exact FormKey seed
0000064B	2ED973:MysticismMagic.esp	SPEL	MAG_BlackMarsh	DESC	0			Adamant 5.9.2 CHT exact FormKey seed
0000064C	440E99:MysticismMagic.esp	SPEL	MAG_LeechLife	FULL	0	Leech Life	汲取生命	Adamant 5.9.2 CHT exact FormKey seed
0000064D	440E99:MysticismMagic.esp	SPEL	MAG_LeechLife	DESC	0			Adamant 5.9.2 CHT exact FormKey seed
0000064E	445FB7:MysticismMagic.esp	SPEL	MAG_drainLife	FULL	0	Drain Life	生命掠奪	Adamant 5.9.2 CHT exact FormKey seed
0000064F	445FB7:MysticismMagic.esp	SPEL	MAG_drainLife	DESC	0			Adamant 5.9.2 CHT exact FormKey seed
00000650	445FD0:MysticismMagic.esp	SPEL	MAG_FlameTempest	FULL	0	Flame Tempest	烈焰焚天術	Adamant 5.9.2 CHT exact FormKey seed
00000651	445FD0:MysticismMagic.esp	SPEL	MAG_FlameTempest	DESC	0			Adamant 5.9.2 CHT exact FormKey seed
00000652	445FFD:MysticismMagic.esp	SPEL	MAG_Hoarfrost	FULL	0	Hoarfrost	白霜	Adamant 5.9.2 CHT exact FormKey seed
00000653	445FFD:MysticismMagic.esp	SPEL	MAG_Hoarfrost	DESC	0			Adamant 5.9.2 CHT exact FormKey seed
00000654	482CE4:MysticismMagic.esp	SPEL	MAG_StendarrsMercy	FULL	0	Stendarr's Mercy	斯丹達爾的慈悲	Adamant 5.9.2 CHT exact FormKey seed
00000655	482CE4:MysticismMagic.esp	SPEL	MAG_StendarrsMercy	DESC	0			Adamant 5.9.2 CHT exact FormKey seed
00000656	48CF04:MysticismMagic.esp	SPEL	MAG_Venomfang	FULL	0	Venomfang	猛毒之牙	Adamant 5.9.2 CHT exact FormKey seed
00000657	48CF04:MysticismMagic.esp	SPEL	MAG_Venomfang	DESC	0			Adamant 5.9.2 CHT exact FormKey seed
00000658	48CF09:MysticismMagic.esp	SPEL	MAG_Eclipse	FULL	0	Eclipse	日蝕術	Adamant 5.9.2 CHT exact FormKey seed
00000659	48CF09:MysticismMagic.esp	SPEL	MAG_Eclipse	DESC	0			Adamant 5.9.2 CHT exact FormKey seed
0000065A	515B97:MysticismMagic.esp	SPEL	MAG_CloseWounds	FULL	0	Close Wounds	癒合傷口	Adamant 5.9.2 CHT exact FormKey seed
0000065B	515B97:MysticismMagic.esp	SPEL	MAG_CloseWounds	DESC	0			Adamant 5.9.2 CHT exact FormKey seed
0000065C	7388D3:MysticismMagic.esp	SPEL	MAG_Sunbeam	FULL	0	Sunbeam	日光束	Adamant 5.9.2 CHT exact FormKey seed
0000065D	7388D3:MysticismMagic.esp	SPEL	MAG_Sunbeam	DESC	0			Adamant 5.9.2 CHT exact FormKey seed
0000065E	78E9F4:MysticismMagic.esp	SPEL	MAG_RadiantSunbeam	FULL	0	Radiant Sunbeam	烈日光束	Adamant 5.9.2 CHT exact FormKey seed
0000065F	78E9F4:MysticismMagic.esp	SPEL	MAG_RadiantSunbeam	DESC	0			Adamant 5.9.2 CHT exact FormKey seed
00000660	7BC311:MysticismMagic.esp	SPEL	MAG_Daybreak	FULL	0	Daybreak	穹蒼晨星術	Adamant 5.9.2 CHT exact FormKey seed
00000661	7BC311:MysticismMagic.esp	SPEL	MAG_Daybreak	DESC	0			Adamant 5.9.2 CHT exact FormKey seed
00000662	7D5826:MysticismMagic.esp	SPEL	MAG_MarasEmbrace	FULL	0	Mara's Embrace	瑪拉的擁抱	Adamant 5.9.2 CHT exact FormKey seed
00000663	7D5826:MysticismMagic.esp	SPEL	MAG_MarasEmbrace	DESC	0			Adamant 5.9.2 CHT exact FormKey seed
00000664	8C886D:MysticismMagic.esp	SPEL	MAG_PoisonSpray	FULL	0	Poison Spray	毒液噴射	Adamant 5.9.2 CHT exact FormKey seed
00000665	8C886D:MysticismMagic.esp	SPEL	MAG_PoisonSpray	DESC	0			Adamant 5.9.2 CHT exact FormKey seed
00000666	9420A3:MysticismMagic.esp	SPEL	MAG_DeadlyPoisonSpray	FULL	0	Deadly Poison Spray	猛毒噴射	Adamant 5.9.2 CHT exact FormKey seed
00000667	9420A3:MysticismMagic.esp	SPEL	MAG_DeadlyPoisonSpray	DESC	0			Adamant 5.9.2 CHT exact FormKey seed
00000668	9606AC:MysticismMagic.esp	SPEL	MAG_Miasma	FULL	0	Miasma	瘴毒術	Adamant 5.9.2 CHT exact FormKey seed
00000669	9606AC:MysticismMagic.esp	SPEL	MAG_Miasma	DESC	0			Adamant 5.9.2 CHT exact FormKey seed
0000066A	96F9BE:MysticismMagic.esp	SPEL	MAG_HazardWallofPoisonSpell	FULL	0	Poison	毒素	Adamant 5.9.2 CHT exact FormKey seed
0000066B	96F9BE:MysticismMagic.esp	SPEL	MAG_HazardWallofPoisonSpell	DESC	0			Adamant 5.9.2 CHT exact FormKey seed
0000066C	9A74C9:MysticismMagic.esp	SPEL	MAG_RapidRegeneration	FULL	0	Rapid Regeneration	快速再生術	Adamant 5.9.2 CHT exact FormKey seed
0000066D	9A74C9:MysticismMagic.esp	SPEL	MAG_RapidRegeneration	DESC	0			Adamant 5.9.2 CHT exact FormKey seed
0000066E	9A74CB:MysticismMagic.esp	SPEL	MAG_ArkaysLight	FULL	0	Arkay's Light	阿爾凱之光	Adamant 5.9.2 CHT exact FormKey seed
0000066F	9A74CB:MysticismMagic.esp	SPEL	MAG_ArkaysLight	DESC	0			Adamant 5.9.2 CHT exact FormKey seed
00000670	9E4106:MysticismMagic.esp	SPEL	MAG_HazardWallofSunlightSpell	FULL	0	Sun	陽焱	Adamant 5.9.2 CHT exact FormKey seed
00000671	9E4106:MysticismMagic.esp	SPEL	MAG_HazardWallofSunlightSpell	DESC	0			Adamant 5.9.2 CHT exact FormKey seed
00000672	A11A30:MysticismMagic.esp	SPEL	MAG_HazardWallofSunlightSpellDualCast	FULL	0	Sun	陽焱	Adamant 5.9.2 CHT exact FormKey seed
00000673	A11A30:MysticismMagic.esp	SPEL	MAG_HazardWallofSunlightSpellDualCast	DESC	0			Adamant 5.9.2 CHT exact FormKey seed
00000674	A11A33:MysticismMagic.esp	SPEL	MAG_HazardWallofPoisonSpellDualCast	FULL	0	Poison	毒素	Adamant 5.9.2 CHT exact FormKey seed
00000675	A11A33:MysticismMagic.esp	SPEL	MAG_HazardWallofPoisonSpellDualCast	DESC	0			Adamant 5.9.2 CHT exact FormKey seed
00000676	D278E3:MysticismMagic.esp	SPEL	MAG_VenomousTouch	FULL	0	Venomous Touch	惡毒之觸	Adamant 5.9.2 CHT exact FormKey seed
00000677	D278E3:MysticismMagic.esp	SPEL	MAG_VenomousTouch	DESC	0			Adamant 5.9.2 CHT exact FormKey seed
00000678	D2C9E7:MysticismMagic.esp	SPEL	MAG_PoisonCloakDmg01	FULL	0	Poison Damage	毒素傷害	Adamant 5.9.2 CHT exact FormKey seed
00000679	D2C9E7:MysticismMagic.esp	SPEL	MAG_PoisonCloakDmg01	DESC	0			Adamant 5.9.2 CHT exact FormKey seed
0000067A	D45F28:MysticismMagic.esp	SPEL	MAG_RadiantTouch	FULL	0	Radiant Touch	日陽之觸	Adamant 5.9.2 CHT exact FormKey seed
0000067B	D45F28:MysticismMagic.esp	SPEL	MAG_RadiantTouch	DESC	0			Adamant 5.9.2 CHT exact FormKey seed
0000067C	DC48DA:MysticismMagic.esp	SPEL	MAG_BoundShield	FULL	0	Bound Shield	盾牌塑形術	Adamant 5.9.2 CHT exact phrase seed
0000067D	DC48DA:MysticismMagic.esp	SPEL	MAG_BoundShield	DESC	0			Adamant 5.9.2 CHT exact phrase seed
0000067E	DC99E1:MysticismMagic.esp	SPEL	MAG_BoundGreatsword	FULL	0	Bound Greatsword	巨劍塑形術	Adamant 5.9.2 CHT exact FormKey seed
0000067F	DC99E1:MysticismMagic.esp	SPEL	MAG_BoundGreatsword	DESC	0			Adamant 5.9.2 CHT exact FormKey seed
00000680	DD3BED:MysticismMagic.esp	SPEL	MAG_BoundWarAxe	FULL	0	Bound War Axe	戰斧塑形術	Adamant 5.9.2 CHT exact FormKey seed
00000681	DD3BED:MysticismMagic.esp	SPEL	MAG_BoundWarAxe	DESC	0			Adamant 5.9.2 CHT exact FormKey seed
00000682	DED0F7:MysticismMagic.esp	SPEL	MAG_BoundWarhammer	FULL	0	Bound Warhammer	戰錘塑形術	Adamant 5.9.2 CHT exact FormKey seed
00000683	DED0F7:MysticismMagic.esp	SPEL	MAG_BoundWarhammer	DESC	0			Adamant 5.9.2 CHT exact FormKey seed
00000684	E01500:MysticismMagic.esp	SPEL	MAG_BoundMace	FULL	0	Bound Mace	釘槌塑形術	Adamant 5.9.2 CHT exact FormKey seed
00000685	E01500:MysticismMagic.esp	SPEL	MAG_BoundMace	DESC	0			Adamant 5.9.2 CHT exact FormKey seed
00000686	F3B48D:MysticismMagic.esp	SPEL	MAG_FontofLife	FULL	0	Font of Life	生命之詞	Adamant 5.9.2 CHT exact FormKey seed
00000687	F3B48D:MysticismMagic.esp	SPEL	MAG_FontofLife	DESC	0			Adamant 5.9.2 CHT exact FormKey seed
00000688	047605:Adamant.esp	SPEL	MAG_abPilgrimJulianos	FULL	0	Pilgrim of Julianos	尤里安諾思的朝聖者	Adamant 5.9.2 CHT exact FormKey seed
00000689	047605:Adamant.esp	SPEL	MAG_abPilgrimJulianos	DESC	0			Adamant 5.9.2 CHT exact FormKey seed
0000068A	060B14:Adamant.esp	SPEL	MAG_PerkRitualofPowerCloak	FULL	0	Ritual of Power	力量儀式	Adamant 5.9.2 CHT exact FormKey seed
0000068B	060B14:Adamant.esp	SPEL	MAG_PerkRitualofPowerCloak	DESC	0			Adamant 5.9.2 CHT exact FormKey seed
0000068C	065C15:Adamant.esp	SPEL	MAG_PerkArmorofShadowsCloakDmg	FULL	0	Armor of Shadows	影紋盔甲	Adamant 5.9.2 CHT exact FormKey seed
0000068D	065C15:Adamant.esp	SPEL	MAG_PerkArmorofShadowsCloakDmg	DESC	0			Adamant 5.9.2 CHT exact FormKey seed
0000068E	065C18:Adamant.esp	SPEL	MAG_PerkArmorofShadowsCloak	FULL	0	Armor of Shadows	影紋盔甲	Adamant 5.9.2 CHT exact FormKey seed
0000068F	065C18:Adamant.esp	SPEL	MAG_PerkArmorofShadowsCloak	DESC	0			Adamant 5.9.2 CHT exact FormKey seed
00000690	06AD1A:Adamant.esp	SPEL	MAG_PerkRitualofPowertCloakDmg	FULL	0	Ritual of Power Cloak	Ritual of Power Cloak	Adamant 5.9.2 CHT exact FormKey seed
00000691	06AD1A:Adamant.esp	SPEL	MAG_PerkRitualofPowertCloakDmg	DESC	0			Adamant 5.9.2 CHT exact FormKey seed
00000692	06AD2E:Adamant.esp	SPEL	MAG_PerkChanneler02	FULL	0	Channeler	導能者	Adamant 5.9.2 CHT exact phrase seed
00000693	06AD2E:Adamant.esp	SPEL	MAG_PerkChanneler02	DESC	0			Adamant 5.9.2 CHT exact phrase seed
00000694	08932B:Adamant.esp	SPEL	MAG_PerkStormcrown40	FULL	0	Stormcrown	風暴王冠	Adamant 5.9.2 CHT exact FormKey seed
00000695	08932B:Adamant.esp	SPEL	MAG_PerkStormcrown40	DESC	0			Adamant 5.9.2 CHT exact FormKey seed
00000696	098645:Adamant.esp	SPEL	MAG_abPilgrimKynareth	FULL	0	Pilgrim of Kynareth	凱娜瑞斯的朝聖者	Adamant 5.9.2 CHT exact FormKey seed
00000697	098645:Adamant.esp	SPEL	MAG_abPilgrimKynareth	DESC	0			Adamant 5.9.2 CHT exact FormKey seed
00000698	098648:Adamant.esp	SPEL	MAG_abPilgrimArkay	FULL	0	Pilgrim of Arkay	阿爾凱的朝聖者	Adamant 5.9.2 CHT exact FormKey seed
00000699	098648:Adamant.esp	SPEL	MAG_abPilgrimArkay	DESC	0			Adamant 5.9.2 CHT exact FormKey seed
0000069A	09864B:Adamant.esp	SPEL	MAG_abPilgrimMara	FULL	0	Pilgrim of Mara	瑪拉的朝聖者	Adamant 5.9.2 CHT exact FormKey seed
0000069B	09864B:Adamant.esp	SPEL	MAG_abPilgrimMara	DESC	0			Adamant 5.9.2 CHT exact FormKey seed
0000069C	098650:Adamant.esp	SPEL	MAG_abPilgrimDibella	FULL	0	Pilgrim of Dibella	迪貝拉的朝聖者	Adamant 5.9.2 CHT exact FormKey seed
0000069D	098650:Adamant.esp	SPEL	MAG_abPilgrimDibella	DESC	0			Adamant 5.9.2 CHT exact FormKey seed
0000069E	098653:Adamant.esp	SPEL	MAG_abPilgrimAkatosh	FULL	0	Pilgrim of Akatosh	阿卡托什的朝聖者	Adamant 5.9.2 CHT exact FormKey seed
0000069F	098653:Adamant.esp	SPEL	MAG_abPilgrimAkatosh	DESC	0			Adamant 5.9.2 CHT exact FormKey seed
000006A0	098659:Adamant.esp	SPEL	MAG_abPilgrimStendarr	FULL	0	Pilgrim of Stendarr	斯丹達爾的朝聖者	Adamant 5.9.2 CHT exact FormKey seed
000006A1	098659:Adamant.esp	SPEL	MAG_abPilgrimStendarr	DESC	0			Adamant 5.9.2 CHT exact FormKey seed
000006A2	09865D:Adamant.esp	SPEL	MAG_abPilgrimTalos	FULL	0	Pilgrim of Talos	塔洛斯的朝聖者	Adamant 5.9.2 CHT exact FormKey seed
000006A3	09865D:Adamant.esp	SPEL	MAG_abPilgrimTalos	DESC	0			Adamant 5.9.2 CHT exact FormKey seed
000006A4	098662:Adamant.esp	SPEL	MAG_abPilgrimZenithar	FULL	0	Pilgrim of Zenithar	澤尼薩爾的朝聖者	Adamant 5.9.2 CHT exact FormKey seed
000006A5	098662:Adamant.esp	SPEL	MAG_abPilgrimZenithar	DESC	0			Adamant 5.9.2 CHT exact FormKey seed
000006A6	09866B:Adamant.esp	SPEL	MAG_PerkInfiltrator	FULL	0	Infiltrator	滲透者	Adamant 5.9.2 CHT exact FormKey seed
000006A7	09866B:Adamant.esp	SPEL	MAG_PerkInfiltrator	DESC	0			Adamant 5.9.2 CHT exact FormKey seed
000006A8	0B6C76:Adamant.esp	SPEL	MAG_AdeptSmithingOrcish	DESC	0			Adamant 5.9.2 CHT exact FormKey seed
000006A9	0B6C79:Adamant.esp	SPEL	MAG_IntermediateSmithingDwarven	DESC	0			Adamant 5.9.2 CHT exact FormKey seed
000006AA	0B6C7F:Adamant.esp	SPEL	MAG_MasterSmithingDragon	DESC	0			Adamant 5.9.2 CHT exact FormKey seed
000006AB	0D01AD:Adamant.esp	SPEL	MAG_PerkSerenityCloakDmg	FULL	0	Serenity	寧謐之靈	Adamant 5.9.2 CHT exact FormKey seed
000006AC	0D01AD:Adamant.esp	SPEL	MAG_PerkSerenityCloakDmg	DESC	0			Adamant 5.9.2 CHT exact FormKey seed
000006AD	0D01B0:Adamant.esp	SPEL	MAG_PerkSerenity	FULL	0	Serenity	寧謐之靈	Adamant 5.9.2 CHT exact FormKey seed
000006AE	0D01B0:Adamant.esp	SPEL	MAG_PerkSerenity	DESC	0			Adamant 5.9.2 CHT exact FormKey seed
000006AF	0D01BD:Adamant.esp	SPEL	MAG_PerkAspectofTerrorCloakDmg	FULL	0	Aspect of Terror	恐怖面目	Adamant 5.9.2 CHT exact FormKey seed
000006B0	0D01BD:Adamant.esp	SPEL	MAG_PerkAspectofTerrorCloakDmg	DESC	0			Adamant 5.9.2 CHT exact FormKey seed
000006B1	0D01C0:Adamant.esp	SPEL	MAG_PerkAspectofTerror	FULL	0	Aspect of Terror	恐怖面目	Adamant 5.9.2 CHT exact FormKey seed
000006B2	0D01C0:Adamant.esp	SPEL	MAG_PerkAspectofTerror	DESC	0			Adamant 5.9.2 CHT exact FormKey seed
000006B3	0D01C6:Adamant.esp	SPEL	MAG_PerkVoiceofAuthorityCloakDmg	FULL	0	Voice of Authority	權威之音	Adamant 5.9.2 CHT exact FormKey seed
000006B4	0D01C6:Adamant.esp	SPEL	MAG_PerkVoiceofAuthorityCloakDmg	DESC	0			Adamant 5.9.2 CHT exact FormKey seed
000006B5	0D01C9:Adamant.esp	SPEL	MAG_abVoiceofAuthority	FULL	0	Voice of Authority	權威之音	Adamant 5.9.2 CHT exact FormKey seed
000006B6	0D01C9:Adamant.esp	SPEL	MAG_abVoiceofAuthority	DESC	0			Adamant 5.9.2 CHT exact FormKey seed
000006B7	0F387D:Adamant.esp	SPEL	MAG_MagickaPassive01	FULL	0	Magicka Passive	法力被動效果	Adamant 6.0.2 custom; Skyrim 8.20 terminology
000006B8	0F387D:Adamant.esp	SPEL	MAG_MagickaPassive01	DESC	0			Adamant 5.9.2 CHT exact phrase seed
000006B9	0F38D7:Adamant.esp	SPEL	MAG_PerkAgility01	FULL	0	Agility	敏捷	Adamant 6.0.2 custom; Skyrim 8.20 terminology
000006BA	0F38D7:Adamant.esp	SPEL	MAG_PerkAgility01	DESC	0			Adamant 5.9.2 CHT exact FormKey seed
000006BB	0F38DA:Adamant.esp	SPEL	MAG_PerkEndurance02	FULL	0	Endurance	耐力訓練	Adamant 6.0.2 custom; Skyrim 8.20 terminology
000006BC	0F38DA:Adamant.esp	SPEL	MAG_PerkEndurance02	DESC	0			Adamant 5.9.2 CHT exact FormKey seed
000006BD	0F89DC:Adamant.esp	SPEL	MAG_PerkConditioning02	FULL	0	Conditioning	身體調適	Adamant 5.9.2 CHT exact FormKey seed
000006BE	0F89DC:Adamant.esp	SPEL	MAG_PerkConditioning02	DESC	0			Adamant 5.9.2 CHT exact FormKey seed
000006BF	0F89DD:Adamant.esp	SPEL	MAG_PerkConditioning01	FULL	0	Conditioning	身體調適	Adamant 5.9.2 CHT exact FormKey seed
000006C0	0F89DD:Adamant.esp	SPEL	MAG_PerkConditioning01	DESC	0			Adamant 5.9.2 CHT exact FormKey seed
000006C1	102B90:Adamant.esp	SPEL	MAG_PerkSteadyHandSlow03	FULL	0	Steady Hand	穩定之手	Adamant 5.9.2 CHT exact phrase seed
000006C2	102B90:Adamant.esp	SPEL	MAG_PerkSteadyHandSlow03	DESC	0			Adamant 5.9.2 CHT exact phrase seed
000006C3	10CDEB:Adamant.esp	SPEL	MAG_PerkDeepPockets80	FULL	0	Deep Pockets	深口袋	Adamant 5.9.2 CHT exact FormKey seed
000006C4	10CDEB:Adamant.esp	SPEL	MAG_PerkDeepPockets80	DESC	0			Adamant 5.9.2 CHT exact FormKey seed
000006C5	12B39B:Adamant.esp	SPEL	MAG_BlockSlowdownSpell	FULL	0	Block Slowdown	格擋減速	Adamant 6.0.2 custom; Skyrim 8.20 terminology
000006C6	12B39B:Adamant.esp	SPEL	MAG_BlockSlowdownSpell	DESC	0			Adamant 5.9.2 CHT exact phrase seed
000006C7	13049E:Adamant.esp	SPEL	MAG_PerkRapidManeuversSpell	FULL	0	Rapid Maneuvers	迅捷機動	Adamant 6.0.2 custom; Skyrim 8.20 terminology
000006C8	13049E:Adamant.esp	SPEL	MAG_PerkRapidManeuversSpell	DESC	0			Adamant 5.9.2 CHT exact phrase seed
000006C9	13A6A3:Adamant.esp	SPEL	MAG_PerkDisorientingBlow	FULL	0	Disorienting Blow	眩暈打擊	Adamant 5.9.2 CHT exact phrase seed
000006CA	13A6A3:Adamant.esp	SPEL	MAG_PerkDisorientingBlow	DESC	0			Adamant 5.9.2 CHT exact phrase seed
000006CB	1448AA:Adamant.esp	SPEL	MAG_PerkDefensiveStanceSpell01	FULL	0	Defensive Stance	防禦架勢	Adamant 6.0.2 custom; Skyrim 8.20 terminology
000006CC	1448AA:Adamant.esp	SPEL	MAG_PerkDefensiveStanceSpell01	DESC	0			Adamant 5.9.2 CHT exact phrase seed
000006CD	1448AE:Adamant.esp	SPEL	MAG_PerkDefensiveStanceSpell02	FULL	0	Defensive Stance	防禦架勢	Adamant 6.0.2 custom; Skyrim 8.20 terminology
000006CE	1448AE:Adamant.esp	SPEL	MAG_PerkDefensiveStanceSpell02	DESC	0			Adamant 5.9.2 CHT exact phrase seed
000006CF	153BB0:Adamant.esp	SPEL	MAG_PerkSkirmisher	FULL	0	Skirmisher	散兵	Adamant 5.9.2 CHT exact phrase seed
000006D0	153BB0:Adamant.esp	SPEL	MAG_PerkSkirmisher	DESC	0			Adamant 5.9.2 CHT exact phrase seed
000006D1	153BB3:Adamant.esp	SPEL	MAG_PerkSurvivalist	FULL	0	Survivalist	生存專家	Adamant 6.0.2 custom; Skyrim 8.20 terminology
000006D2	153BB3:Adamant.esp	SPEL	MAG_PerkSurvivalist	DESC	0			Adamant 5.9.2 CHT exact phrase seed
000006D3	153BF1:Adamant.esp	SPEL	MAG_PerkPugilist60	FULL	0	Pugilist	拳師	Adamant 5.9.2 CHT exact FormKey seed
000006D4	153BF1:Adamant.esp	SPEL	MAG_PerkPugilist60	DESC	0			Adamant 5.9.2 CHT exact FormKey seed
000006D5	153BF7:Adamant.esp	SPEL	MAG_PerkAgility02	FULL	0	Agility	敏捷	Adamant 6.0.2 custom; Skyrim 8.20 terminology
000006D6	153BF7:Adamant.esp	SPEL	MAG_PerkAgility02	DESC	0			Adamant 5.9.2 CHT exact FormKey seed
000006D7	158CBD:Adamant.esp	SPEL	MAG_PerkFightorFlightSpell	FULL	0	Fight or Flight	戰或逃	Adamant 6.0.2 custom; Skyrim 8.20 terminology
000006D8	158CBD:Adamant.esp	SPEL	MAG_PerkFightorFlightSpell	DESC	0			Adamant 5.9.2 CHT exact phrase seed
000006D9	158CFB:Adamant.esp	SPEL	MAG_PerkMageRobes30	FULL	0	Mage Robes	法師袍服	Adamant 5.9.2 CHT exact FormKey seed
000006DA	158CFB:Adamant.esp	SPEL	MAG_PerkMageRobes30	DESC	0			Adamant 5.9.2 CHT exact FormKey seed
000006DB	158CFC:Adamant.esp	SPEL	MAG_PerkMageRobes60	FULL	0	Mage Robes	法師袍服	Adamant 5.9.2 CHT exact FormKey seed
000006DC	158CFC:Adamant.esp	SPEL	MAG_PerkMageRobes60	DESC	0			Adamant 5.9.2 CHT exact FormKey seed
000006DD	167FC9:Adamant.esp	SPEL	MAG_PerkUnhindered	FULL	0	Unhindered	輕如鴻毛	Adamant 5.9.2 CHT exact phrase seed
000006DE	167FC9:Adamant.esp	SPEL	MAG_PerkUnhindered	DESC	0			Adamant 5.9.2 CHT exact phrase seed
000006DF	1772D2:Adamant.esp	SPEL	MAG_PerkJuggernaut	FULL	0	Conditioning	身體調適	Adamant 5.9.2 CHT exact phrase seed
000006E0	1772D2:Adamant.esp	SPEL	MAG_PerkJuggernaut	DESC	0			Adamant 5.9.2 CHT exact phrase seed
000006E1	17C3D6:Adamant.esp	SPEL	MAG_PerkImmovable	FULL	0	Immovable	不動如山	Adamant 5.9.2 CHT exact phrase seed
000006E2	17C3D6:Adamant.esp	SPEL	MAG_PerkImmovable	DESC	0			Adamant 5.9.2 CHT exact phrase seed
000006E3	17C3D9:Adamant.esp	SPEL	MAG_PerkUnstoppable	FULL	0	Unstoppable	勢不可擋	Adamant 5.9.2 CHT exact phrase seed
000006E4	17C3D9:Adamant.esp	SPEL	MAG_PerkUnstoppable	DESC	0			Adamant 5.9.2 CHT exact phrase seed
000006E5	17C3DE:Adamant.esp	SPEL	MAG_PerkUnstoppableSpell	FULL	0	Unstoppable	勢不可擋	Adamant 5.9.2 CHT exact phrase seed
000006E6	17C3DE:Adamant.esp	SPEL	MAG_PerkUnstoppableSpell	DESC	0			Adamant 5.9.2 CHT exact phrase seed
000006E7	1958E6:Adamant.esp	SPEL	MAG_PerkImpenetrable	FULL	0	Impenetrable	堅不可摧	Adamant 6.0.2 custom; Skyrim 8.20 terminology
000006E8	1958E6:Adamant.esp	SPEL	MAG_PerkImpenetrable	DESC	0			Adamant 5.9.2 CHT exact phrase seed
000006E9	1A4C2B:Adamant.esp	SPEL	MAG_PerkBrawler	FULL	0	Brawler	拳手	Adamant 5.9.2 CHT exact FormKey seed
000006EA	1A4C2B:Adamant.esp	SPEL	MAG_PerkBrawler	DESC	0			Adamant 5.9.2 CHT exact FormKey seed
000006EB	1A9CED:Adamant.esp	SPEL	MAG_FakeBashDamage	FULL	0	Unbreakable	牢不可破	Adamant 6.0.2 custom; Skyrim 8.20 terminology
000006EC	1A9CED:Adamant.esp	SPEL	MAG_FakeBashDamage	DESC	0			Adamant 5.9.2 CHT exact phrase seed
000006ED	1A9CEE:Adamant.esp	SPEL	MAG_PerkUnbreakableSpell	FULL	0	Unbreakable	牢不可破	Adamant 6.0.2 custom; Skyrim 8.20 terminology
000006EE	1A9CEE:Adamant.esp	SPEL	MAG_PerkUnbreakableSpell	DESC	0			Adamant 5.9.2 CHT exact phrase seed
000006EF	1A9CF3:Adamant.esp	SPEL	MAG_PerkUnbreakableStaggerSpell	FULL	0	Unbreakable	牢不可破	Adamant 6.0.2 custom; Skyrim 8.20 terminology
000006F0	1A9CF3:Adamant.esp	SPEL	MAG_PerkUnbreakableStaggerSpell	DESC	0			Adamant 5.9.2 CHT exact phrase seed
000006F1	1BE0F8:Adamant.esp	SPEL	MAG_PerkWarmaster	FULL	0	Warmaster	戰爭大師	Adamant 6.0.2 custom; Skyrim 8.20 terminology
000006F2	1BE0F8:Adamant.esp	SPEL	MAG_PerkWarmaster	DESC	0			Adamant 5.9.2 CHT exact phrase seed
000006F3	1BE0FB:Adamant.esp	SPEL	MAG_PerkWarmasterStamina	FULL	0	Warmaster Stamina	戰爭大師耐力	Adamant 6.0.2 custom; Skyrim 8.20 terminology
000006F4	1BE0FB:Adamant.esp	SPEL	MAG_PerkWarmasterStamina	DESC	0			Adamant 5.9.2 CHT exact phrase seed
000006F5	1BE0FE:Adamant.esp	SPEL	MAG_PerkFlourish02	FULL	0	Flourish	華麗連擊	Adamant 5.9.2 CHT exact phrase seed
000006F6	1BE0FE:Adamant.esp	SPEL	MAG_PerkFlourish02	DESC	0			Adamant 5.9.2 CHT exact phrase seed
000006F7	1BE101:Adamant.esp	SPEL	MAG_PerkHackandSlashSpell	FULL	0	Hack and Slash	猛烈砍擊	Adamant 5.9.2 CHT exact phrase seed
000006F8	1BE101:Adamant.esp	SPEL	MAG_PerkHackandSlashSpell	DESC	0			Adamant 5.9.2 CHT exact phrase seed
000006F9	1CD406:Adamant.esp	SPEL	MAG_PerkBellRingerStuntSpell	FULL	0	Bell Ringer	鳴鐘者	Adamant 5.9.2 CHT exact phrase seed
000006FA	1CD406:Adamant.esp	SPEL	MAG_PerkBellRingerStuntSpell	DESC	0			Adamant 5.9.2 CHT exact phrase seed
000006FB	1CD409:Adamant.esp	SPEL	MAG_PerkBellRingerSpellStamina	FULL	0	Bell Ringer	鳴鐘者	Adamant 5.9.2 CHT exact phrase seed
000006FC	1CD409:Adamant.esp	SPEL	MAG_PerkBellRingerSpellStamina	DESC	0			Adamant 5.9.2 CHT exact phrase seed
000006FD	1CD40F:Adamant.esp	SPEL	MAG_PerkBellRingerSpellMagicka	FULL	0	Bell Ringer	鳴鐘者	Adamant 5.9.2 CHT exact phrase seed
000006FE	1CD40F:Adamant.esp	SPEL	MAG_PerkBellRingerSpellMagicka	DESC	0			Adamant 5.9.2 CHT exact phrase seed
000006FF	1D2511:Adamant.esp	SPEL	MAG_PerkArmorBreakerSpell01	FULL	0	Armor Breaker	破甲者	Adamant 5.9.2 CHT exact phrase seed
00000700	1D2511:Adamant.esp	SPEL	MAG_PerkArmorBreakerSpell01	DESC	0			Adamant 5.9.2 CHT exact phrase seed
00000701	1D2514:Adamant.esp	SPEL	MAG_PerkArmorBreaker	FULL	0	Armor Breaker	破甲者	Adamant 5.9.2 CHT exact phrase seed
00000702	1D2514:Adamant.esp	SPEL	MAG_PerkArmorBreaker	DESC	0			Adamant 5.9.2 CHT exact phrase seed
00000703	1D2515:Adamant.esp	SPEL	MAG_PerkArmorBreakerSpell02	FULL	0	Armor Breaker	破甲者	Adamant 5.9.2 CHT exact phrase seed
00000704	1D2515:Adamant.esp	SPEL	MAG_PerkArmorBreakerSpell02	DESC	0			Adamant 5.9.2 CHT exact phrase seed
00000705	1E6920:Adamant.esp	SPEL	MAG_PerkRipandTearSpell	FULL	0	Rip and Tear	撕裂重創	Adamant 5.9.2 CHT exact phrase seed
00000706	1E6920:Adamant.esp	SPEL	MAG_PerkRipandTearSpell	DESC	0			Adamant 5.9.2 CHT exact phrase seed
00000707	20F133:Adamant.esp	SPEL	MAG_PerkBerserkerSpeed	FULL	0	Berserker	狂戰士	Adamant 6.0.2 custom; Skyrim 8.20 terminology
00000708	20F133:Adamant.esp	SPEL	MAG_PerkBerserkerSpeed	DESC	0			Adamant 5.9.2 CHT exact phrase seed
00000709	20F136:Adamant.esp	SPEL	MAG_PerkBerserker	FULL	0	Berserker	狂戰士	Adamant 6.0.2 custom; Skyrim 8.20 terminology
0000070A	20F136:Adamant.esp	SPEL	MAG_PerkBerserker	DESC	0			Adamant 5.9.2 CHT exact phrase seed
0000070B	21423A:Adamant.esp	SPEL	MAG_PerkPerfectParry	FULL	0	Perfect Parry	完美招架	Adamant 6.0.2 custom; Skyrim 8.20 terminology
0000070C	21423A:Adamant.esp	SPEL	MAG_PerkPerfectParry	DESC	0			Adamant 5.9.2 CHT exact phrase seed
0000070D	232847:Adamant.esp	SPEL	MAG_PerkMagickaCurrent	FULL	0	Magicka Current	法力奔流	Adamant 6.0.2 custom; Skyrim 8.20 terminology
0000070E	232847:Adamant.esp	SPEL	MAG_PerkMagickaCurrent	DESC	0			Adamant 5.9.2 CHT exact phrase seed
0000070F	232851:Adamant.esp	SPEL	MAG_PerkSkullSplitterSpellStamina	FULL	0	Skull Splitter	碎顱者	Adamant 6.0.2 custom; Skyrim 8.20 terminology
00000710	232851:Adamant.esp	SPEL	MAG_PerkSkullSplitterSpellStamina	DESC	0			Adamant 5.9.2 CHT exact phrase seed
00000711	232853:Adamant.esp	SPEL	MAG_PerkArmorCrusher	FULL	0	Armor Crusher	護甲粉碎者	Adamant 5.9.2 CHT exact phrase seed
00000712	232853:Adamant.esp	SPEL	MAG_PerkArmorCrusher	DESC	0			Adamant 5.9.2 CHT exact phrase seed
00000713	23285C:Adamant.esp	SPEL	MAG_PerkArmorCrusherSpell01	FULL	0	Armor Crusher	護甲粉碎者	Adamant 5.9.2 CHT exact phrase seed
00000714	23285C:Adamant.esp	SPEL	MAG_PerkArmorCrusherSpell01	DESC	0			Adamant 5.9.2 CHT exact phrase seed
00000715	23285D:Adamant.esp	SPEL	MAG_PerkArmorCrusherSpell02	FULL	0	Armor Crusher	護甲粉碎者	Adamant 5.9.2 CHT exact phrase seed
00000716	23285D:Adamant.esp	SPEL	MAG_PerkArmorCrusherSpell02	DESC	0			Adamant 5.9.2 CHT exact phrase seed
00000717	232862:Adamant.esp	SPEL	MAG_PerkSkullSplitterSpellMagicka	FULL	0	Skull Splitter	碎顱者	Adamant 6.0.2 custom; Skyrim 8.20 terminology
00000718	232862:Adamant.esp	SPEL	MAG_PerkSkullSplitterSpellMagicka	DESC	0			Adamant 5.9.2 CHT exact phrase seed
00000719	23795E:Adamant.esp	SPEL	MAG_PerkTranquilityCloakDmg	FULL	0	Tranquility	寂靜法門	Adamant 5.9.2 CHT exact FormKey seed
0000071A	23795E:Adamant.esp	SPEL	MAG_PerkTranquilityCloakDmg	DESC	0			Adamant 5.9.2 CHT exact FormKey seed
0000071B	237962:Adamant.esp	SPEL	MAG_PerkTranquility	FULL	0	Tranquility	寂靜法門	Adamant 5.9.2 CHT exact FormKey seed
0000071C	237962:Adamant.esp	SPEL	MAG_PerkTranquility	DESC	0			Adamant 5.9.2 CHT exact FormKey seed
0000071D	246C68:Adamant.esp	SPEL	MAG_PerkMaimSpell	FULL	0	Maim	重創	Adamant 6.0.2 custom; Skyrim 8.20 terminology
0000071E	246C68:Adamant.esp	SPEL	MAG_PerkMaimSpell	DESC	0			Adamant 5.9.2 CHT exact phrase seed
0000071F	246C6B:Adamant.esp	SPEL	MAG_PerkKeenEdgeSpell	FULL	0	Keen Edge	鋒利刃口	Adamant 6.0.2 custom; Skyrim 8.20 terminology
00000720	246C6B:Adamant.esp	SPEL	MAG_PerkKeenEdgeSpell	DESC	0			Adamant 5.9.2 CHT exact phrase seed
00000721	255F70:Adamant.esp	SPEL	MAG_PerkGrimFocusSpell	FULL	0	Grim Focus	全神貫注	Adamant 5.9.2 CHT exact phrase seed
00000722	255F70:Adamant.esp	SPEL	MAG_PerkGrimFocusSpell	DESC	0			Adamant 5.9.2 CHT exact phrase seed
00000723	255F76:Adamant.esp	SPEL	MAG_PerkPinningShotSpell01	FULL	0	Pinning Shot	牽制射擊	Adamant 6.0.2 custom; Skyrim 8.20 terminology
00000724	255F76:Adamant.esp	SPEL	MAG_PerkPinningShotSpell01	DESC	0			Adamant 5.9.2 CHT exact phrase seed
00000725	255F7B:Adamant.esp	SPEL	MAG_PerkPinningShotSpell02	FULL	0	Pinning Shot	牽制射擊	Adamant 6.0.2 custom; Skyrim 8.20 terminology
00000726	255F7B:Adamant.esp	SPEL	MAG_PerkPinningShotSpell02	DESC	0			Adamant 5.9.2 CHT exact phrase seed
00000727	255F7C:Adamant.esp	SPEL	MAG_PerkPinningShotSpell03	FULL	0	Pinning Shot	牽制射擊	Adamant 6.0.2 custom; Skyrim 8.20 terminology
00000728	255F7C:Adamant.esp	SPEL	MAG_PerkPinningShotSpell03	DESC	0			Adamant 5.9.2 CHT exact phrase seed
00000729	255F7E:Adamant.esp	SPEL	MAG_PerkPinningShotSpell04	FULL	0	Pinning Shot	牽制射擊	Adamant 6.0.2 custom; Skyrim 8.20 terminology
0000072A	255F7E:Adamant.esp	SPEL	MAG_PerkPinningShotSpell04	DESC	0			Adamant 5.9.2 CHT exact phrase seed
0000072B	255F80:Adamant.esp	SPEL	MAG_PerkPinningShotSpell05	FULL	0	Pinning Shot	牽制射擊	Adamant 6.0.2 custom; Skyrim 8.20 terminology
0000072C	255F80:Adamant.esp	SPEL	MAG_PerkPinningShotSpell05	DESC	0			Adamant 5.9.2 CHT exact phrase seed
0000072D	27968E:Adamant.esp	SPEL	MAG_PerkNecrosisSpell01	FULL	0	Necrosis Spell	壞死術	Adamant 6.0.2 custom; Skyrim 8.20 terminology
0000072E	27968E:Adamant.esp	SPEL	MAG_PerkNecrosisSpell01	DESC	0			Adamant 5.9.2 CHT exact phrase seed
0000072F	279691:Adamant.esp	SPEL	MAG_PerkNecrosisSpell02	FULL	0	Necrosis Spell	壞死術	Adamant 6.0.2 custom; Skyrim 8.20 terminology
00000730	279691:Adamant.esp	SPEL	MAG_PerkNecrosisSpell02	DESC	0			Adamant 5.9.2 CHT exact phrase seed
00000731	28899A:Adamant.esp	SPEL	MAG_MassReanimationDummy	FULL	0	Mass Reanimation Dummy	群體復生占位效果	Adamant 6.0.2 custom; Skyrim 8.20 terminology
00000732	28899A:Adamant.esp	SPEL	MAG_MassReanimationDummy	DESC	0			Adamant 5.9.2 CHT exact phrase seed
00000733	2CA6AB:Adamant.esp	SPEL	MAG_PerkPreciseCutsSpell	FULL	0	PreciseCuts	精準斬擊	Adamant 6.0.2 custom; Skyrim 8.20 terminology
00000734	2CA6AB:Adamant.esp	SPEL	MAG_PerkPreciseCutsSpell	DESC	0			Adamant 5.9.2 CHT exact phrase seed
00000735	2D99B7:Adamant.esp	SPEL	MAG_PerkDeepCutsSpell	FULL	0	Deep Cuts	深度割傷	Adamant 5.9.2 CHT exact phrase seed
00000736	2D99B7:Adamant.esp	SPEL	MAG_PerkDeepCutsSpell	DESC	0			Adamant 5.9.2 CHT exact phrase seed
00000737	2E3BBA:Adamant.esp	SPEL	MAG_PerkFellStrokeSpell	FULL	0	Fell Stroke	致命重擊	Adamant 6.0.2 custom; Skyrim 8.20 terminology
00000738	2E3BBA:Adamant.esp	SPEL	MAG_PerkFellStrokeSpell	DESC	0			Adamant 5.9.2 CHT exact phrase seed
00000739	2F2EC3:Adamant.esp	SPEL	MAG_PerkEagleEyeSpell	FULL	0	Eagle Eye	鷹眼視覺	Adamant 5.9.2 CHT exact phrase seed
0000073A	2F2EC3:Adamant.esp	SPEL	MAG_PerkEagleEyeSpell	DESC	0			Adamant 5.9.2 CHT exact phrase seed
0000073B	32A9D6:Adamant.esp	SPEL	MAG_PerkSkullSplitterStuntSpell	FULL	0	Skull Splitter	碎顱者	Adamant 6.0.2 custom; Skyrim 8.20 terminology
0000073C	32A9D6:Adamant.esp	SPEL	MAG_PerkSkullSplitterStuntSpell	DESC	0			Adamant 5.9.2 CHT exact phrase seed
0000073D	334BE7:Adamant.esp	SPEL	MAG_ScalingControllerAbility	FULL	0	Scaling Controller Ability	Scaling Controller Ability	Adamant 5.9.2 CHT exact phrase seed
0000073E	334BE7:Adamant.esp	SPEL	MAG_ScalingControllerAbility	DESC	0			Adamant 5.9.2 CHT exact phrase seed
0000073F	3582F2:Adamant.esp	SPEL	MAG_TwoHandedSpeedSpell	FULL	0	Two Handed Speed Spell	雙手武器速度法術	Adamant 6.0.2 custom; Skyrim 8.20 terminology
00000740	3582F2:Adamant.esp	SPEL	MAG_TwoHandedSpeedSpell	DESC	0			Adamant 5.9.2 CHT exact phrase seed
00000741	3582F5:Adamant.esp	SPEL	MAG_OneHandedSpeedSpell	FULL	0	One Handed Speed Spell	單手武器速度法術	Adamant 6.0.2 custom; Skyrim 8.20 terminology
00000742	3582F5:Adamant.esp	SPEL	MAG_OneHandedSpeedSpell	DESC	0			Adamant 5.9.2 CHT exact phrase seed
00000743	35D3FA:Adamant.esp	SPEL	MAG_UnarmedSpeedSpell	FULL	0	Unarmed Speed Spell	徒手速度法術	Adamant 6.0.2 custom; Skyrim 8.20 terminology
00000744	35D3FA:Adamant.esp	SPEL	MAG_UnarmedSpeedSpell	DESC	0			Adamant 5.9.2 CHT exact phrase seed
00000745	38AD0A:Adamant.esp	SPEL	MAG_PerkBitingJabsSpell	FULL	0	Biting Jabs	噬咬突刺	Adamant 6.0.2 custom; Skyrim 8.20 terminology
00000746	38AD0A:Adamant.esp	SPEL	MAG_PerkBitingJabsSpell	DESC	0			Adamant 5.9.2 CHT exact phrase seed
00000747	38FE0E:Adamant.esp	SPEL	MAG_PerkBitingJabsSpellAoE	FULL	0	Biting Jabs	噬咬突刺	Adamant 6.0.2 custom; Skyrim 8.20 terminology
00000748	38FE0E:Adamant.esp	SPEL	MAG_PerkBitingJabsSpellAoE	DESC	0			Adamant 5.9.2 CHT exact phrase seed
00000749	394F12:Adamant.esp	SPEL	MAG_PerkPiercingStrikesSpell	FULL	0	Piercing Strikes	穿透打擊	Adamant 6.0.2 custom; Skyrim 8.20 terminology
0000074A	394F12:Adamant.esp	SPEL	MAG_PerkPiercingStrikesSpell	DESC	0			Adamant 5.9.2 CHT exact phrase seed
0000074B	394F15:Adamant.esp	SPEL	MAG_PerkPiercingStrikesSpellAoE	FULL	0	Piercing Strikes	穿透打擊	Adamant 6.0.2 custom; Skyrim 8.20 terminology
0000074C	394F15:Adamant.esp	SPEL	MAG_PerkPiercingStrikesSpellAoE	DESC	0			Adamant 5.9.2 CHT exact phrase seed
0000074D	3A4224:Adamant.esp	SPEL	MAG_PerkBastion	FULL	0	Bastion	堡壘	Adamant 5.9.2 CHT exact phrase seed
0000074E	3A4224:Adamant.esp	SPEL	MAG_PerkBastion	DESC	0			Adamant 5.9.2 CHT exact phrase seed
0000074F	3A9327:Adamant.esp	SPEL	MAG_DestructionTest	FULL	0	Destruction Test	毀滅系測試	Adamant 6.0.2 custom; Skyrim 8.20 terminology
00000750	3A9327:Adamant.esp	SPEL	MAG_DestructionTest	DESC	0			Adamant 5.9.2 CHT exact phrase seed
00000751	3B8633:Adamant.esp	SPEL	MAG_PerkPowerSurgeMagicka	FULL	0	Power Surge	能量湧動	Adamant 5.9.2 CHT exact phrase seed
00000752	3B8633:Adamant.esp	SPEL	MAG_PerkPowerSurgeMagicka	DESC	0			Adamant 5.9.2 CHT exact phrase seed
00000753	3E0E3F:Adamant.esp	SPEL	MAG_ResistanceTrackerSpell	FULL	0	Resistance Tracker	抗性追蹤器	Adamant 6.0.2 custom; Skyrim 8.20 terminology
00000754	3E0E3F:Adamant.esp	SPEL	MAG_ResistanceTrackerSpell	DESC	0			Adamant 5.9.2 CHT exact phrase seed
00000755	3E0E40:Adamant.esp	SPEL	MAG_ResistanceTrackerFrostSpell	FULL	0	Resistance Tracker	抗性追蹤器	Adamant 6.0.2 custom; Skyrim 8.20 terminology
00000756	3E0E40:Adamant.esp	SPEL	MAG_ResistanceTrackerFrostSpell	DESC	0			Adamant 5.9.2 CHT exact phrase seed
00000757	3E0E42:Adamant.esp	SPEL	MAG_ResistanceTrackerPoisonSpell	FULL	0	Resistance Tracker	抗性追蹤器	Adamant 6.0.2 custom; Skyrim 8.20 terminology
00000758	3E0E42:Adamant.esp	SPEL	MAG_ResistanceTrackerPoisonSpell	DESC	0			Adamant 5.9.2 CHT exact phrase seed
00000759	3E0E46:Adamant.esp	SPEL	MAG_PerkNorthWindSpell	FULL	0	North Wind	北風	Adamant 5.9.2 CHT exact phrase seed
0000075A	3E0E46:Adamant.esp	SPEL	MAG_PerkNorthWindSpell	DESC	0			Adamant 5.9.2 CHT exact phrase seed
0000075B	3E0E4A:Adamant.esp	SPEL	MAG_PerkPermafrostSpell	FULL	0	Permafrost	永凍	Adamant 5.9.2 CHT exact phrase seed
0000075C	3E0E4A:Adamant.esp	SPEL	MAG_PerkPermafrostSpell	DESC	0			Adamant 5.9.2 CHT exact phrase seed
0000075D	3F0153:Adamant.esp	SPEL	MAG_PerkPlagueSpell	FULL	0	Plague	疫病	Adamant 5.9.2 CHT exact phrase seed
0000075E	3F0153:Adamant.esp	SPEL	MAG_PerkPlagueSpell	DESC	0			Adamant 5.9.2 CHT exact phrase seed
0000075F	404523:Adamant.esp	SPEL	MAG_LightArmorStamina	FULL	0	Adrenaline	腎上腺素	Adamant 5.9.2 CHT exact FormKey seed
00000760	404523:Adamant.esp	SPEL	MAG_LightArmorStamina	DESC	0			Adamant 5.9.2 CHT exact FormKey seed
00000761	40965F:Adamant.esp	SPEL	MAG_MassReanimationSpell	FULL	0	Mass Reanimation	群體復生	Adamant 6.0.2 custom; Skyrim 8.20 terminology
00000762	40965F:Adamant.esp	SPEL	MAG_MassReanimationSpell	DESC	0			Adamant 5.9.2 CHT exact phrase seed
00000763	40E760:Adamant.esp	SPEL	MAG_MassReanimationCooldownSpell	FULL	0	Mass Reanimation	群體復生	Adamant 6.0.2 custom; Skyrim 8.20 terminology
00000764	40E760:Adamant.esp	SPEL	MAG_MassReanimationCooldownSpell	DESC	0			Adamant 5.9.2 CHT exact phrase seed
00000765	427C66:Adamant.esp	SPEL	MAG_NecromancySpell	FULL	0	Necromancy Spell	死靈法術	Adamant 6.0.2 custom; Skyrim 8.20 terminology
00000766	427C66:Adamant.esp	SPEL	MAG_NecromancySpell	DESC	0			Adamant 5.9.2 CHT exact phrase seed
00000767	427C69:Adamant.esp	SPEL	MAG_NecromancySpellNoAsh	FULL	0	Necromancy Spell	死靈法術	Adamant 6.0.2 custom; Skyrim 8.20 terminology
00000768	427C69:Adamant.esp	SPEL	MAG_NecromancySpellNoAsh	DESC	0			Adamant 5.9.2 CHT exact phrase seed
00000769	436F6D:Adamant.esp	SPEL	MAG_NecromancySpellResist	FULL	0	Necromancy Spell	死靈法術	Adamant 6.0.2 custom; Skyrim 8.20 terminology
0000076A	436F6D:Adamant.esp	SPEL	MAG_NecromancySpellResist	DESC	0			Adamant 5.9.2 CHT exact phrase seed
0000076B	4699B1:Adamant.esp	SPEL	MAG_PerkImpactStaggerSpell075	FULL	0	Stagger	失衡	Adamant 5.9.2 CHT exact phrase seed
0000076C	4699B1:Adamant.esp	SPEL	MAG_PerkImpactStaggerSpell075	DESC	0			Adamant 5.9.2 CHT exact phrase seed
0000076D	4AB6B6:Adamant.esp	SPEL	MAG_PlayDrumSpell	FULL	0	Play Drum	演奏鼓樂	Adamant 6.0.2 custom; Skyrim 8.20 terminology
0000076E	4AB6B6:Adamant.esp	SPEL	MAG_PlayDrumSpell	DESC	0			Adamant 5.9.2 CHT exact phrase seed
0000076F	4AB6BA:Adamant.esp	SPEL	MAG_DrumSongSpell01	FULL	0	Drum Song	鼓樂	Adamant 6.0.2 custom; Skyrim 8.20 terminology
00000770	4AB6BA:Adamant.esp	SPEL	MAG_DrumSongSpell01	DESC	0			Adamant 5.9.2 CHT exact phrase seed
00000771	4AB6BB:Adamant.esp	SPEL	MAG_DrumBuffSpell	FULL	0	Play Drum	演奏鼓樂	Adamant 6.0.2 custom; Skyrim 8.20 terminology
00000772	4AB6BB:Adamant.esp	SPEL	MAG_DrumBuffSpell	DESC	0			Adamant 5.9.2 CHT exact phrase seed
00000773	4AB6C3:Adamant.esp	SPEL	MAG_DrumSongSpell02	FULL	0	Drum Song	鼓樂	Adamant 6.0.2 custom; Skyrim 8.20 terminology
00000774	4AB6C3:Adamant.esp	SPEL	MAG_DrumSongSpell02	DESC	0			Adamant 5.9.2 CHT exact phrase seed
00000775	4AB6C4:Adamant.esp	SPEL	MAG_DrumSongSpell03	FULL	0	Drum Song	鼓樂	Adamant 6.0.2 custom; Skyrim 8.20 terminology
00000776	4AB6C4:Adamant.esp	SPEL	MAG_DrumSongSpell03	DESC	0			Adamant 5.9.2 CHT exact phrase seed
00000777	4B07D1:Adamant.esp	SPEL	MAG_PlayFluteSpell	FULL	0	Play Flute	演奏長笛	Adamant 6.0.2 custom; Skyrim 8.20 terminology
00000778	4B07D1:Adamant.esp	SPEL	MAG_PlayFluteSpell	DESC	0			Adamant 5.9.2 CHT exact phrase seed
00000779	4B07D8:Adamant.esp	SPEL	MAG_PlayLuteSpell	FULL	0	Play Lute	演奏魯特琴	Adamant 6.0.2 custom; Skyrim 8.20 terminology
0000077A	4B07D8:Adamant.esp	SPEL	MAG_PlayLuteSpell	DESC	0			Adamant 5.9.2 CHT exact phrase seed
0000077B	4B07DE:Adamant.esp	SPEL	MAG_FluteBuffSpell	FULL	0	Play Flute	演奏長笛	Adamant 6.0.2 custom; Skyrim 8.20 terminology
0000077C	4B07DE:Adamant.esp	SPEL	MAG_FluteBuffSpell	DESC	0			Adamant 5.9.2 CHT exact phrase seed
0000077D	4B07E2:Adamant.esp	SPEL	MAG_LuteBuffSpell	FULL	0	Play Lute	演奏魯特琴	Adamant 6.0.2 custom; Skyrim 8.20 terminology
0000077E	4B07E2:Adamant.esp	SPEL	MAG_LuteBuffSpell	DESC	0			Adamant 5.9.2 CHT exact phrase seed
0000077F	4B07E5:Adamant.esp	SPEL	MAG_FluteSongSpell01	FULL	0	Flute Song	長笛樂曲	Adamant 6.0.2 custom; Skyrim 8.20 terminology
00000780	4B07E5:Adamant.esp	SPEL	MAG_FluteSongSpell01	DESC	0			Adamant 5.9.2 CHT exact phrase seed
00000781	4B07E8:Adamant.esp	SPEL	MAG_FluteSongSpell02	FULL	0	Flute Song	長笛樂曲	Adamant 6.0.2 custom; Skyrim 8.20 terminology
00000782	4B07E8:Adamant.esp	SPEL	MAG_FluteSongSpell02	DESC	0			Adamant 5.9.2 CHT exact phrase seed
00000783	4B07E9:Adamant.esp	SPEL	MAG_FluteSongSpell03	FULL	0	Flute Song	長笛樂曲	Adamant 6.0.2 custom; Skyrim 8.20 terminology
00000784	4B07E9:Adamant.esp	SPEL	MAG_FluteSongSpell03	DESC	0			Adamant 5.9.2 CHT exact phrase seed
00000785	4B07EB:Adamant.esp	SPEL	MAG_FluteSongSpell04	FULL	0	Flute Song	長笛樂曲	Adamant 6.0.2 custom; Skyrim 8.20 terminology
00000786	4B07EB:Adamant.esp	SPEL	MAG_FluteSongSpell04	DESC	0			Adamant 5.9.2 CHT exact phrase seed
00000787	4B07ED:Adamant.esp	SPEL	MAG_FluteSongSpell05	FULL	0	Flute Song	長笛樂曲	Adamant 6.0.2 custom; Skyrim 8.20 terminology
00000788	4B07ED:Adamant.esp	SPEL	MAG_FluteSongSpell05	DESC	0			Adamant 5.9.2 CHT exact phrase seed
00000789	4B07EF:Adamant.esp	SPEL	MAG_FluteSongSpell06	FULL	0	Flute Song	長笛樂曲	Adamant 6.0.2 custom; Skyrim 8.20 terminology
0000078A	4B07EF:Adamant.esp	SPEL	MAG_FluteSongSpell06	DESC	0			Adamant 5.9.2 CHT exact phrase seed
0000078B	4B58F9:Adamant.esp	SPEL	MAG_LuteSongSpell01	FULL	0	Lute Song	魯特琴樂曲	Adamant 6.0.2 custom; Skyrim 8.20 terminology
0000078C	4B58F9:Adamant.esp	SPEL	MAG_LuteSongSpell01	DESC	0			Adamant 5.9.2 CHT exact phrase seed
0000078D	4B58FA:Adamant.esp	SPEL	MAG_LuteSongSpell02	FULL	0	Lute Song	魯特琴樂曲	Adamant 6.0.2 custom; Skyrim 8.20 terminology
0000078E	4B58FA:Adamant.esp	SPEL	MAG_LuteSongSpell02	DESC	0			Adamant 5.9.2 CHT exact phrase seed
0000078F	4B58FC:Adamant.esp	SPEL	MAG_LuteSongSpell03	FULL	0	Lute Song	魯特琴樂曲	Adamant 6.0.2 custom; Skyrim 8.20 terminology
00000790	4B58FC:Adamant.esp	SPEL	MAG_LuteSongSpell03	DESC	0			Adamant 5.9.2 CHT exact phrase seed
00000791	4B58FE:Adamant.esp	SPEL	MAG_LuteSongSpell04	FULL	0	Lute Song	魯特琴樂曲	Adamant 6.0.2 custom; Skyrim 8.20 terminology
00000792	4B58FE:Adamant.esp	SPEL	MAG_LuteSongSpell04	DESC	0			Adamant 5.9.2 CHT exact phrase seed
00000793	4B5905:Adamant.esp	SPEL	MAG_FluteBuffDummySpell	FULL	0	Bard	吟遊詩人	Adamant 6.0.2 custom; Skyrim 8.20 terminology
00000794	4B5905:Adamant.esp	SPEL	MAG_FluteBuffDummySpell	DESC	0			Adamant 5.9.2 CHT exact phrase seed
00000795	4B590A:Adamant.esp	SPEL	MAG_DrumBuffDummySpell	FULL	0	Bard	吟遊詩人	Adamant 6.0.2 custom; Skyrim 8.20 terminology
00000796	4B590A:Adamant.esp	SPEL	MAG_DrumBuffDummySpell	DESC	0			Adamant 5.9.2 CHT exact phrase seed
00000797	4B590F:Adamant.esp	SPEL	MAG_FluteBuffPilgrimSpell	FULL	0	Bard Song	吟遊詩人樂曲	Adamant 6.0.2 custom; Skyrim 8.20 terminology
00000798	4B590F:Adamant.esp	SPEL	MAG_FluteBuffPilgrimSpell	DESC	0			Adamant 5.9.2 CHT exact phrase seed
00000799	4C4C16:Adamant.esp	SPEL	MAG_FluteBuffNPCSpell	FULL	0	Bard Song	吟遊詩人樂曲	Adamant 6.0.2 custom; Skyrim 8.20 terminology
0000079A	4C4C16:Adamant.esp	SPEL	MAG_FluteBuffNPCSpell	DESC	0			Adamant 5.9.2 CHT exact phrase seed
0000079B	4C4C27:Adamant.esp	SPEL	MAG_BardXPCooldownShort	FULL	0	Bard Song	吟遊詩人樂曲	Adamant 6.0.2 custom; Skyrim 8.20 terminology
0000079C	4C4C27:Adamant.esp	SPEL	MAG_BardXPCooldownShort	DESC	0			Adamant 5.9.2 CHT exact phrase seed
0000079D	4C4C2A:Adamant.esp	SPEL	MAG_BardXPCooldownLong	FULL	0	Bard Song	吟遊詩人樂曲	Adamant 6.0.2 custom; Skyrim 8.20 terminology
0000079E	4C4C2A:Adamant.esp	SPEL	MAG_BardXPCooldownLong	DESC	0			Adamant 5.9.2 CHT exact phrase seed
0000079F	4C4C2D:Adamant.esp	SPEL	MAG_BardControllerAbility	FULL	0	Flute Song	長笛樂曲	Adamant 6.0.2 custom; Skyrim 8.20 terminology
000007A0	4C4C2D:Adamant.esp	SPEL	MAG_BardControllerAbility	DESC	0			Adamant 5.9.2 CHT exact phrase seed
000007A1	4C4C38:Adamant.esp	SPEL	MAG_BardLessonTooltipSpell	FULL	0	Bardic Verse	吟遊詩篇	Adamant 6.0.2 custom; Skyrim 8.20 terminology
000007A2	4C4C38:Adamant.esp	SPEL	MAG_BardLessonTooltipSpell	DESC	0			Adamant 5.9.2 CHT exact phrase seed
000007A3	4CEE52:Adamant.esp	SPEL	MAG_DrumBuffPilgrimSpell	FULL	0	Bard Song	吟遊詩人樂曲	Adamant 6.0.2 custom; Skyrim 8.20 terminology
000007A4	4CEE52:Adamant.esp	SPEL	MAG_DrumBuffPilgrimSpell	DESC	0			Adamant 5.9.2 CHT exact phrase seed
000007A5	4CEE5F:Adamant.esp	SPEL	MAG_DrumBuffNPCSpell	FULL	0	Bard Song	吟遊詩人樂曲	Adamant 6.0.2 custom; Skyrim 8.20 terminology
000007A6	4CEE5F:Adamant.esp	SPEL	MAG_DrumBuffNPCSpell	DESC	0			Adamant 5.9.2 CHT exact phrase seed
000007A7	4CEE60:Adamant.esp	SPEL	MAG_BardBuffNPCSpell	FULL	0	Bard	吟遊詩人	Adamant 6.0.2 custom; Skyrim 8.20 terminology
000007A8	4CEE60:Adamant.esp	SPEL	MAG_BardBuffNPCSpell	DESC	0			Adamant 5.9.2 CHT exact phrase seed
000007A9	4CEE6A:Adamant.esp	SPEL	MAG_LuteBuffDummySpell	FULL	0	Bard	吟遊詩人	Adamant 6.0.2 custom; Skyrim 8.20 terminology
000007AA	4CEE6A:Adamant.esp	SPEL	MAG_LuteBuffDummySpell	DESC	0			Adamant 5.9.2 CHT exact phrase seed
000007AB	4CEE6F:Adamant.esp	SPEL	MAG_LuteBuffPilgrimSpell	FULL	0	Bard Song	吟遊詩人樂曲	Adamant 6.0.2 custom; Skyrim 8.20 terminology
000007AC	4CEE6F:Adamant.esp	SPEL	MAG_LuteBuffPilgrimSpell	DESC	0			Adamant 5.9.2 CHT exact phrase seed
000007AD	4CEE72:Adamant.esp	SPEL	MAG_LuteBuffNPCSpell	FULL	0	Bard Song	吟遊詩人樂曲	Adamant 6.0.2 custom; Skyrim 8.20 terminology
000007AE	4CEE72:Adamant.esp	SPEL	MAG_LuteBuffNPCSpell	DESC	0			Adamant 5.9.2 CHT exact phrase seed
000007AF	4D3F7B:Adamant.esp	SPEL	MAG_PerkSupplyandDemandSpell01	FULL	0	Supply and Demand	供需	Adamant 5.9.2 CHT exact phrase seed
000007B0	4D3F7B:Adamant.esp	SPEL	MAG_PerkSupplyandDemandSpell01	DESC	0			Adamant 5.9.2 CHT exact phrase seed
000007B1	4D3F7E:Adamant.esp	SPEL	MAG_PerkSupplyandDemandSpell02	FULL	0	Supply and Demand	供需	Adamant 5.9.2 CHT exact phrase seed
000007B2	4D3F7E:Adamant.esp	SPEL	MAG_PerkSupplyandDemandSpell02	DESC	0			Adamant 5.9.2 CHT exact phrase seed
000007B3	4D3F81:Adamant.esp	SPEL	MAG_PerkQuickLearnerSpell01	FULL	0	Quick Learner	快速學習	Adamant 6.0.2 custom; Skyrim 8.20 terminology
000007B4	4D3F81:Adamant.esp	SPEL	MAG_PerkQuickLearnerSpell01	DESC	0			Adamant 5.9.2 CHT exact phrase seed
000007B5	4D8F30:Adamant.esp	SPEL	MAG_PerkStunningStrike	FULL	0	Stunning Strike	震懾打擊	Adamant 5.9.2 CHT exact FormKey seed
000007B6	4D8F30:Adamant.esp	SPEL	MAG_PerkStunningStrike	DESC	0			Adamant 5.9.2 CHT exact FormKey seed
000007B7	4D8F36:Adamant.esp	SPEL	MAG_PerkBatteringRam	FULL	0	Battering Ram	猛烈一擊	Adamant 5.9.2 CHT exact FormKey seed
000007B8	4D8F36:Adamant.esp	SPEL	MAG_PerkBatteringRam	DESC	0			Adamant 5.9.2 CHT exact FormKey seed
000007B9	50698A:Adamant.esp	SPEL	MAG_PowerAttackSpeedSpell	FULL	0	Power Attack Speed Spell	強力攻擊速度法術	Adamant 6.0.2 custom; Skyrim 8.20 terminology
000007BA	50698A:Adamant.esp	SPEL	MAG_PowerAttackSpeedSpell	DESC	0			Adamant 5.9.2 CHT exact phrase seed
000007BB	515C8D:Adamant.esp	SPEL	MAG_PerkFlourish01	FULL	0	Flourish	華麗連擊	Adamant 5.9.2 CHT exact phrase seed
000007BC	515C8D:Adamant.esp	SPEL	MAG_PerkFlourish01	DESC	0			Adamant 5.9.2 CHT exact phrase seed
000007BD	53E359:Adamant.esp	SPEL	MAG_PerkEyeoftheStorm	FULL	0	Eye of the Storm	風暴之眼	Adamant 5.9.2 CHT exact FormKey seed
000007BE	53E359:Adamant.esp	SPEL	MAG_PerkEyeoftheStorm	DESC	0			Adamant 5.9.2 CHT exact FormKey seed
000007BF	53E35D:Adamant.esp	SPEL	MAG_EyeoftheStormCloakFireDmg	FULL	0	Eye of the Storm	風暴之眼	Adamant 5.9.2 CHT exact FormKey seed
000007C0	53E35D:Adamant.esp	SPEL	MAG_EyeoftheStormCloakFireDmg	DESC	0			Adamant 5.9.2 CHT exact FormKey seed
000007C1	552762:Adamant.esp	SPEL	MAG_PerkOnslaught	FULL	0	Onslaught	猛攻	Adamant 5.9.2 CHT exact FormKey seed
000007C2	552762:Adamant.esp	SPEL	MAG_PerkOnslaught	DESC	0			Adamant 5.9.2 CHT exact FormKey seed
000007C3	5944C2:Adamant.esp	SPEL	MAG_NecromancySpellGear	FULL	0	Necromancy Spell	死靈法術	Adamant 6.0.2 custom; Skyrim 8.20 terminology
000007C4	5944C2:Adamant.esp	SPEL	MAG_NecromancySpellGear	DESC	0			Adamant 5.9.2 CHT exact FormKey seed
000007C5	5B7BD8:Adamant.esp	SPEL	MAG_PerkRampage	FULL	0	Rampage	狂暴怒擊	Adamant 5.9.2 CHT exact FormKey seed
000007C6	5B7BD8:Adamant.esp	SPEL	MAG_PerkRampage	DESC	0			Adamant 5.9.2 CHT exact FormKey seed
000007C7	5EA610:Adamant.esp	SPEL	MAG_PerkStormcrown80	FULL	0	Stormcrown	風暴王冠	Adamant 5.9.2 CHT exact FormKey seed
000007C8	5EA610:Adamant.esp	SPEL	MAG_PerkStormcrown80	DESC	0			Adamant 5.9.2 CHT exact FormKey seed
000007C9	5F4814:Adamant.esp	SPEL	MAG_PerkHowlofRageCloakDmg	FULL	0	Howl of Rage	狂嗥怒吼	Adamant 5.9.2 CHT exact FormKey seed
000007CA	5F4814:Adamant.esp	SPEL	MAG_PerkHowlofRageCloakDmg	DESC	0			Adamant 5.9.2 CHT exact FormKey seed
000007CB	5F4817:Adamant.esp	SPEL	MAG_PerkHowlOfRage	FULL	0	Howl of Rage	狂嗥怒吼	Adamant 5.9.2 CHT exact FormKey seed
000007CC	5F4817:Adamant.esp	SPEL	MAG_PerkHowlOfRage	DESC	0			Adamant 5.9.2 CHT exact FormKey seed
000007CD	68244A:Adamant.esp	SPEL	MAG_PerkSpellSip	FULL	0	Spell Sip	法術汲取	Adamant 5.9.2 CHT exact FormKey seed
000007CE	68244A:Adamant.esp	SPEL	MAG_PerkSpellSip	DESC	0			Adamant 5.9.2 CHT exact FormKey seed
000007CF	6D3474:Adamant.esp	SPEL	MAG_PerkPugilist80	FULL	0	Pugilist	拳師	Adamant 5.9.2 CHT exact FormKey seed
000007D0	6D3474:Adamant.esp	SPEL	MAG_PerkPugilist80	DESC	0			Adamant 5.9.2 CHT exact FormKey seed
000007D1	798B9C:Adamant.esp	SPEL	MAG_abRareGems	FULL	0	Rare Gems	稀有寶石	Adamant 5.9.2 CHT exact FormKey seed
000007D2	798B9C:Adamant.esp	SPEL	MAG_abRareGems	DESC	0			Adamant 5.9.2 CHT exact FormKey seed
000007D3	7CB5AB:Adamant.esp	SPEL	MAG_EyeoftheStormCloakFrostDmg	FULL	0	Eye of the Storm	風暴之眼	Adamant 5.9.2 CHT exact FormKey seed
000007D4	7CB5AB:Adamant.esp	SPEL	MAG_EyeoftheStormCloakFrostDmg	DESC	0			Adamant 5.9.2 CHT exact FormKey seed
000007D5	7CB5AC:Adamant.esp	SPEL	MAG_EyeoftheStormCloakShockDmg	FULL	0	Eye of the Storm	風暴之眼	Adamant 5.9.2 CHT exact FormKey seed
000007D6	7CB5AC:Adamant.esp	SPEL	MAG_EyeoftheStormCloakShockDmg	DESC	0			Adamant 5.9.2 CHT exact FormKey seed
000007D7	80D2C5:Adamant.esp	SPEL	MAG_PerkCombustionHazardSpell	FULL	0	Combustion	燃燒	Adamant 5.9.2 CHT exact FormKey seed
000007D8	80D2C5:Adamant.esp	SPEL	MAG_PerkCombustionHazardSpell	DESC	0			Adamant 5.9.2 CHT exact FormKey seed
000007D9	8309DC:Adamant.esp	SPEL	MAG_PerkCombustionHazardSpellDualCast	FULL	0	Combustion	燃燒	Adamant 5.9.2 CHT exact FormKey seed
000007DA	8309DC:Adamant.esp	SPEL	MAG_PerkCombustionHazardSpellDualCast	DESC	0			Adamant 5.9.2 CHT exact FormKey seed
000007DB	83ABE2:Adamant.esp	SPEL	MAG_PerkChanneler01	FULL	0	Channeler	導能者	Adamant 5.9.2 CHT exact FormKey seed
000007DC	83ABE2:Adamant.esp	SPEL	MAG_PerkChanneler01	DESC	0			Adamant 5.9.2 CHT exact FormKey seed
000007DD	849EEA:Adamant.esp	SPEL	MAG_PerkWildfire	FULL	0	Wildfire	野火	Adamant 5.9.2 CHT exact FormKey seed
000007DE	849EEA:Adamant.esp	SPEL	MAG_PerkWildfire	DESC	0			Adamant 5.9.2 CHT exact FormKey seed
000007DF	84EFEE:Adamant.esp	SPEL	MAG_PerkWildfireHazardSpell	FULL	0	Wildfire	野火	Adamant 5.9.2 CHT exact FormKey seed
000007E0	84EFEE:Adamant.esp	SPEL	MAG_PerkWildfireHazardSpell	DESC	0			Adamant 5.9.2 CHT exact FormKey seed
000007E1	8591F2:Adamant.esp	SPEL	MAG_PerkDeepFreeze	FULL	0	Deep Freeze	深度凍結	Adamant 5.9.2 CHT exact FormKey seed
000007E2	8591F2:Adamant.esp	SPEL	MAG_PerkDeepFreeze	DESC	0			Adamant 5.9.2 CHT exact FormKey seed
000007E3	8591F3:Adamant.esp	SPEL	MAG_PerkDeepFreezeDualCast	FULL	0	Deep Freeze	深度凍結	Adamant 5.9.2 CHT exact FormKey seed
000007E4	8591F3:Adamant.esp	SPEL	MAG_PerkDeepFreezeDualCast	DESC	0			Adamant 5.9.2 CHT exact FormKey seed
000007E5	8591F8:Adamant.esp	SPEL	MAG_PerkWildfireDualCast	FULL	0	Wildfire	野火	Adamant 5.9.2 CHT exact FormKey seed
000007E6	8591F8:Adamant.esp	SPEL	MAG_PerkWildfireDualCast	DESC	0			Adamant 5.9.2 CHT exact FormKey seed
000007E7	86340B:Adamant.esp	SPEL	MAG_FuckOffJzargo	FULL	0	Fuck off J'zargo	扎格滾出去	Adamant 5.9.2 CHT exact FormKey seed
000007E8	86340B:Adamant.esp	SPEL	MAG_FuckOffJzargo	DESC	0			Adamant 5.9.2 CHT exact FormKey seed
000007E9	9E4057:Adamant.esp	SPEL	MAG_PerkWildfireAlt	FULL	0	Wildfire	野火	Adamant 5.9.2 CHT exact FormKey seed
000007EA	9E4057:Adamant.esp	SPEL	MAG_PerkWildfireAlt	DESC	0			Adamant 5.9.2 CHT exact FormKey seed
000007EB	9E4058:Adamant.esp	SPEL	MAG_PerkWildfireDualCastAlt	FULL	0	Wildfire	野火	Adamant 5.9.2 CHT exact FormKey seed
000007EC	9E4058:Adamant.esp	SPEL	MAG_PerkWildfireDualCastAlt	DESC	0			Adamant 5.9.2 CHT exact FormKey seed
000007ED	A20C5D:Adamant.esp	SPEL	MAG_PerkDragonoftheNorth	FULL	0	Dragon of the North	北方之龍	Adamant 5.9.2 CHT exact FormKey seed
000007EE	A20C5D:Adamant.esp	SPEL	MAG_PerkDragonoftheNorth	DESC	0			Adamant 5.9.2 CHT exact FormKey seed
000007EF	A53669:Adamant.esp	SPEL	MAG_PerkDaedricPactCloak	FULL	0	Daedric Pact	迪德拉契約	Adamant 5.9.2 CHT exact FormKey seed
000007F0	A53669:Adamant.esp	SPEL	MAG_PerkDaedricPactCloak	DESC	0			Adamant 5.9.2 CHT exact FormKey seed
000007F1	A5366A:Adamant.esp	SPEL	MAG_PerkDaedricPactCloakDmg	FULL	0	Daedric Pact	迪德拉契約	Adamant 5.9.2 CHT exact FormKey seed
000007F2	A5366A:Adamant.esp	SPEL	MAG_PerkDaedricPactCloakDmg	DESC	0			Adamant 5.9.2 CHT exact FormKey seed
000007F3	A5367B:Adamant.esp	SPEL	MAG_PerkDeathlyVigorCloak	FULL	0	Deathly Vigor	死靈活力	Adamant 6.0.2 custom; Skyrim 8.20 terminology
000007F4	A5367B:Adamant.esp	SPEL	MAG_PerkDeathlyVigorCloak	DESC	0			Adamant 5.9.2 CHT exact FormKey seed
000007F5	A5367C:Adamant.esp	SPEL	MAG_PerkDeathlyVigorCloakDMG	FULL	0	Necropotence	死冥權能	Adamant 5.9.2 CHT exact FormKey seed
000007F6	A5367C:Adamant.esp	SPEL	MAG_PerkDeathlyVigorCloakDMG	DESC	0			Adamant 5.9.2 CHT exact FormKey seed
000007F7	A9028E:Adamant.esp	SPEL	MAG_ChainLightningImpactSpell	FULL	0	Chain Lighting	閃電鏈	Adamant 5.9.2 CHT exact FormKey seed
000007F8	A9028E:Adamant.esp	SPEL	MAG_ChainLightningImpactSpell	DESC	0			Adamant 5.9.2 CHT exact FormKey seed
000007F9	AB39A1:Adamant.esp	SPEL	MAG_PerkCombustion	FULL	0	Combustion	燃燒	Adamant 5.9.2 CHT exact FormKey seed
000007FA	AB39A1:Adamant.esp	SPEL	MAG_PerkCombustion	DESC	0			Adamant 5.9.2 CHT exact FormKey seed
000007FB	AB39A5:Adamant.esp	SPEL	MAG_PerkCombustionDualCast	FULL	0	Combustion	燃燒	Adamant 5.9.2 CHT exact FormKey seed
000007FC	AB39A5:Adamant.esp	SPEL	MAG_PerkCombustionDualCast	DESC	0			Adamant 5.9.2 CHT exact FormKey seed
000007FD	AB39AA:Adamant.esp	SPEL	MAG_PerkWildfireHazardSpellDualCast	FULL	0	Wildfire	野火	Adamant 5.9.2 CHT exact FormKey seed
000007FE	AB39AA:Adamant.esp	SPEL	MAG_PerkWildfireHazardSpellDualCast	DESC	0			Adamant 5.9.2 CHT exact FormKey seed
000007FF	ABDBAE:Adamant.esp	SPEL	MAG_PerkCombustionAlt	FULL	0	Combustion	燃燒	Adamant 5.9.2 CHT exact FormKey seed
00000800	ABDBAE:Adamant.esp	SPEL	MAG_PerkCombustionAlt	DESC	0			Adamant 5.9.2 CHT exact FormKey seed
00000801	ABDBAF:Adamant.esp	SPEL	MAG_PerkCombustionDualCastAlt	FULL	0	Combustion	燃燒	Adamant 5.9.2 CHT exact FormKey seed
00000802	ABDBAF:Adamant.esp	SPEL	MAG_PerkCombustionDualCastAlt	DESC	0			Adamant 5.9.2 CHT exact FormKey seed
00000803	AC7DC0:Adamant.esp	SPEL	MAG_HazardFrostBlizzardSpell04	FULL	0	Frost	寒霜	Adamant 5.9.2 CHT exact FormKey seed
00000804	AC7DC0:Adamant.esp	SPEL	MAG_HazardFrostBlizzardSpell04	DESC	0			Adamant 5.9.2 CHT exact FormKey seed
00000805	AFA7E1:Adamant.esp	SPEL	MAG_PerkSerenityCloak	FULL	0	Serenity	寧謐之靈	Adamant 5.9.2 CHT exact FormKey seed
00000806	AFA7E1:Adamant.esp	SPEL	MAG_PerkSerenityCloak	DESC	0			Adamant 5.9.2 CHT exact FormKey seed
00000807	B79127:Adamant.esp	SPEL	MAG_abCultistNocturnalEtherealize	FULL	0	Shadow Hide You	暗影匿藏	Adamant 5.9.2 CHT exact FormKey seed
00000808	B79127:Adamant.esp	SPEL	MAG_abCultistNocturnalEtherealize	DESC	0			Adamant 5.9.2 CHT exact FormKey seed
00000809	B7912A:Adamant.esp	SPEL	MAG_abCultistNocturnal	FULL	0	Cultist of Nocturnal	諾克圖娜爾的教徒	Adamant 5.9.2 CHT exact FormKey seed
0000080A	B7912A:Adamant.esp	SPEL	MAG_abCultistNocturnal	DESC	0			Adamant 5.9.2 CHT exact FormKey seed
0000080B	B7912B:Adamant.esp	SPEL	MAG_PerkHiddenThreatEtherealize	FULL	0	Hidden Threat Invisibility	Hidden Threat Invisibility	Adamant 5.9.2 CHT exact FormKey seed
0000080C	B7912B:Adamant.esp	SPEL	MAG_PerkHiddenThreatEtherealize	DESC	0			Adamant 5.9.2 CHT exact FormKey seed
0000080D	B7E22F:Adamant.esp	SPEL	MAG_abPilgrimAuriel	FULL	0	Pilgrim of Auriel	奧瑞爾的朝聖者	Adamant 5.9.2 CHT exact FormKey seed
0000080E	B7E22F:Adamant.esp	SPEL	MAG_abPilgrimAuriel	DESC	0			Adamant 5.9.2 CHT exact FormKey seed
0000080F	B7E232:Adamant.esp	SPEL	MAG_abPilgrimAurielDummy	FULL	0	Pilgrim of Auriel	奧瑞爾的朝聖者	Adamant 5.9.2 CHT exact FormKey seed
00000810	B7E232:Adamant.esp	SPEL	MAG_abPilgrimAurielDummy	DESC	0			Adamant 5.9.2 CHT exact FormKey seed
00000811	B7E23B:Adamant.esp	SPEL	MAG_abCultistBoethiah	FULL	0	Cultist of Boethia	波耶西亞的教徒	Adamant 5.9.2 CHT exact FormKey seed
00000812	B7E23B:Adamant.esp	SPEL	MAG_abCultistBoethiah	DESC	0			Adamant 5.9.2 CHT exact FormKey seed
00000813	B7E23F:Adamant.esp	SPEL	MAG_abCultistBoethiahCloakDmg	FULL	0	Cultist of Boethiah	波耶西亞的教徒	Adamant 5.9.2 CHT exact FormKey seed
00000814	B7E23F:Adamant.esp	SPEL	MAG_abCultistBoethiahCloakDmg	DESC	0			Adamant 5.9.2 CHT exact FormKey seed
00000815	B7E242:Adamant.esp	SPEL	MAG_abCultistBoethiahCloak	FULL	0	Cultist of Boethiah	波耶西亞的教徒	Adamant 5.9.2 CHT exact FormKey seed
00000816	B7E242:Adamant.esp	SPEL	MAG_abCultistBoethiahCloak	DESC	0			Adamant 5.9.2 CHT exact FormKey seed
00000817	B7E246:Adamant.esp	SPEL	MAG_abCultistMephala	FULL	0	Cultist of Mephala	梅法拉的信徒	Adamant 5.9.2 CHT exact FormKey seed
00000818	B7E246:Adamant.esp	SPEL	MAG_abCultistMephala	DESC	0			Adamant 5.9.2 CHT exact FormKey seed
00000819	B7E24B:Adamant.esp	SPEL	MAG_abCultistAzura	FULL	0	Cultist of Azura	阿祖拉的教徒	Adamant 5.9.2 CHT exact FormKey seed
0000081A	B7E24B:Adamant.esp	SPEL	MAG_abCultistAzura	DESC	0			Adamant 5.9.2 CHT exact FormKey seed
0000081B	BFCB9E:Adamant.esp	SPEL	MAG_PerkMagickaWell	FULL	0	Magicka Well	法力井	Adamant 5.9.2 CHT exact FormKey seed
0000081C	BFCB9E:Adamant.esp	SPEL	MAG_PerkMagickaWell	DESC	0			Adamant 5.9.2 CHT exact FormKey seed
0000081D	BFCB9F:Adamant.esp	SPEL	MAG_PerkSecondWind	FULL	0	Second Wind	捲土重來	Adamant 5.9.2 CHT exact FormKey seed
0000081E	BFCB9F:Adamant.esp	SPEL	MAG_PerkSecondWind	DESC	0			Adamant 5.9.2 CHT exact FormKey seed
0000081F	BFCBA1:Adamant.esp	SPEL	MAG_PerkInvincible	FULL	0	Invincible	無堅不摧	Adamant 5.9.2 CHT exact FormKey seed
00000820	BFCBA1:Adamant.esp	SPEL	MAG_PerkInvincible	DESC	0			Adamant 5.9.2 CHT exact FormKey seed
00000821	BFCBA3:Adamant.esp	SPEL	MAG_PerkSwiftSteps	FULL	0	Swift Steps	迅捷步伐	Adamant 6.0.2 custom; Skyrim 8.20 terminology
00000822	BFCBA3:Adamant.esp	SPEL	MAG_PerkSwiftSteps	DESC	0			Adamant 5.9.2 CHT exact FormKey seed
00000823	C10FAE:Adamant.esp	SPEL	MAG_PerkQuickDraw70	FULL	0	Quick Draw	快速拉弓	Adamant 5.9.2 CHT exact FormKey seed
00000824	C10FAE:Adamant.esp	SPEL	MAG_PerkQuickDraw70	DESC	0			Adamant 5.9.2 CHT exact FormKey seed
00000825	C3E8B2:Adamant.esp	SPEL	MAG_PerkUndeadServant	FULL	0	Undead Servant	亡靈僕從	Adamant 5.9.2 CHT exact FormKey seed
00000826	C3E8B2:Adamant.esp	SPEL	MAG_PerkUndeadServant	DESC	0			Adamant 5.9.2 CHT exact FormKey seed
00000827	DB5315:Adamant.esp	SPEL	MAG_PerkDeterminationSpellUnused	FULL	0	Determination	堅定不移	Adamant 5.9.2 CHT exact FormKey seed
00000828	DB5315:Adamant.esp	SPEL	MAG_PerkDeterminationSpellUnused	DESC	0			Adamant 5.9.2 CHT exact FormKey seed
00000829	DB5319:Adamant.esp	SPEL	MAG_BlockStaggerSpell	FULL	0	Stagger	失衡	Adamant 5.9.2 CHT exact FormKey seed
0000082A	DB5319:Adamant.esp	SPEL	MAG_BlockStaggerSpell	DESC	0			Adamant 5.9.2 CHT exact FormKey seed
0000082B	DBF51B:Adamant.esp	SPEL	MAG_BlockStaggerSpellCooldown	FULL	0	Stagger	失衡	Adamant 5.9.2 CHT exact FormKey seed
0000082C	DBF51B:Adamant.esp	SPEL	MAG_BlockStaggerSpellCooldown	DESC	0			Adamant 5.9.2 CHT exact FormKey seed
0000082D	DC461D:Adamant.esp	SPEL	MAG_AutoperkControllerSpell	FULL	0	Autoperk Controller Spell	Autoperk Controller Spell	Adamant 5.9.2 CHT exact FormKey seed
0000082E	DC461D:Adamant.esp	SPEL	MAG_AutoperkControllerSpell	DESC	0			Adamant 5.9.2 CHT exact FormKey seed
0000082F	DCE822:Adamant.esp	SPEL	MAG_PerkPowerShotSpell	FULL	0	Power Shot	強力射擊	Adamant 6.0.2 custom; Skyrim 8.20 terminology
00000830	DCE822:Adamant.esp	SPEL	MAG_PerkPowerShotSpell	DESC	0			Adamant 5.9.2 CHT exact FormKey seed
00000831	DCE826:Adamant.esp	SPEL	MAG_BowStaggerSpellCooldown	FULL	0	Stagger	失衡	Adamant 5.9.2 CHT exact FormKey seed
00000832	DCE826:Adamant.esp	SPEL	MAG_BowStaggerSpellCooldown	DESC	0			Adamant 5.9.2 CHT exact FormKey seed
00000833	DCE827:Adamant.esp	SPEL	MAG_SpellStaggerCooldownSpell	FULL	0	Stagger	失衡	Adamant 5.9.2 CHT exact FormKey seed
00000834	DCE827:Adamant.esp	SPEL	MAG_SpellStaggerCooldownSpell	DESC	0			Adamant 5.9.2 CHT exact FormKey seed
00000835	DCE829:Adamant.esp	SPEL	MAG_PerkImpactStaggerSpell100	FULL	0	Stagger	失衡	Adamant 5.9.2 CHT exact FormKey seed
00000836	DCE829:Adamant.esp	SPEL	MAG_PerkImpactStaggerSpell100	DESC	0			Adamant 5.9.2 CHT exact FormKey seed
00000837	DFC13A:Adamant.esp	SPEL	MAG_PerkRenewalSpell	FULL	0	Renewal	重生奇蹟	Adamant 5.9.2 CHT exact FormKey seed
00000838	DFC13A:Adamant.esp	SPEL	MAG_PerkRenewalSpell	DESC	0			Adamant 5.9.2 CHT exact FormKey seed
00000839	E1A743:Adamant.esp	SPEL	MAG_XPControllerAbility	FULL	0	XP Controller Ability	XP Controller Ability	Adamant 5.9.2 CHT exact FormKey seed
0000083A	E1A743:Adamant.esp	SPEL	MAG_XPControllerAbility	DESC	0			Adamant 5.9.2 CHT exact FormKey seed
0000083B	E1A746:Adamant.esp	SPEL	MAG_ArmorXPCooldownAbility	FULL	0	Armor XP Cooldown	Armor XP Cooldown	Adamant 5.9.2 CHT exact FormKey seed
0000083C	E1A746:Adamant.esp	SPEL	MAG_ArmorXPCooldownAbility	DESC	0			Adamant 5.9.2 CHT exact FormKey seed
0000083D	EBC74B:Adamant.esp	SPEL	MAG_PerkSilverTongue	FULL	0	Silver Tongue Controller Spell	Silver Tongue Controller Spell	Adamant 5.9.2 CHT exact FormKey seed
0000083E	EBC74B:Adamant.esp	SPEL	MAG_PerkSilverTongue	DESC	0			Adamant 5.9.2 CHT exact FormKey seed
0000083F	EEF158:Adamant.esp	SPEL	MAG_DodgeRollControllerSpell	FULL	0	Dodge Roll Controller Spell	Dodge Roll Controller Spell	Adamant 5.9.2 CHT exact FormKey seed
00000840	EEF158:Adamant.esp	SPEL	MAG_DodgeRollControllerSpell	DESC	0			Adamant 5.9.2 CHT exact FormKey seed
00000841	EEF159:Adamant.esp	SPEL	MAG_DodgeRollSpell	FULL	0	Dodge Roll	閃避翻滾	Adamant 5.9.2 CHT exact FormKey seed
00000842	EEF159:Adamant.esp	SPEL	MAG_DodgeRollSpell	DESC	0			Adamant 5.9.2 CHT exact FormKey seed
00000843	53E4A0:Adamant.esp	SPEL	MAG_PerkStrongBack01	FULL	0	Strong Back	強健背脊	Adamant 6.0.2 custom; Skyrim 8.20 terminology
00000844	53E4A0:Adamant.esp	SPEL	MAG_PerkStrongBack01	DESC	0			Adamant 5.9.2 CHT exact phrase seed
00000845	D4B049:MysticismMagic.esp	SCRL	MAG_VampiresBaneScroll	FULL	0	Scroll of Vampire's Bane	淨邪術卷軸	Adamant 5.9.2 CHT exact FormKey seed
00000846	D4B04D:MysticismMagic.esp	SCRL	MAG_RadiantTouchScroll	FULL	0	Scroll of Radiant Touch	日陽之觸卷軸	Adamant 5.9.2 CHT exact FormKey seed
00000847	D36C1D:MysticismMagic.esp	SCRL	MAG_VenomfangScroll	FULL	0	Scroll of Venomfang	猛毒之牙卷軸	Adamant 5.9.2 CHT exact FormKey seed
00000848	D36C1F:MysticismMagic.esp	SCRL	MAG_DeathCloudScroll	FULL	0	Scroll of Death Cloud	死亡之雲卷軸	Adamant 5.9.2 CHT exact FormKey seed
00000849	D36C21:MysticismMagic.esp	SCRL	MAG_BlackMarshScroll	FULL	0	Scroll of Black Marsh	黑沼卷軸	Adamant 5.9.2 CHT exact FormKey seed
0000084A	09659C:Skyrim.esm	SCRL	MAG_OakfleshScroll	FULL	0	Scroll of Oakflesh	木身術卷軸	Adamant 5.9.2 CHT exact FormKey seed
0000084B	09659E:Skyrim.esm	SCRL	MAG_RaiseZombieScroll	FULL	0	Scroll of Raise Zombie	屍儡喚醒術卷軸	Adamant 5.9.2 CHT exact FormKey seed
0000084C	0965A3:Skyrim.esm	SCRL	MAG_StonefleshScroll	FULL	0	Scroll of Stoneflesh	石身術卷軸	Adamant 5.9.2 CHT exact FormKey seed
0000084D	0965A4:Skyrim.esm	SCRL	MAG_ReanimateCorpseScroll	FULL	0	Scroll of Reanimate Corpse	屍儡喚起術卷軸	Adamant 5.9.2 CHT exact FormKey seed
0000084E	0965A5:Skyrim.esm	SCRL	MAG_ConjureFlameAtronachScroll	FULL	0	Scroll of the Flame Atronach	烈焰屬靈卷軸	Adamant 5.9.2 CHT exact FormKey seed
0000084F	0965B0:Skyrim.esm	SCRL	MAG_TurnUndeadScroll	FULL	0	Scroll of Turn Undead	進階驅邪術卷軸	Adamant 5.9.2 CHT exact FormKey seed
00000850	0A449B:Skyrim.esm	SCRL	MAG_IronfleshScroll	FULL	0	Scroll of Ironflesh	鐵身術卷軸	Adamant 5.9.2 CHT exact FormKey seed
00000851	0A449E:Skyrim.esm	SCRL	MAG_EbonyfleshScroll	FULL	0	Scroll of Ebonyflesh	玄曜身術卷軸	Adamant 5.9.2 CHT exact FormKey seed
00000852	0A44A0:Skyrim.esm	SCRL	MAG_ConjureFrostAtronachScroll	FULL	0	Scroll of the Frost Atronach	寒霜屬靈卷軸	Adamant 5.9.2 CHT exact FormKey seed
00000853	0A44A1:Skyrim.esm	SCRL	MAG_ConjureStormAtronachScroll	FULL	0	Scroll of the Storm Atronach	風暴屬靈卷軸	Adamant 5.9.2 CHT exact FormKey seed
00000854	0A44A3:Skyrim.esm	SCRL	MAG_RevenantScroll	FULL	0	Scroll of Revenant	屍儡驅使術卷軸	Adamant 5.9.2 CHT exact FormKey seed
00000855	0A44A5:Skyrim.esm	SCRL	MAG_DreadZombieScroll	FULL	0	Scroll of Dread Zombie	屍儡差遣術卷軸	Adamant 5.9.2 CHT exact FormKey seed
00000856	0A44A7:Skyrim.esm	SCRL	MAG_DeadThrallScroll	FULL	0	Scroll of Dead Thrall	屍僕支配術卷軸	Adamant 5.9.2 CHT exact FormKey seed
00000857	0A44A8:Skyrim.esm	SCRL	MAG_ConjureFlameMonarchScroll	FULL	0	Scroll of the Flame Monarch	火焰君王召喚術卷軸	Adamant 5.9.2 CHT exact FormKey seed
00000858	0A44A9:Skyrim.esm	SCRL	MAG_ConjureFrostMonarchScroll	FULL	0	Scroll of the Frost Monarch	寒霜君王召喚術卷軸	Adamant 5.9.2 CHT exact FormKey seed
00000859	0A44AA:Skyrim.esm	SCRL	MAG_ConjureStormMonarchScroll	FULL	0	Scroll of the Storm Monarch	風暴君王召喚術卷軸	Adamant 5.9.2 CHT exact FormKey seed
0000085A	0A44BF:Skyrim.esm	SCRL	MAG_TurnLesserUndeadScroll	FULL	0	Scroll of Turn Lesser Undead	初階驅邪術卷軸	Adamant 5.9.2 CHT exact FormKey seed
0000085B	0A44C1:Skyrim.esm	SCRL	MAG_HealOtherScroll	FULL	0	Scroll of Heal Other	治癒他人卷軸	Adamant 6.0.2 custom; Skyrim 8.20 terminology
0000085C	0A44C2:Skyrim.esm	SCRL	MAG_SunfireScroll	FULL	0	Scroll of Sun Fire	陽焱術卷軸	Adamant 5.9.2 CHT exact FormKey seed
0000085D	0A44C4:Skyrim.esm	SCRL	MAG_BreathofLifeScroll	FULL	0	Scroll of Breath of Life	生命吐息術卷軸	Adamant 5.9.2 CHT exact FormKey seed
0000085E	0A44C5:Skyrim.esm	SCRL	MAG_RepelUndeadScroll	FULL	0	Scroll of Repel Undead	進階辟邪術卷軸	Adamant 5.9.2 CHT exact FormKey seed
0000085F	0A44C6:Skyrim.esm	SCRL	MAG_TurnGreaterUndeadScroll	FULL	0	Scroll of Turn Greater Undead	高階驅邪術卷軸	Adamant 5.9.2 CHT exact FormKey seed
00000860	0B64B3:Skyrim.esm	SCRL	MAG_CloseGreaterWoundsScroll	FULL	0	Scroll of Close Greater Wounds	進階癒合傷口卷軸	Adamant 5.9.2 CHT exact FormKey seed
00000861	0E0CD6:Skyrim.esm	SCRL	MAG_DragonhideScroll	FULL	0	Scroll of Dragonhide	龍膚術卷軸	Adamant 5.9.2 CHT exact FormKey seed
00000862	CD1744:MysticismMagic.esp	SCRL	MAG_StendarrsMercyScroll	FULL	0	Scroll of Stendarr's Mercy	斯丹達爾的慈悲卷軸	Adamant 5.9.2 CHT exact FormKey seed
00000863	CD1745:MysticismMagic.esp	SCRL	MAG_RegenerationScroll	FULL	0	Scroll of Regeneration	再生術卷軸	Adamant 5.9.2 CHT exact FormKey seed
00000864	CD1747:MysticismMagic.esp	SCRL	MAG_RapidRegenerationScroll	FULL	0	Scroll of Rapid Regeneration	快速再生術卷軸	Adamant 5.9.2 CHT exact FormKey seed
00000865	CD1749:MysticismMagic.esp	SCRL	MAG_MutagenScroll	FULL	0	Scroll of Mutagen	突變術卷軸	Adamant 5.9.2 CHT exact FormKey seed
00000866	D4B031:MysticismMagic.esp	SCRL	MAG_SunlightTouchScroll	FULL	0	Scroll of Sunlight Touch	日光之觸卷軸	Adamant 5.9.2 CHT exact FormKey seed
00000867	D4B04F:MysticismMagic.esp	SCRL	MAG_SearingGraspScroll	FULL	0	Scroll of Searing Grasp	聖焰之握卷軸	Adamant 5.9.2 CHT exact FormKey seed
00000868	D4B051:MysticismMagic.esp	SCRL	MAG_EclipseScroll	FULL	0	Scroll of Eclipse	日蝕術卷軸	Adamant 5.9.2 CHT exact FormKey seed
00000869	D4B053:MysticismMagic.esp	SCRL	MAG_ReflectiveLightScroll	FULL	0	Scroll of Reflective Light	淨化光束卷軸	Adamant 5.9.2 CHT exact FormKey seed
0000086A	D4B059:MysticismMagic.esp	SCRL	MAG_SolarFlareScroll	FULL	0	Scroll of Solar Flare	太陽烈炎卷軸	Adamant 5.9.2 CHT exact FormKey seed
0000086B	D4B05F:MysticismMagic.esp	SCRL	MAG_ChargedNovaScroll	FULL	0	Scroll of Charged Nova	耀光晨爆術卷軸	Adamant 5.9.2 CHT exact FormKey seed
0000086C	E1AA14:MysticismMagic.esp	SCRL	MAG_BoundDaggerScroll	FULL	0	Scroll of the Bound Dagger	魔力塑形匕首卷軸	Adamant 5.9.2 CHT exact FormKey seed
0000086D	E1AA18:MysticismMagic.esp	SCRL	MAG_BoundWarAxeScroll	FULL	0	Scroll of the Bound War Axe	魔力塑形戰斧卷軸	Adamant 5.9.2 CHT exact FormKey seed
0000086E	E1AA1A:MysticismMagic.esp	SCRL	MAG_BoundMaceScroll	FULL	0	Scroll of the Bound Mace	魔力塑形釘槌卷軸	Adamant 5.9.2 CHT exact FormKey seed
0000086F	E1AA1C:MysticismMagic.esp	SCRL	MAG_BoundGreatswordScroll	FULL	0	Scroll of the Bound Greatsword	魔力塑形巨劍卷軸	Adamant 5.9.2 CHT exact FormKey seed
00000870	E1AA1E:MysticismMagic.esp	SCRL	MAG_BoundBattleaxeScroll	FULL	0	Scroll of the Bound Battleaxe	魔力塑形戰斧卷軸	Adamant 5.9.2 CHT exact FormKey seed
00000871	E1AA20:MysticismMagic.esp	SCRL	MAG_BoundWarhammerScroll	FULL	0	Scroll of the Bound Warhammer	魔力塑形戰錘卷軸	Adamant 5.9.2 CHT exact FormKey seed
00000872	E1AA22:MysticismMagic.esp	SCRL	MAG_BoundBowScroll	FULL	0	Scroll of the Bound Bow	魔力塑形戰弓卷軸	Adamant 5.9.2 CHT exact FormKey seed
00000873	E1AA24:MysticismMagic.esp	SCRL	MAG_BoundSwordScroll	FULL	0	Scroll of the Bound Sword	魔力塑形長劍卷軸	Adamant 5.9.2 CHT exact FormKey seed
00000874	D36C13:MysticismMagic.esp	SCRL	MAG_VenomousTouchScroll	FULL	0	Scroll of Venomous Touch	惡毒之觸卷軸	Adamant 5.9.2 CHT exact FormKey seed
00000875	D36C11:MysticismMagic.esp	SCRL	MAG_PoisonCloudScroll	FULL	0	Scroll of Poison Cloud	毒雲術卷軸	Adamant 5.9.2 CHT exact FormKey seed
00000876	D36C19:MysticismMagic.esp	SCRL	MAG_ViperboltScroll	FULL	0	Scroll of Viperbolt	猛烈毒球術卷軸	Adamant 5.9.2 CHT exact FormKey seed
00000877	D36C17:MysticismMagic.esp	SCRL	MAG_VipersGraspScroll	FULL	0	Scroll of Viper's Grasp	毒蛇之握卷軸	Adamant 5.9.2 CHT exact FormKey seed
00000878	0218F2:Skyrim.esm	SCRL	MAG_BaneOfTheUndeadScroll	FULL	0	Scroll of Bane of the Undead	破邪術卷軸	Adamant 5.9.2 CHT exact FormKey seed
00000879	D36C0C:MysticismMagic.esp	SCRL	MAG_PoisonboltScroll	FULL	0	Scroll of Poisonbolt	毒球術卷軸	Adamant 5.9.2 CHT exact FormKey seed
0000087A	CD174C:MysticismMagic.esp	SCRL	MAG_ArkaysLightScroll	FULL	0	Scroll of Arkay's Light	阿爾凱之光卷軸	Adamant 5.9.2 CHT exact FormKey seed
0000087B	D36C0D:MysticismMagic.esp	SCRL	MAG_PoisonousTouchScroll	FULL	0	Scroll of Poisonous Touch	劇毒之觸卷軸	Adamant 5.9.2 CHT exact FormKey seed
0000087C	DBF7D7:MysticismMagic.esp	ARMO	MAG_BoundArmorShield	FULL	0	Bound Shield	盾牌塑形術	Adamant 5.9.2 CHT exact phrase seed
0000087D	DC48D8:MysticismMagic.esp	ARMO	MAG_BoundArmorShieldMystic	FULL	0	Bound Shield	盾牌塑形術	Adamant 5.9.2 CHT exact phrase seed
0000087E	22D759:Adamant.esp	MISC	MAG_TreasureHunterReward06	FULL	0	Golden Plate	黃金盤子	Adamant 5.9.2 CHT exact FormKey seed
0000087F	22D754:Adamant.esp	MISC	MAG_TreasureHunterReward01	FULL	0	Golden Bowl	黃金碗	Adamant 5.9.2 CHT exact FormKey seed
00000880	22D75A:Adamant.esp	MISC	MAG_TreasureHunterReward07	FULL	0	Golden Platter	黃金大盤子	Adamant 5.9.2 CHT exact FormKey seed
00000881	22D758:Adamant.esp	MISC	MAG_TreasureHunterReward05	FULL	0	Golden Jug	黃金壺	Adamant 5.9.2 CHT exact FormKey seed
00000882	22D755:Adamant.esp	MISC	MAG_TreasureHunterReward02	FULL	0	Golden Bowl	黃金碗	Adamant 5.9.2 CHT exact FormKey seed
00000883	22D756:Adamant.esp	MISC	MAG_TreasureHunterReward03	FULL	0	Golden Goblet	黃金高腳杯	Adamant 5.9.2 CHT exact FormKey seed
00000884	22D757:Adamant.esp	MISC	MAG_TreasureHunterReward04	FULL	0	Golden Goblet	黃金高腳杯	Adamant 5.9.2 CHT exact FormKey seed
00000885	0424F9:Skyrim.esm	WEAP	MAG_BoundWeaponSwordMystic40	FULL	0	Bound Sword	魔力塑形長劍	Adamant 5.9.2 CHT exact FormKey seed
00000886	058F5E:Skyrim.esm	WEAP	MAG_BoundWeaponBattleaxe	FULL	0	Bound Battleaxe	魔力塑形戰斧	Adamant 5.9.2 CHT exact FormKey seed
00000887	0424F7:Skyrim.esm	WEAP	MAG_BoundWeaponBattleaxeMystic40	FULL	0	Bound Battleaxe	魔力塑形戰斧	Adamant 5.9.2 CHT exact FormKey seed
00000888	0424F8:Skyrim.esm	WEAP	MAG_BoundWeaponBowMystic40	FULL	0	Bound Bow	魔力塑形戰弓	Adamant 5.9.2 CHT exact FormKey seed
00000889	058F5F:Skyrim.esm	WEAP	MAG_BoundWeaponSword	FULL	0	Bound Sword	魔力塑形長劍	Adamant 5.9.2 CHT exact FormKey seed
0000088A	058F60:Skyrim.esm	WEAP	MAG_BoundWeaponBow	FULL	0	Bound Bow	魔力塑形戰弓	Adamant 5.9.2 CHT exact FormKey seed
0000088B	01CE02:Dragonborn.esm	WEAP	MAG_BoundWeaponDagger	FULL	0	Bound Dagger	魔力塑形匕首	Adamant 5.9.2 CHT exact FormKey seed
0000088C	01CE03:Dragonborn.esm	WEAP	MAG_BoundWeaponDaggerMystic40	FULL	0	Bound Dagger	魔力塑形匕首	Adamant 5.9.2 CHT exact FormKey seed
0000088D	DC99DF:MysticismMagic.esp	WEAP	MAG_BoundWeaponGreatsword	FULL	0	Bound Greatsword	魔力塑形巨劍	Adamant 5.9.2 CHT exact FormKey seed
0000088E	DD3BEA:MysticismMagic.esp	WEAP	MAG_BoundWeaponWarAxe	FULL	0	Bound War Axe	魔力塑形戰斧	Adamant 5.9.2 CHT exact FormKey seed
0000088F	DDDDF1:MysticismMagic.esp	WEAP	MAG_BoundWeaponGreatswordMystic40	FULL	0	Bound Greatsword	魔力塑形巨劍	Adamant 5.9.2 CHT exact FormKey seed
00000890	DED0F3:MysticismMagic.esp	WEAP	MAG_BoundWeaponWarhammer	FULL	0	Bound Warhammer	魔力塑形戰錘	Adamant 5.9.2 CHT exact FormKey seed
00000891	DFC3FC:MysticismMagic.esp	WEAP	MAG_BoundWeaponMace	FULL	0	Bound Mace	魔力塑形釘槌	Adamant 5.9.2 CHT exact FormKey seed
00000892	E15906:MysticismMagic.esp	WEAP	MAG_BoundWeaponWarAxeMystic40	FULL	0	Bound War Axe	魔力塑形戰斧	Adamant 5.9.2 CHT exact FormKey seed
00000893	E15907:MysticismMagic.esp	WEAP	MAG_BoundWeaponWarhammerMystic40	FULL	0	Bound Warhammer	魔力塑形戰錘	Adamant 5.9.2 CHT exact FormKey seed
00000894	E15908:MysticismMagic.esp	WEAP	MAG_BoundWeaponMaceMystic40	FULL	0	Bound Mace	魔力塑形釘槌	Adamant 5.9.2 CHT exact FormKey seed
00000895	CB2FBA:Adamant.esp	WEAP	MAG_BoundWeaponGreatswordMystic80	FULL	0	Bound Greatsword	魔力塑形巨劍	Adamant 5.9.2 CHT exact FormKey seed
00000896	D2C7F4:Adamant.esp	WEAP	MAG_BoundWeaponDaggerMystic80	FULL	0	Bound Dagger	魔力塑形匕首	Adamant 5.9.2 CHT exact FormKey seed
00000897	D2C7F5:Adamant.esp	WEAP	MAG_BoundWeaponSwordMystic80	FULL	0	Bound Sword	魔力塑形長劍	Adamant 5.9.2 CHT exact FormKey seed
00000898	D2C7F6:Adamant.esp	WEAP	MAG_BoundWeaponWarAxeMystic80	FULL	0	Bound War Axe	魔力塑形戰斧	Adamant 5.9.2 CHT exact FormKey seed
00000899	D2C7F7:Adamant.esp	WEAP	MAG_BoundWeaponMaceMystic80	FULL	0	Bound Mace	魔力塑形釘槌	Adamant 5.9.2 CHT exact FormKey seed
0000089A	D2C7F8:Adamant.esp	WEAP	MAG_BoundWeaponBattleaxeMystic80	FULL	0	Bound Battleaxe	魔力塑形戰斧	Adamant 5.9.2 CHT exact FormKey seed
0000089B	D2C7F9:Adamant.esp	WEAP	MAG_BoundWeaponBowMystic80	FULL	0	Bound Bow	魔力塑形戰弓	Adamant 5.9.2 CHT exact FormKey seed
0000089C	D2C7FA:Adamant.esp	WEAP	MAG_BoundWeaponWarhammerMystic80	FULL	0	Bound Warhammer	魔力塑形戰錘	Adamant 5.9.2 CHT exact FormKey seed
0000089D	051811:Adamant.esp	AMMO	MAG_BoundArrow02	FULL	0	Bound Arrow	魔力塑形箭矢	Adamant 6.0.2 custom; Skyrim 8.20 terminology
0000089E	051813:Adamant.esp	AMMO	MAG_BoundArrow04	FULL	0	Bound Arrow	魔力塑形箭矢	Adamant 6.0.2 custom; Skyrim 8.20 terminology
0000089F	10B0A7:Skyrim.esm	AMMO	MAG_BoundArrow01	FULL	0	Bound Arrow	魔力塑形箭矢	Adamant 6.0.2 custom; Skyrim 8.20 terminology
000008A0	051812:Adamant.esp	AMMO	MAG_BoundArrow03	FULL	0	Bound Arrow	魔力塑形箭矢	Adamant 6.0.2 custom; Skyrim 8.20 terminology
000008A1	43C07C:Adamant.esp	ALCH	MAG_PerkInvestorElixirWarrior	FULL	0	Elixir of the Warrior	戰士靈藥	Adamant 6.0.2 custom; Skyrim 8.20 terminology
000008A2	43C080:Adamant.esp	ALCH	MAG_PerkInvestorElixirThief	FULL	0	Elixir of the Thief	盜賊靈藥	Adamant 6.0.2 custom; Skyrim 8.20 terminology
000008A3	43C082:Adamant.esp	ALCH	MAG_PerkInvestorElixirKnight	FULL	0	Elixir of the Knight	騎士靈藥	Adamant 6.0.2 custom; Skyrim 8.20 terminology
000008A4	43C07E:Adamant.esp	ALCH	MAG_PerkInvestorElixirMage	FULL	0	Elixir of the Mage	法師靈藥	Adamant 6.0.2 custom; Skyrim 8.20 terminology
000008A5	43C084:Adamant.esp	ALCH	MAG_PerkInvestorElixirAdventurer	FULL	0	Elixir of the Adventurer	冒險者靈藥	Adamant 6.0.2 custom; Skyrim 8.20 terminology
000008A6	43C07B:Adamant.esp	ALCH	MAG_PerkInvestorRestoreAll	FULL	0	Potion of Ultimate Restoration	終極恢復藥水	Adamant 6.0.2 custom; Skyrim 8.20 terminology
000008A7	84EFEF:Adamant.esp	HAZD	MAG_PerkWildfireHazard	FULL	0	Fire	火焰	Adamant 5.9.2 CHT exact FormKey seed
000008A8	CCC63E:MysticismMagic.esp	HAZD	MAG_CircleOfProtectionHazardDualCast	FULL	0	Circle of Protection Hazard	Circle of Protection Hazard	Adamant 5.9.2 CHT exact FormKey seed
000008A9	80D2C6:Adamant.esp	HAZD	MAG_PerkCombustionHazard	FULL	0	Fire	火焰	Adamant 5.9.2 CHT exact FormKey seed
000008AA	8309DB:Adamant.esp	HAZD	MAG_PerkCombustionHazardDualCast	FULL	0	Fire	火焰	Adamant 5.9.2 CHT exact FormKey seed
000008AB	AB39AB:Adamant.esp	HAZD	MAG_PerkWildfireHazardDualCast	FULL	0	Fire	火焰	Adamant 5.9.2 CHT exact FormKey seed
000008AC	05F596:Skyrim.esm	QUST	PerksQuest	FULL	0	Perks	特技	Adamant 5.9.2 CHT exact FormKey seed
000008AD	02672B:Dragonborn.esm	LSCR	MAG_DLC2SkillSmithing	DESC	0	The Basic Smithing perk allows you to forge Bonemold armor. Rare Smithing allows you to forge Chitin armor. Intermediate Smithing allows you to forge Nordic armor and weapons. Advanced and Exotic Smithing allow you to forge Stalhrim armor and weapons.	基礎的鍛造技能允許你鍛造骨模護甲。稀有鍛造技能允許你鍛造硬殼質護甲。中級鍛造技能允許你鍛造諾德護甲和武器。高階和異域鍛造技能允許你鍛造剛冰石護甲和武器。	Adamant 5.9.2 CHT exact FormKey seed
000008AE	03AF84:Skyrim.esm	PERK	MAG_SkullSplitter01	FULL	0	Skull Splitter	碎顱者	Adamant 6.0.2 custom; Skyrim 8.20 terminology
000008AF	03AF84:Skyrim.esm	PERK	MAG_SkullSplitter01	DESC	0	Warhammers deal Stamina damage.	戰錘會造成耐力傷害。	Adamant 6.0.2 custom; Skyrim 8.20 terminology
000008B0	03AF9E:Skyrim.esm	PERK	MAG_Cleave	FULL	0	Cleave	順劈斬	Adamant 5.9.2 CHT exact FormKey seed
000008B1	03AF9E:Skyrim.esm	PERK	MAG_Cleave	DESC	0	Power attacks with Two-handed weapons hit all targets in front of you.	雙手武器強力攻擊會攻擊你面前的所有敵人。	Adamant 5.9.2 CHT exact FormKey seed
000008B2	03AFA6:Skyrim.esm	PERK	MAG_Execute	FULL	0	Execute	處決劈擊	Adamant 5.9.2 CHT exact FormKey seed
000008B3	03AFA6:Skyrim.esm	PERK	MAG_Execute	DESC	0	One-handed power attacks deal 50% extra damage to enemies who fall below half Health.	單手強力攻擊對生命低於一半的敵人造成 50% 的額外傷害。	Adamant 6.0.2 custom; Skyrim 8.20 terminology
000008B4	03AFA7:Skyrim.esm	PERK	MAG_Massacre	FULL	0	Massacre	屠宰劈擊	Adamant 5.9.2 CHT exact FormKey seed
000008B5	03AFA7:Skyrim.esm	PERK	MAG_Massacre	DESC	0	Two-handed power attacks deal 50% more damage to enemies who fall below half Health.	雙手強力攻擊對生命低於一半的敵人造成的傷害提高 50%。	Adamant 6.0.2 custom; Skyrim 8.20 terminology
000008B6	03FFFA:Skyrim.esm	PERK	MAG_CarveandSpit01	FULL	0	Carve and Spit	精雕怒斬	Adamant 5.9.2 CHT exact FormKey seed
000008B7	03FFFA:Skyrim.esm	PERK	MAG_CarveandSpit01	DESC	0	War axes deal three times as much bleeding damage over time.	戰斧造成的持續流血傷害提高至三倍。	Adamant 6.0.2 custom; Skyrim 8.20 terminology
000008B8	051B12:Skyrim.esm	PERK	MAG_Hunter	FULL	0	Hunter	獵人	Adamant 5.9.2 CHT exact FormKey seed
000008B9	051B12:Skyrim.esm	PERK	MAG_Hunter	DESC	0	Zooming in with a bow costs 25% less Stamina.	張弓瞄準耐力消耗減少 25%。	Adamant 5.9.2 CHT exact FormKey seed
000008BA	051B17:Skyrim.esm	PERK	MAG_Agility02	FULL	0	Agility	敏捷	Adamant 6.0.2 custom; Skyrim 8.20 terminology
000008BB	051B17:Skyrim.esm	PERK	MAG_Agility02	DESC	0	Your Movement Speed is increased by 20% while wearing light armor.	穿著輕甲時，你的移動速度提高 20%。	Adamant 6.0.2 custom; Skyrim 8.20 terminology
000008BC	051B1B:Skyrim.esm	PERK	MAG_Adrenaline	FULL	0	Adrenaline	腎上腺素	Adamant 6.0.2 custom; Skyrim 8.20 terminology
000008BD	051B1B:Skyrim.esm	PERK	MAG_Adrenaline	DESC	0	You spend 20% less Stamina when power attacking or drawing a bow while wearing light armor.	穿著輕甲進行強力攻擊或拉弓時，你消耗的耐力減少 20%。	Adamant 6.0.2 custom; Skyrim 8.20 terminology
000008BE	051B1C:Skyrim.esm	PERK	MAG_Skirmisher	FULL	0	Skirmisher	散兵	Adamant 6.0.2 custom; Skyrim 8.20 terminology
000008BF	051B1C:Skyrim.esm	PERK	MAG_Skirmisher	DESC	0	Your Armor Rating is increased by 100 while wearing light armor.	穿著輕甲時，你的護具防禦力會增加 100。	Adamant 6.0.2 custom; Skyrim 8.20 terminology
000008C0	05218E:Skyrim.esm	PERK	MAG_ArcaneBlacksmith	FULL	0	Arcane Blacksmith	術識工藝鍛造	Adamant 5.9.2 CHT exact FormKey seed
000008C1	05218E:Skyrim.esm	PERK	MAG_ArcaneBlacksmith	DESC	0	You can improve magical weapons and armor.	你可以強化魔法武器和護具。	Adamant 5.9.2 CHT exact FormKey seed
000008C2	052D50:Skyrim.esm	PERK	MAG_FightingStance	FULL	0	Fighting Stance	戰鬥架勢	Adamant 6.0.2 custom; Skyrim 8.20 terminology
000008C3	052D50:Skyrim.esm	PERK	MAG_FightingStance	DESC	0	One-handed power attacks cost 20% less Stamina.	單手強力攻擊消耗的耐力減少 20%。	Adamant 6.0.2 custom; Skyrim 8.20 terminology
000008C4	052D51:Skyrim.esm	PERK	MAG_Overpower	FULL	0	Overpower	壓制	Adamant 5.9.2 CHT exact FormKey seed
000008C5	052D51:Skyrim.esm	PERK	MAG_Overpower	DESC	0	Two-handed power attacks deal 50% extra damage.	雙手強力攻擊造成 50% 額外傷害。	Adamant 6.0.2 custom; Skyrim 8.20 terminology
000008C6	052D52:Skyrim.esm	PERK	MAG_ChampionsStance	FULL	0	Champion's Stance	勇士架勢	Adamant 6.0.2 custom; Skyrim 8.20 terminology
000008C7	052D52:Skyrim.esm	PERK	MAG_ChampionsStance	DESC	0	Two-handed power attacks cost 20% less Stamina.	雙手強力攻擊消耗的耐力減少 20%。	Adamant 6.0.2 custom; Skyrim 8.20 terminology
000008C8	053129:Skyrim.esm	PERK	MAG_UnusedPerk03	FULL	0	Unused	Unused	Adamant 5.9.2 CHT exact FormKey seed
000008C9	053129:Skyrim.esm	PERK	MAG_UnusedPerk03	DESC	0	75% chance to resist stagger while under the effect of a flesh or a shield spell.	護甲或者護盾法術有75%機率抵抗失衡。	Adamant 5.9.2 CHT exact FormKey seed
000008CA	05312A:Skyrim.esm	PERK	MAG_SpellShield	FULL	0	Spell Shield	法術護盾	Adamant 5.9.2 CHT exact FormKey seed
000008CB	05312A:Skyrim.esm	PERK	MAG_SpellShield	DESC	0	You have 25% Magic Resistance while under the effects of a flesh spell.	在護甲法術的影響下，你有 25% 的魔法抗性。	Adamant 6.0.2 custom; Skyrim 8.20 terminology
000008CC	0581DE:Skyrim.esm	PERK	MAG_ArmyoftheDead01	FULL	0	Army of the Dead	亡者大軍	Adamant 6.0.2 custom; Skyrim 8.20 terminology
000008CD	0581DE:Skyrim.esm	PERK	MAG_ArmyoftheDead01	DESC	0	You can reanimate one additional zombie.	你可以額外活化一具屍體。	Adamant 6.0.2 custom; Skyrim 8.20 terminology
000008CE	0581E2:Skyrim.esm	PERK	MAG_CaptivatingPresence20	FULL	0	Captivating Presence	誘人幻覺	Adamant 5.9.2 CHT exact FormKey seed
000008CF	0581E2:Skyrim.esm	PERK	MAG_CaptivatingPresence20	DESC	0	Illusion spells last 50% longer.	幻象系法術持續時間延長50%。	Adamant 5.9.2 CHT exact FormKey seed
000008D0	0581E4:Skyrim.esm	PERK	MAG_DivineGlory20	FULL	0	Divine Glory	神聖耀光	Adamant 5.9.2 CHT exact FormKey seed
000008D1	0581E4:Skyrim.esm	PERK	MAG_DivineGlory20	DESC	0	Sun spells deal 25% more damage.	太陽法術造成額外 25% 傷害。	Adamant 5.9.2 CHT exact FormKey seed
000008D2	0581E7:Skyrim.esm	PERK	MAG_AugmentedFlames01	FULL	0	Augmented Flames	強化火焰	Adamant 5.9.2 CHT exact FormKey seed
000008D3	0581E7:Skyrim.esm	PERK	MAG_AugmentedFlames01	DESC	0	Fire spells deal 25% more damage.	火焰法術造成額外 25% 傷害。	Adamant 5.9.2 CHT exact FormKey seed
000008D4	0581EA:Skyrim.esm	PERK	MAG_AugmentedFrost30	FULL	0	Augmented Frost	寒霜增強	Adamant 5.9.2 CHT exact FormKey seed
000008D5	0581EA:Skyrim.esm	PERK	MAG_AugmentedFrost30	DESC	0	Frost spells deal 25% more damage.	寒霜法術造成額外 25% 傷害。	Adamant 5.9.2 CHT exact FormKey seed
000008D6	0581F4:Skyrim.esm	PERK	MAG_Illumination	FULL	0	Illumination	無量光	Adamant 5.9.2 CHT exact FormKey seed
000008D7	0581F4:Skyrim.esm	PERK	MAG_Illumination	DESC	0	Regeneration and Attunement spells last twice as long when dual cast.	雙手施放再生術與點化法術時，效果持續時間延長至兩倍。	Adamant 6.0.2 custom; Skyrim 8.20 terminology
000008D8	0581F5:Skyrim.esm	PERK	MAG_Pilgrim60	FULL	0	Pilgrim	朝聖	Adamant 5.9.2 CHT exact FormKey seed
000008D9	0581F5:Skyrim.esm	PERK	MAG_Pilgrim60	DESC	0	Divine blessings are twice as strong, and you receive additional bonuses when you pray at their shrines. 	聖靈的祝福效果加倍，而且當你在祂們的祭壇祈禱將獲得額外的加成。	Adamant 5.9.2 CHT exact FormKey seed
000008DA	0581F7:Skyrim.esm	PERK	MAG_Barrier02	FULL	0	Barrier	屏障	Adamant 6.0.2 custom; Skyrim 8.20 terminology
000008DB	0581F7:Skyrim.esm	PERK	MAG_Barrier02	DESC	0	Protection spells like Oakflesh and Fire Shell last twice as long and effect all nearby allies when dual cast.	雙手施放木甲術、火焰之殼等防護法術時，效果持續時間延長至兩倍，並作用於附近所有盟友。	Adamant 6.0.2 custom; Skyrim 8.20 terminology
000008DC	0581F8:Skyrim.esm	PERK	MAG_LightWeaver	FULL	0	Light Weaver	光織者	Adamant 5.9.2 CHT exact FormKey seed
000008DD	0581F8:Skyrim.esm	PERK	MAG_LightWeaver	DESC	0	Sun spells deal 25% more damage.	太陽法術造成額外 25% 傷害。	Adamant 5.9.2 CHT exact FormKey seed
000008DE	0581F9:Skyrim.esm	PERK	MAG_Respite	FULL	0	Respite	緩解舒張	Adamant 5.9.2 CHT exact FormKey seed
000008DF	0581F9:Skyrim.esm	PERK	MAG_Respite	DESC	0	Instant healing spells such as Fast Healing and Close Wounds also restore Stamina.	高效治療術和癒合傷口等即時治療法術也會恢復耐力。	Adamant 5.9.2 CHT exact FormKey seed
000008E0	0581FC:Skyrim.esm	PERK	MAG_MagickaWell	FULL	0	Magicka Well	法力井	Adamant 5.9.2 CHT exact FormKey seed
000008E1	0581FC:Skyrim.esm	PERK	MAG_MagickaWell	DESC	0	Your Magicka regenerates twice as fast when you fall below half Magicka while wearing robes.	裝備袍服且法力降至一半以下時，法力恢復速率加倍。	Adamant 5.9.2 CHT exact FormKey seed
000008E2	0581FD:Skyrim.esm	PERK	MAG_SilentCasting	FULL	0	Silent Casting	無聲施法	Adamant 5.9.2 CHT exact FormKey seed
000008E3	0581FD:Skyrim.esm	PERK	MAG_SilentCasting	DESC	0	Your spells are silent to others.	你的法術對外界都是無聲的。	Adamant 5.9.2 CHT exact FormKey seed
000008E4	058200:Skyrim.esm	PERK	MAG_AugmentedShock30	FULL	0	Augmented Shock	閃電增強	Adamant 5.9.2 CHT exact FormKey seed
000008E5	058200:Skyrim.esm	PERK	MAG_AugmentedShock30	DESC	0	Shock spells deal 25% more damage.	閃電法術造成額外 25% 傷害。	Adamant 5.9.2 CHT exact FormKey seed
000008E6	058201:Skyrim.esm	PERK	MAG_Misdirection	FULL	0	Misdirection	誤導	Adamant 5.9.2 CHT exact FormKey seed
000008E7	058201:Skyrim.esm	PERK	MAG_Misdirection	DESC	0	You can pickpocket equipped weapons.	你可以偷取裝備中的武器。	Adamant 5.9.2 CHT exact FormKey seed
000008E8	058202:Skyrim.esm	PERK	MAG_NimbleFingers	FULL	0	Nimble Fingers	靈巧翻手	Adamant 5.9.2 CHT exact FormKey seed
000008E9	058202:Skyrim.esm	PERK	MAG_NimbleFingers	DESC	0	You are more likely to succeed when pickpocketing gold or keys.	當你偷取鑰匙或是金幣時，成功率更高。	Adamant 5.9.2 CHT exact FormKey seed
000008EA	058204:Skyrim.esm	PERK	MAG_PracticedThief	FULL	0	Practiced Thief	老練盜者	Adamant 5.9.2 CHT exact FormKey seed
000008EB	058204:Skyrim.esm	PERK	MAG_PracticedThief	DESC	0	You are more likely to succeed when pickpocketing gems or jewelry.	當你偷取靈魂石或是飾品時，成功率更高。	Adamant 5.9.2 CHT exact FormKey seed
000008EC	058205:Skyrim.esm	PERK	MAG_PerfectTouch	FULL	0	Perfect Touch	嫻熟之觸	Adamant 5.9.2 CHT exact FormKey seed
000008ED	058205:Skyrim.esm	PERK	MAG_PerfectTouch	DESC	0	You can pickpocket equipped items.	你可以偷取裝備中的物品。	Adamant 5.9.2 CHT exact FormKey seed
000008EE	058208:Skyrim.esm	PERK	MAG_TreasureHunter	FULL	0	Treasure Hunter	寶物獵人	Adamant 5.9.2 CHT exact FormKey seed
000008EF	058208:Skyrim.esm	PERK	MAG_TreasureHunter	DESC	0	You find valuable treasure wherever you go.	無論你在哪裡，都能找到珍貴的寶藏。	Adamant 5.9.2 CHT exact FormKey seed
000008F0	058209:Skyrim.esm	PERK	MAG_Tumblerbane	FULL	0	Tumblerbane	匠心獨運	Adamant 5.9.2 CHT exact FormKey seed
000008F1	058209:Skyrim.esm	PERK	MAG_Tumblerbane	DESC	0	Your lockpicks start closer to the opening position.	你開鎖器的位置離正確的解鎖位置很近。	Adamant 5.9.2 CHT exact FormKey seed
000008F2	05820A:Skyrim.esm	PERK	MAG_GoldenTouch	FULL	0	Golden Touch	尋金之手	Adamant 5.9.2 CHT exact FormKey seed
000008F3	05820A:Skyrim.esm	PERK	MAG_GoldenTouch	DESC	0	You find more gold on your adventures.	在冒險旅途中提高你獲取金幣的數量。	Adamant 5.9.2 CHT exact FormKey seed
000008F4	05820C:Skyrim.esm	PERK	MAG_Trespasser	FULL	0	Trespasser	入侵者	Adamant 5.9.2 CHT exact FormKey seed
000008F5	05820C:Skyrim.esm	PERK	MAG_Trespasser	DESC	0	You no longer trigger traps, and you can execute a silent roll while sneaking.	你不再觸發陷阱，並且可以在潛行時進行無聲翻滾。	Adamant 5.9.2 CHT exact FormKey seed
000008F6	058210:Skyrim.esm	PERK	MAG_Merciless	FULL	0	Merciless	無情殺手	Adamant 5.9.2 CHT exact FormKey seed
000008F7	058210:Skyrim.esm	PERK	MAG_Merciless	DESC	0	Sneak attacks with melee weapons deal 50% extra damage.	使用近戰武器進行潛行攻擊造成50%的額外傷害。	Adamant 5.9.2 CHT exact FormKey seed
000008F8	058211:Skyrim.esm	PERK	MAG_AssassinsBlade70	FULL	0	Assassin's Blade	刺客之刃	Adamant 5.9.2 CHT exact FormKey seed
000008F9	058211:Skyrim.esm	PERK	MAG_AssassinsBlade70	DESC	0	Sneak attacks with daggers deal 50% more damage.	使用匕首進行潛行攻擊造成額外 50% 傷害。	Adamant 5.9.2 CHT exact FormKey seed
000008FA	058213:Skyrim.esm	PERK	MAG_LivingShadow	FULL	0	Living Shadow	生於暗影	Adamant 5.9.2 CHT exact FormKey seed
000008FB	058213:Skyrim.esm	PERK	MAG_LivingShadow	DESC	0	Once every 10 seconds, sneaking in combat causes nearby enemies to stop searching for you.	每10秒一次，在戰鬥中潛行會使附近敵人停止搜尋你。	Adamant 5.9.2 CHT exact FormKey seed
000008FC	058214:Skyrim.esm	PERK	MAG_HiddenThreat	FULL	0	Hidden Threat	潛在威脅	Adamant 5.9.2 CHT exact FormKey seed
000008FD	058214:Skyrim.esm	PERK	MAG_HiddenThreat	DESC	0	Once every 10 seconds, sneaking in combat turns you invisible for 5 seconds. 	每10秒一次，在戰鬥中潛行會讓你隱形5秒。 	Adamant 5.9.2 CHT exact FormKey seed
000008FE	058215:Skyrim.esm	PERK	MAG_Apothecary30	FULL	0	Apothecary	藥劑師	Adamant 6.0.2 custom; Skyrim 8.20 terminology
000008FF	058215:Skyrim.esm	PERK	MAG_Apothecary30	DESC	0	Potions last 50% longer.	藥水持續時間增加 50%。	Adamant 5.9.2 CHT exact FormKey seed
00000900	058216:Skyrim.esm	PERK	MAG_Potency01	FULL	0	Potency	藥效強化	Adamant 5.9.2 CHT exact FormKey seed
00000901	058216:Skyrim.esm	PERK	MAG_Potency01	DESC	0	Potions you mix are 50% stronger.	你製作的藥劑效果提高 50%。	Adamant 6.0.2 custom; Skyrim 8.20 terminology
00000902	058217:Skyrim.esm	PERK	MAG_UnusedPerk06	FULL	0	Unused	Unused	Adamant 5.9.2 CHT exact FormKey seed
00000903	058217:Skyrim.esm	PERK	MAG_UnusedPerk06	DESC	0	Poisons you apply last for three extra hits.	毒藥可以多持續三次擊打。	Adamant 5.9.2 CHT exact FormKey seed
00000904	058218:Skyrim.esm	PERK	MAG_Experimenter	FULL	0	Experimenter	試藥精通	Adamant 5.9.2 CHT exact FormKey seed
00000905	058218:Skyrim.esm	PERK	MAG_Experimenter	DESC	0	Eating an ingredient reveals all its effects.	吃下一種材料時能夠確認所有的藥性。	Adamant 5.9.2 CHT exact FormKey seed
00000906	05821D:Skyrim.esm	PERK	MAG_GreenThumb40	FULL	0	Green Thumb	園藝精通	Adamant 5.9.2 CHT exact FormKey seed
00000907	05821D:Skyrim.esm	PERK	MAG_GreenThumb40	DESC	0	You gather one extra ingredient from plants.	你採集植物時額外收穫一個材料。	Adamant 5.9.2 CHT exact FormKey seed
00000908	058F61:Skyrim.esm	PERK	MAG_SteadyHand01	FULL	0	Steady Hand	穩定之手	Adamant 5.9.2 CHT exact FormKey seed
00000909	058F61:Skyrim.esm	PERK	MAG_SteadyHand01	DESC	0	Zoom in while drawing a bow or crossbow to slow down time by 25%.	拉弓或弩時放大，可使時間減慢 25%。	Adamant 6.0.2 custom; Skyrim 8.20 terminology
0000090A	058F62:Skyrim.esm	PERK	MAG_PowerShot	FULL	0	Power Shot	強力射擊	Adamant 5.9.2 CHT exact FormKey seed
0000090B	058F62:Skyrim.esm	PERK	MAG_PowerShot	DESC	0	Bows and crossbows have a 50% chance to stagger enemies. 	弓和弩有 50% 的機率使敵人失衡。	Adamant 6.0.2 custom; Skyrim 8.20 terminology
0000090C	058F63:Skyrim.esm	PERK	MAG_RangersStance02	FULL	0	Ranger's Stance	遊俠架勢	Adamant 6.0.2 custom; Skyrim 8.20 terminology
0000090D	058F63:Skyrim.esm	PERK	MAG_RangersStance02	DESC	0	You draw your bow and reload your crossbow faster, and you move faster while aiming a bow or crossbow.	你可以更快地拉弓和重新裝填弩，並且在瞄準弓或弩時移動得更快。	Adamant 6.0.2 custom; Skyrim 8.20 terminology
0000090E	058F64:Skyrim.esm	PERK	MAG_PinningShot	FULL	0	Pinning Shot	牽制射擊	Adamant 6.0.2 custom; Skyrim 8.20 terminology
0000090F	058F64:Skyrim.esm	PERK	MAG_PinningShot	DESC	0	Repeated attacks from bows or crossbows reduce enemy Movement Speed by up to 50% for 10 seconds.	弓或弩的重複攻擊可降低敵人移動速度最多 50%，持續 10 秒。	Adamant 6.0.2 custom; Skyrim 8.20 terminology
00000910	058F66:Skyrim.esm	PERK	MAG_StunningStrike	FULL	0	Stunning Strike	震懾打擊	Adamant 5.9.2 CHT exact FormKey seed
00000911	058F66:Skyrim.esm	PERK	MAG_StunningStrike	DESC	0	Bashing an enemy reduces their Movement and Attack Speed by 25% for 10 seconds.	盾擊敵人會使其移動速度和攻擊速度降低 25%，持續 10 秒。	Adamant 6.0.2 custom; Skyrim 8.20 terminology
00000912	058F67:Skyrim.esm	PERK	MAG_PowerBash	FULL	0	Power Bash	強力反擊	Adamant 5.9.2 CHT exact FormKey seed
00000913	058F67:Skyrim.esm	PERK	MAG_PowerBash	DESC	0	You are able to perform a power bash.	你可以使用強力盾擊。	Adamant 5.9.2 CHT exact FormKey seed
00000914	058F68:Skyrim.esm	PERK	MAG_BlockStaggerPerk02	FULL	0	Shield Wall	盾牆	Adamant 6.0.2 custom; Skyrim 8.20 terminology
00000915	058F68:Skyrim.esm	PERK	MAG_BlockStaggerPerk02	DESC	0	Blocking with a shield has a 50% chance to stagger your attacker.	用盾牌格擋敵人的攻擊時，有50%機率使攻擊者失衡。	Adamant 5.9.2 CHT exact FormKey seed
00000916	058F69:Skyrim.esm	PERK	MAG_DeflectSpells	FULL	0	Deflect Spells	法術偏轉	Adamant 6.0.2 custom; Skyrim 8.20 terminology
00000917	058F69:Skyrim.esm	PERK	MAG_DeflectSpells	DESC	0	Blocking with a shield reduces incoming magic damage by 50%.	用盾牌格擋可減少50%受到的魔法傷害。	Adamant 5.9.2 CHT exact FormKey seed
00000918	058F6A:Skyrim.esm	PERK	MAG_ShieldCharge	FULL	0	Shield Charge	衝刺盾擊	Adamant 5.9.2 CHT exact FormKey seed
00000919	058F6A:Skyrim.esm	PERK	MAG_ShieldCharge	DESC	0	Sprint while blocking with a shield to execute a shield charge. While charging, you resist 50% of all incoming weapon and spell damage.	持盾格擋時衝刺可發動衝刺盾擊。衝鋒期間受到的武器與法術傷害降低 50%。	Adamant 6.0.2 custom; Skyrim 8.20 terminology
0000091A	058F6C:Skyrim.esm	PERK	MAG_Impenetrable	FULL	0	Impenetrable	堅不可摧	Adamant 6.0.2 custom; Skyrim 8.20 terminology
0000091B	058F6C:Skyrim.esm	PERK	MAG_Impenetrable	DESC	0	You resist 50% of incoming critical and bleed damage while wearing heavy armor.	穿著重甲時，受到的致命一擊與流血傷害降低 50%。	Adamant 6.0.2 custom; Skyrim 8.20 terminology
0000091C	058F6D:Skyrim.esm	PERK	MAG_Conditioning01	FULL	0	Conditioning	身體調適	Adamant 5.9.2 CHT exact FormKey seed
0000091D	058F6D:Skyrim.esm	PERK	MAG_Conditioning01	DESC	0	Your Health Regeneration is increased by 50% while wearing heavy armor.	穿著重甲時，你的生命恢復速度提高 50%。	Adamant 6.0.2 custom; Skyrim 8.20 terminology
0000091E	058F6E:Skyrim.esm	PERK	MAG_Immovable	FULL	0	Immovable	不動如山	Adamant 5.9.2 CHT exact FormKey seed
0000091F	058F6E:Skyrim.esm	PERK	MAG_Immovable	DESC	0	You resist 50% of incoming stagger when wearing heavy armor.	穿著重甲時，受到的失衡效果降低 50%。	Adamant 6.0.2 custom; Skyrim 8.20 terminology
00000920	058F6F:Skyrim.esm	PERK	MAG_Juggernaut	FULL	0	Juggernaut	重甲戰神	Adamant 5.9.2 CHT exact FormKey seed
00000921	058F6F:Skyrim.esm	PERK	MAG_Juggernaut	DESC	0	Your Armor Rating is increased by 100 while wearing heavy armor.	穿著重甲時，你的護具防禦力會增加 100。	Adamant 6.0.2 custom; Skyrim 8.20 terminology
00000922	058F72:Skyrim.esm	PERK	MAG_BriberyControllerPerk	FULL	0	Bribery	賄賂收買	Adamant 5.9.2 CHT exact FormKey seed
00000923	058F72:Skyrim.esm	PERK	MAG_BriberyControllerPerk	DESC	0			Adamant 5.9.2 CHT exact FormKey seed
00000924	058F75:Skyrim.esm	PERK	MAG_Inspiration	FULL	0	Inspiration	鼓舞	Adamant 6.0.2 custom; Skyrim 8.20 terminology
00000925	058F75:Skyrim.esm	PERK	MAG_Inspiration	DESC	0	Bard songs are twice as strong on allies and affect summoned or reanimated minions.	吟遊詩人樂曲對盟友的效果提高至兩倍，並可影響召喚或復生的僕從。	Adamant 6.0.2 custom; Skyrim 8.20 terminology
00000926	058F79:Skyrim.esm	PERK	MAG_Bard01	FULL	0	Bard	吟遊詩人	Adamant 6.0.2 custom; Skyrim 8.20 terminology
00000927	058F79:Skyrim.esm	PERK	MAG_Bard01	DESC	0	Bard songs increase Health, Magicka, or Stamina for you and all nearby living allies.	吟遊詩人樂曲會提高你與附近所有活著盟友的生命、法力或耐力。	Adamant 6.0.2 custom; Skyrim 8.20 terminology
00000928	058F7A:Skyrim.esm	PERK	MAG_Warsong	FULL	0	Warsong	戰歌	Adamant 6.0.2 custom; Skyrim 8.20 terminology
00000929	058F7A:Skyrim.esm	PERK	MAG_Warsong	DESC	0	Bard songs grant all bonuses to allies, regardless of the instrument you play.	無論演奏哪種樂器，吟遊詩人樂曲都會將全部加成賦予盟友。	Adamant 6.0.2 custom; Skyrim 8.20 terminology
0000092A	058F7B:Skyrim.esm	PERK	MAG_Investor	FULL	0	Investor	商業資助	Adamant 5.9.2 CHT exact FormKey seed
0000092B	058F7B:Skyrim.esm	PERK	MAG_Investor	DESC	0	You can invest in a shopkeeper's business to increase their available stock.	你可以投資店家的生意，使其販售更多商品。	Adamant 6.0.2 custom; Skyrim 8.20 terminology
0000092C	058F7C:Skyrim.esm	PERK	MAG_WeaponEnchanter02	FULL	0	Weapon Enchanter	武器附魔師	Adamant 6.0.2 custom; Skyrim 8.20 terminology
0000092D	058F7C:Skyrim.esm	PERK	MAG_WeaponEnchanter02	DESC	0	Weapon enchantments you create are twice as strong and have twice as much charge.	你製作的武器附魔效果提高至兩倍，充能也提高至兩倍。	Adamant 6.0.2 custom; Skyrim 8.20 terminology
0000092E	058F7D:Skyrim.esm	PERK	MAG_WeaponEnchanter01	FULL	0	Weapon Enchanter	武器附魔師	Adamant 5.9.2 CHT exact FormKey seed
0000092F	058F7D:Skyrim.esm	PERK	MAG_WeaponEnchanter01	DESC	0	Weapon enchantments you create are 50% stronger and have 50% more charge. 	你製作的武器附魔效果提高 50%，充能也提高 50%。	Adamant 6.0.2 custom; Skyrim 8.20 terminology
00000930	058F7E:Skyrim.esm	PERK	MAG_ArmorEnchanter01	FULL	0	Armor Enchanter	護甲附魔師	Adamant 6.0.2 custom; Skyrim 8.20 terminology
00000931	058F7E:Skyrim.esm	PERK	MAG_ArmorEnchanter01	DESC	0	Armor and jewelry enchantments you create are 50% stronger.	你製作的護具與飾品附魔效果提高 50%。	Adamant 6.0.2 custom; Skyrim 8.20 terminology
00000932	058F7F:Skyrim.esm	PERK	MAG_UnusedPerk	FULL	0	Unused Perk	未使用天賦	Adamant 5.9.2 CHT exact FormKey seed
00000933	058F7F:Skyrim.esm	PERK	MAG_UnusedPerk	DESC	0	If you can see this perk, you have a conflict in your load order.	如果你能看到這個技能，說明你的載入順序有問題。	Adamant 5.9.2 CHT exact FormKey seed
00000934	058F80:Skyrim.esm	PERK	MAG_Conduit	FULL	0	Conduit	導能者	Adamant 6.0.2 custom; Skyrim 8.20 terminology
00000935	058F80:Skyrim.esm	PERK	MAG_Conduit	DESC	0	Weapon enchantments cost 50% less charge.	武器的附魔消耗減少50%。	Adamant 5.9.2 CHT exact FormKey seed
00000936	058F81:Skyrim.esm	PERK	MAG_ArmorEnchanter02	FULL	0	Armor Enchanter	護甲附魔師	Adamant 6.0.2 custom; Skyrim 8.20 terminology
00000937	058F81:Skyrim.esm	PERK	MAG_ArmorEnchanter02	DESC	0	Armor and jewelry enchantments you create are twice as strong. 	你製作的護具與飾品附魔效果提高至兩倍。	Adamant 6.0.2 custom; Skyrim 8.20 terminology
00000938	058F82:Skyrim.esm	PERK	MAG_SoulSiphon	FULL	0	Soul Siphon	靈魂虹吸	Adamant 5.9.2 CHT exact FormKey seed
00000939	058F82:Skyrim.esm	PERK	MAG_SoulSiphon	DESC	0	Enchanted weapons regenerate some of their lost charge when they land a killing blow.	附魔的武器在擊殺目標時，能夠恢復部分消耗的能量。	Adamant 5.9.2 CHT exact FormKey seed
0000093A	059B76:Skyrim.esm	PERK	MAG_MasteroftheMind60	FULL	0	Master of the Mind	心靈掌控大師	Adamant 5.9.2 CHT exact FormKey seed
0000093B	059B76:Skyrim.esm	PERK	MAG_MasteroftheMind60	DESC	0	Illusion spells work on undead.	幻象系法術能影響不死者。	Adamant 5.9.2 CHT exact FormKey seed
0000093C	059B77:Skyrim.esm	PERK	MAG_Serenity30	FULL	0	Serenity	寧謐之靈	Adamant 5.9.2 CHT exact FormKey seed
0000093D	059B77:Skyrim.esm	PERK	MAG_Serenity30	DESC	0	Calm spells last for one additional hit.	鎮定法術的效果持續時間增加一次打擊。	Adamant 5.9.2 CHT exact FormKey seed
0000093E	059B78:Skyrim.esm	PERK	MAG_Tranquility	FULL	0	Tranquility	寂靜法門	Adamant 5.9.2 CHT exact FormKey seed
0000093F	059B78:Skyrim.esm	PERK	MAG_Tranquility	DESC	0	Silence spells dispel any magical effects on the target.	沉默法術能驅除目標身上的所有魔法效果。	Adamant 5.9.2 CHT exact FormKey seed
00000940	05F56F:Skyrim.esm	PERK	MAG_KeenEdge01	FULL	0	Keen Edge	鋒利刃口	Adamant 6.0.2 custom; Skyrim 8.20 terminology
00000941	05F56F:Skyrim.esm	PERK	MAG_KeenEdge01	DESC	0	Swords and daggers deal three times more critical damage.	劍與匕首造成的致命一擊傷害提高至三倍。	Adamant 6.0.2 custom; Skyrim 8.20 terminology
00000942	05F592:Skyrim.esm	PERK	MAG_BellRinger01	FULL	0	Bell Ringer	鳴鐘者	Adamant 6.0.2 custom; Skyrim 8.20 terminology
00000943	05F592:Skyrim.esm	PERK	MAG_BellRinger01	DESC	0	Maces deal Stamina damage.	釘錘會造成耐力傷害。	Adamant 6.0.2 custom; Skyrim 8.20 terminology
00000944	05F594:Skyrim.esm	PERK	MAG_DeadlyBash	FULL	0	Deadly Bash	致命反擊	Adamant 5.9.2 CHT exact FormKey seed
00000945	05F594:Skyrim.esm	PERK	MAG_DeadlyBash	DESC	0	Bashing an enemy deals five times more damage.	盾擊敵人會造成五倍的傷害。	Adamant 6.0.2 custom; Skyrim 8.20 terminology
00000946	0640B3:Skyrim.esm	PERK	MAG_MysticBinding	FULL	0	Mystic Binding	魔能束縛	Adamant 5.9.2 CHT exact FormKey seed
00000947	0640B3:Skyrim.esm	PERK	MAG_MysticBinding	DESC	0	Bound weapons and shields are stronger. 	魔力塑形武器與盾牌威力提高。	Adamant 6.0.2 custom; Skyrim 8.20 terminology
00000948	068BCC:Skyrim.esm	PERK	MAG_Affliction20	FULL	0	Affliction	折磨煉獄	Adamant 5.9.2 CHT exact FormKey seed
00000949	068BCC:Skyrim.esm	PERK	MAG_Affliction20	DESC	0	Poison spells deal 25% more damage.	毒素法術造成額外 25% 傷害。	Adamant 5.9.2 CHT exact FormKey seed
0000094A	079342:Skyrim.esm	PERK	MAG_Skirmisher50	FULL	0	Skirmisher	散兵	Adamant 5.9.2 CHT exact FormKey seed
0000094B	079342:Skyrim.esm	PERK	MAG_Skirmisher50	DESC	0	One-handed weapons do 60% more damage.	單手武器造成額外 60% 傷害。	Adamant 5.9.2 CHT exact FormKey seed
0000094C	079343:Skyrim.esm	PERK	MAG_OnehandedMastery02	FULL	0	One-handed Mastery	單手武器精通	Adamant 6.0.2 custom; Skyrim 8.20 terminology
0000094D	079343:Skyrim.esm	PERK	MAG_OnehandedMastery02	DESC	0	One-handed weapons deal 50% more damage.	單手武器造成的傷害提高 50%。	Adamant 6.0.2 custom; Skyrim 8.20 terminology
0000094E	079344:Skyrim.esm	PERK	MAG_Skirmisher75	FULL	0	Skirmisher	散兵	Adamant 5.9.2 CHT exact FormKey seed
0000094F	079344:Skyrim.esm	PERK	MAG_Skirmisher75	DESC	0	One-handed weapons do 80% more damage.	單手武器造成額外 80% 傷害。	Adamant 5.9.2 CHT exact FormKey seed
00000950	079345:Skyrim.esm	PERK	MAG_Skirmisher100	FULL	0	Skirmisher	散兵	Adamant 5.9.2 CHT exact FormKey seed
00000951	079345:Skyrim.esm	PERK	MAG_Skirmisher100	DESC	0	One-handed weapons do twice as much damage.	單手武器造成雙倍傷害。	Adamant 5.9.2 CHT exact FormKey seed
00000952	079346:Skyrim.esm	PERK	MAG_TwohandedMastery02	FULL	0	Two-handed Mastery	雙手武器精通	Adamant 6.0.2 custom; Skyrim 8.20 terminology
00000953	079346:Skyrim.esm	PERK	MAG_TwohandedMastery02	DESC	0	Two-handed weapons do 50% more damage.	雙手武器造成額外 50% 傷害。	Adamant 5.9.2 CHT exact FormKey seed
00000954	079347:Skyrim.esm	PERK	MAG_Barbarian50	FULL	0	Barbarian	野蠻之力	Adamant 5.9.2 CHT exact FormKey seed
00000955	079347:Skyrim.esm	PERK	MAG_Barbarian50	DESC	0	Two-handed weapons do 60% more damage.	雙手武器造成額外 60% 傷害。	Adamant 5.9.2 CHT exact FormKey seed
00000956	079348:Skyrim.esm	PERK	MAG_Barbarian75	FULL	0	Barbarian	野蠻之力	Adamant 5.9.2 CHT exact FormKey seed
00000957	079348:Skyrim.esm	PERK	MAG_Barbarian75	DESC	0	Two-handed weapons do 80% more damage.	雙手武器造成額外 80% 傷害。	Adamant 5.9.2 CHT exact FormKey seed
00000958	079349:Skyrim.esm	PERK	MAG_Barbarian100	FULL	0	Barbarian	野蠻之力	Adamant 5.9.2 CHT exact FormKey seed
00000959	079349:Skyrim.esm	PERK	MAG_Barbarian100	DESC	0	Two-handed weapons do twice as much damage.	雙手武器造成雙倍傷害。	Adamant 5.9.2 CHT exact FormKey seed
0000095A	07934A:Skyrim.esm	PERK	MAG_ArcheryMastery02	FULL	0	Archery Mastery	弓術精通	Adamant 6.0.2 custom; Skyrim 8.20 terminology
0000095B	07934A:Skyrim.esm	PERK	MAG_ArcheryMastery02	DESC	0	Bows and crossbows deal 50% more damage.	弓和弩造成的傷害提高 50%。	Adamant 6.0.2 custom; Skyrim 8.20 terminology
0000095C	07934B:Skyrim.esm	PERK	MAG_Marksman50	FULL	0	Marksman	箭術	Adamant 5.9.2 CHT exact FormKey seed
0000095D	07934B:Skyrim.esm	PERK	MAG_Marksman50	DESC	0	Bows do 60% more damage.	弓箭造成額外 60% 傷害。	Adamant 5.9.2 CHT exact FormKey seed
0000095E	07934D:Skyrim.esm	PERK	MAG_Marksman75	FULL	0	Marksman	箭術	Adamant 5.9.2 CHT exact FormKey seed
0000095F	07934D:Skyrim.esm	PERK	MAG_Marksman75	DESC	0	Bows do 80% more damage.	弓箭造成額外 80% 傷害。	Adamant 5.9.2 CHT exact FormKey seed
00000960	079354:Skyrim.esm	PERK	MAG_Marksman100	FULL	0	Marksman	箭術	Adamant 5.9.2 CHT exact FormKey seed
00000961	079354:Skyrim.esm	PERK	MAG_Marksman100	DESC	0	Bows do twice as much damage.	弓箭可以造成雙倍傷害。	Adamant 5.9.2 CHT exact FormKey seed
00000962	079355:Skyrim.esm	PERK	MAG_BlockMastery02	FULL	0	Block Mastery	格擋精通	Adamant 6.0.2 custom; Skyrim 8.20 terminology
00000963	079355:Skyrim.esm	PERK	MAG_BlockMastery02	DESC	0	Blocking and bashing are 50% more effective.	格擋與盾擊效果提高 50%。	Adamant 6.0.2 custom; Skyrim 8.20 terminology
00000964	079356:Skyrim.esm	PERK	MAG_Gladiator50	FULL	0	Gladiator	角鬥士	Adamant 5.9.2 CHT exact FormKey seed
00000965	079356:Skyrim.esm	PERK	MAG_Gladiator50	DESC	0	Blocking and bashing are 30% more effective.	你的格擋和盾擊效果提高30%。	Adamant 5.9.2 CHT exact FormKey seed
00000966	079357:Skyrim.esm	PERK	MAG_Gladiator75	FULL	0	Gladiator	角鬥士	Adamant 5.9.2 CHT exact FormKey seed
00000967	079357:Skyrim.esm	PERK	MAG_Gladiator75	DESC	0	Blocking and bashing are 40% more effective.	你的格擋和盾擊效果提高40%。	Adamant 5.9.2 CHT exact FormKey seed
00000968	079358:Skyrim.esm	PERK	MAG_Gladiator100	FULL	0	Gladiator	角鬥士	Adamant 5.9.2 CHT exact FormKey seed
00000969	079358:Skyrim.esm	PERK	MAG_Gladiator100	DESC	0	Blocking and bashing are 50% more effective.	格擋與盾擊效果提高 50%。	Adamant 5.9.2 CHT exact FormKey seed
0000096A	07935E:Skyrim.esm	PERK	MAG_HeavyArmorMastery02	FULL	0	Heavy Armor Mastery	重甲精通	Adamant 6.0.2 custom; Skyrim 8.20 terminology
0000096B	07935E:Skyrim.esm	PERK	MAG_HeavyArmorMastery02	DESC	0	Heavy armor is 50% more effective and weighs nothing when worn.	重甲提供的護具防禦力提高 50%，穿戴時不計重量。	Adamant 6.0.2 custom; Skyrim 8.20 terminology
0000096C	079361:Skyrim.esm	PERK	MAG_Juggernaut50	FULL	0	Juggernaut	重甲戰神	Adamant 5.9.2 CHT exact FormKey seed
0000096D	079361:Skyrim.esm	PERK	MAG_Juggernaut50	DESC	0	Heavy armor is 30% more effective and weighs 60% less.	重甲所有效果提高30%，並且重量減少60%。	Adamant 5.9.2 CHT exact FormKey seed
0000096E	079362:Skyrim.esm	PERK	MAG_Juggernaut75	FULL	0	Juggernaut	重甲戰神	Adamant 5.9.2 CHT exact FormKey seed
0000096F	079362:Skyrim.esm	PERK	MAG_Juggernaut75	DESC	0	Heavy armor is 40% more effective and weighs 80% less.	重甲所有效果提高40%，並且重量減少80%。	Adamant 5.9.2 CHT exact FormKey seed
00000970	079374:Skyrim.esm	PERK	MAG_Juggernaut100	FULL	0	Juggernaut	重甲戰神	Adamant 5.9.2 CHT exact FormKey seed
00000971	079374:Skyrim.esm	PERK	MAG_Juggernaut100	DESC	0	Heavy armor is 50% more effective and weighs nothing.	重甲所有效果提高50%，並且不計重量。	Adamant 5.9.2 CHT exact FormKey seed
00000972	079376:Skyrim.esm	PERK	MAG_LightArmorMastery02	FULL	0	Light ArmorMastery	輕甲精通	Adamant 6.0.2 custom; Skyrim 8.20 terminology
00000973	079376:Skyrim.esm	PERK	MAG_LightArmorMastery02	DESC	0	Light armor is 50% more effective and weighs nothing when worn.	輕甲提供的護具防禦力提高 50%，穿戴時不計重量。	Adamant 6.0.2 custom; Skyrim 8.20 terminology
00000974	079389:Skyrim.esm	PERK	MAG_Scout50	FULL	0	Scout	斥候	Adamant 5.9.2 CHT exact FormKey seed
00000975	079389:Skyrim.esm	PERK	MAG_Scout50	DESC	0	Light armor is 30% more effective and weighs 60% less.	輕甲效果提升 30%，並且重量減少 60%。	Adamant 5.9.2 CHT exact FormKey seed
00000976	079391:Skyrim.esm	PERK	MAG_Scout75	FULL	0	Scout	斥候	Adamant 5.9.2 CHT exact FormKey seed
00000977	079391:Skyrim.esm	PERK	MAG_Scout75	DESC	0	Light armor is 40% more effective and weighs 80% less.	輕甲效果提升40%，並且重量減少 80%。	Adamant 5.9.2 CHT exact FormKey seed
00000978	079392:Skyrim.esm	PERK	MAG_Scout100	FULL	0	Scout	斥候	Adamant 5.9.2 CHT exact FormKey seed
00000979	079392:Skyrim.esm	PERK	MAG_Scout100	DESC	0	Light armor is 50% more effective and weighs nothing.	輕甲效果提升 50%，並且不計重量。	Adamant 5.9.2 CHT exact FormKey seed
0000097A	096590:Skyrim.esm	PERK	MAG_DeepPockets	FULL	0	Deep Pockets	深口袋	Adamant 5.9.2 CHT exact FormKey seed
0000097B	096590:Skyrim.esm	PERK	MAG_DeepPockets	DESC	0	Your Carry Weight is increased by 50.	你的負重提高50點。	Adamant 5.9.2 CHT exact FormKey seed
0000097C	0A3F64:Skyrim.esm	PERK	MAG_Renewal	FULL	0	Renewal	重生奇蹟	Adamant 5.9.2 CHT exact FormKey seed
0000097D	0A3F64:Skyrim.esm	PERK	MAG_Renewal	DESC	0	When you fall below 25% Health while in combat, you automatically heal yourself back to full. This effect can occur once every ten minutes.	當你在戰鬥中生命降至25%以下時，自動回復至滿血。此效果每十分鐘只能發生一次。	Adamant 5.9.2 CHT exact FormKey seed
0000097E	0BABE4:Skyrim.esm	PERK	MAG_OnehandedMastery01	FULL	0	One-handed Mastery	單手武器精通	Adamant 6.0.2 custom; Skyrim 8.20 terminology
0000097F	0BABE4:Skyrim.esm	PERK	MAG_OnehandedMastery01	DESC	0	One-handed weapons deal 25% more damage.	單手武器造成的傷害提高 25%。	Adamant 6.0.2 custom; Skyrim 8.20 terminology
00000980	0BABE8:Skyrim.esm	PERK	MAG_TwohandedMastery01	FULL	0	Two-handed Mastery	雙手武器精通	Adamant 6.0.2 custom; Skyrim 8.20 terminology
00000981	0BABE8:Skyrim.esm	PERK	MAG_TwohandedMastery01	DESC	0	Two-handed weapons do 25% more damage.	雙手武器造成額外 25% 傷害。	Adamant 5.9.2 CHT exact FormKey seed
00000982	0BABED:Skyrim.esm	PERK	MAG_ArcheryMastery01	FULL	0	Archery Mastery	弓術精通	Adamant 6.0.2 custom; Skyrim 8.20 terminology
00000983	0BABED:Skyrim.esm	PERK	MAG_ArcheryMastery01	DESC	0	Bows and crossbows deal 25% more damage.	弓和弩造成的傷害提高 25%。	Adamant 6.0.2 custom; Skyrim 8.20 terminology
00000984	0BCCAE:Skyrim.esm	PERK	MAG_BlockMastery01	FULL	0	Block Mastery	格擋精通	Adamant 6.0.2 custom; Skyrim 8.20 terminology
00000985	0BCCAE:Skyrim.esm	PERK	MAG_BlockMastery01	DESC	0	Blocking and bashing are 25% more effective.	格擋與盾擊效果提高 25%。	Adamant 6.0.2 custom; Skyrim 8.20 terminology
00000986	0BCD2A:Skyrim.esm	PERK	MAG_HeavyArmorMastery01	FULL	0	Heavy Armor Mastery	重甲精通	Adamant 6.0.2 custom; Skyrim 8.20 terminology
00000987	0BCD2A:Skyrim.esm	PERK	MAG_HeavyArmorMastery01	DESC	0	Heavy armor is 25% more effective and weighs 50% less.	重甲提供的護具防禦力提高 25%，重量降低 50%。	Adamant 6.0.2 custom; Skyrim 8.20 terminology
00000988	0BCD2B:Skyrim.esm	PERK	MAG_Constitution01	FULL	0	Constitution	體魄強健	Adamant 5.9.2 CHT exact FormKey seed
00000989	0BCD2B:Skyrim.esm	PERK	MAG_Constitution01	DESC	0	You resist 25% of incoming attack of opportunity damage while wearing heavy armor.	穿著重甲時，受到的趁隙攻擊傷害降低 25%。	Adamant 6.0.2 custom; Skyrim 8.20 terminology
0000098A	0BE123:Skyrim.esm	PERK	MAG_LightArmorMastery01	FULL	0	Light Armor Mastery	輕甲精通	Adamant 6.0.2 custom; Skyrim 8.20 terminology
0000098B	0BE123:Skyrim.esm	PERK	MAG_LightArmorMastery01	DESC	0	Light armor is 25% more effective and weighs 50% less when worn.	輕甲提供的護具防禦力提高 25%，穿戴時重量降低 50%。	Adamant 6.0.2 custom; Skyrim 8.20 terminology
0000098C	0BE124:Skyrim.esm	PERK	MAG_PickpocketMastery01	FULL	0	Pickpocket Mastery	扒竊精通	Adamant 6.0.2 custom; Skyrim 8.20 terminology
0000098D	0BE124:Skyrim.esm	PERK	MAG_PickpocketMastery01	DESC	0	You are 25% more likely to succeed at pickpocketing.	扒竊成功機率提高 25%。	Adamant 5.9.2 CHT exact FormKey seed
0000098E	0BE125:Skyrim.esm	PERK	MAG_LockpickingMastery02	FULL	0	Lockpicking Mastery	開鎖精通	Adamant 6.0.2 custom; Skyrim 8.20 terminology
0000098F	0BE125:Skyrim.esm	PERK	MAG_LockpickingMastery02	DESC	0	You are 50% better at picking locks.	開鎖能力提高 50%。	Adamant 5.9.2 CHT exact FormKey seed
00000990	0BE126:Skyrim.esm	PERK	MAG_SneakMastery01	FULL	0	Sneak Mastery	潛行精通	Adamant 6.0.2 custom; Skyrim 8.20 terminology
00000991	0BE126:Skyrim.esm	PERK	MAG_SneakMastery01	DESC	0	You are 25% harder to detect when sneaking.	你潛行時增加 25% 機率不被發現。	Adamant 5.9.2 CHT exact FormKey seed
00000992	0BE127:Skyrim.esm	PERK	MAG_AlchemyMastery01	FULL	0	Alchemy Mastery	煉金精通	Adamant 6.0.2 custom; Skyrim 8.20 terminology
00000993	0BE127:Skyrim.esm	PERK	MAG_AlchemyMastery01	DESC	0	Potions and poisons you make are 25% stronger.	你製造的藥水與毒藥的效果提高25%。	Adamant 5.9.2 CHT exact FormKey seed
00000994	0BE128:Skyrim.esm	PERK	MAG_SpeechMastery01	FULL	0	Speech Mastery	口才精通	Adamant 6.0.2 custom; Skyrim 8.20 terminology
00000995	0BE128:Skyrim.esm	PERK	MAG_SpeechMastery01	DESC	0	Buying and selling prices are 10% better.	買賣價格優惠 10%。	Adamant 6.0.2 custom; Skyrim 8.20 terminology
00000996	0BEE97:Skyrim.esm	PERK	MAG_EnchantingMastery01	FULL	0	Enchanting Mastery	附魔精通	Adamant 6.0.2 custom; Skyrim 8.20 terminology
00000997	0BEE97:Skyrim.esm	PERK	MAG_EnchantingMastery01	DESC	0	Enchantments you create are 25% stronger, and soul gems restore 25% more charge.	你製作的附魔效果提高 25%，靈魂石補充的充能提高 25%。	Adamant 6.0.2 custom; Skyrim 8.20 terminology
00000998	0C07C6:Skyrim.esm	PERK	MAG_SneakMastery02	FULL	0	Sneak Mastery	潛行精通	Adamant 6.0.2 custom; Skyrim 8.20 terminology
00000999	0C07C6:Skyrim.esm	PERK	MAG_SneakMastery02	DESC	0	You are 50% harder to detect when sneaking.	你潛行時增加 50% 機率不被發現。	Adamant 5.9.2 CHT exact FormKey seed
0000099A	0C07C7:Skyrim.esm	PERK	MAG_Agent50	FULL	0	Agent	特工	Adamant 5.9.2 CHT exact FormKey seed
0000099B	0C07C7:Skyrim.esm	PERK	MAG_Agent50	DESC	0	You are 30% harder to detect when sneaking.	你潛行時增加 30% 機率不被發現。	Adamant 5.9.2 CHT exact FormKey seed
0000099C	0C07C8:Skyrim.esm	PERK	MAG_Agent75	FULL	0	Agent	特工	Adamant 5.9.2 CHT exact FormKey seed
0000099D	0C07C8:Skyrim.esm	PERK	MAG_Agent75	DESC	0	You are 40% harder to detect when sneaking.	你潛行時增加 40% 機率不被發現。	Adamant 5.9.2 CHT exact FormKey seed
0000099E	0C07C9:Skyrim.esm	PERK	MAG_Agent100	FULL	0	Agent	特工	Adamant 5.9.2 CHT exact FormKey seed
0000099F	0C07C9:Skyrim.esm	PERK	MAG_Agent100	DESC	0	You are 50% harder to detect when sneaking.	你潛行時增加 50% 機率不被發現。	Adamant 5.9.2 CHT exact FormKey seed
000009A0	0C07CA:Skyrim.esm	PERK	MAG_AlchemyMastery02	FULL	0	Alchemy Mastery	煉金精通	Adamant 6.0.2 custom; Skyrim 8.20 terminology
000009A1	0C07CA:Skyrim.esm	PERK	MAG_AlchemyMastery02	DESC	0	Potions and poisons you make are 50% stronger.	你製造的藥水與毒藥的效果提高50%。	Adamant 5.9.2 CHT exact FormKey seed
000009A2	0C07CB:Skyrim.esm	PERK	MAG_Herbalist50	FULL	0	Herbalist	植物學家	Adamant 5.9.2 CHT exact FormKey seed
000009A3	0C07CB:Skyrim.esm	PERK	MAG_Herbalist50	DESC	0			Adamant 5.9.2 CHT exact FormKey seed
000009A4	0C07CC:Skyrim.esm	PERK	MAG_Herbalist75	FULL	0	Herbalist	植物學家	Adamant 5.9.2 CHT exact FormKey seed
000009A5	0C07CC:Skyrim.esm	PERK	MAG_Herbalist75	DESC	0			Adamant 5.9.2 CHT exact FormKey seed
000009A6	0C07CD:Skyrim.esm	PERK	MAG_Herbalist100	FULL	0	Herbalist	植物學家	Adamant 5.9.2 CHT exact FormKey seed
000009A7	0C07CD:Skyrim.esm	PERK	MAG_Herbalist100	DESC	0			Adamant 5.9.2 CHT exact FormKey seed
000009A8	0C07CE:Skyrim.esm	PERK	MAG_SpeechMastery02	FULL	0	Speech Mastery	口才精通	Adamant 6.0.2 custom; Skyrim 8.20 terminology
000009A9	0C07CE:Skyrim.esm	PERK	MAG_SpeechMastery02	DESC	0	Buying and selling prices are 20% better.	買賣價格便宜 20%。	Adamant 6.0.2 custom; Skyrim 8.20 terminology
000009AA	0C07CF:Skyrim.esm	PERK	MAG_Merchant50	FULL	0	Merchant	縱橫商場	Adamant 5.9.2 CHT exact FormKey seed
000009AB	0C07CF:Skyrim.esm	PERK	MAG_Merchant50	DESC	0	You can sell items for 60% more gold.	你所出售物品的價格提高60%。	Adamant 5.9.2 CHT exact FormKey seed
000009AC	0C07D0:Skyrim.esm	PERK	MAG_Merchant75	FULL	0	Merchant	縱橫商場	Adamant 5.9.2 CHT exact FormKey seed
000009AD	0C07D0:Skyrim.esm	PERK	MAG_Merchant75	DESC	0	You can sell items for 80% more gold.	你所出售物品的價格提高80%。	Adamant 5.9.2 CHT exact FormKey seed
000009AE	0C07D1:Skyrim.esm	PERK	MAG_Merchant100	FULL	0	Merchant	縱橫商場	Adamant 5.9.2 CHT exact FormKey seed
000009AF	0C07D1:Skyrim.esm	PERK	MAG_Merchant100	DESC	0	You can sell items for twice as much gold.	你所出售物品的價格加倍。	Adamant 5.9.2 CHT exact FormKey seed
000009B0	0C1E90:Skyrim.esm	PERK	MAG_PreciseCuts01	FULL	0	Precise Cuts	精準斬擊	Adamant 6.0.2 custom; Skyrim 8.20 terminology
000009B1	0C1E90:Skyrim.esm	PERK	MAG_PreciseCuts01	DESC	0	 Swords and daggers have a 20% chance of dealing critical damage.	用長劍和匕首攻擊有 20% 機率發動致命一擊。	Adamant 5.9.2 CHT exact FormKey seed
000009B2	0C1E91:Skyrim.esm	PERK	MAG_KeenEdge02	FULL	0	Keen Edge	鋒利刃口	Adamant 6.0.2 custom; Skyrim 8.20 terminology
000009B3	0C1E91:Skyrim.esm	PERK	MAG_KeenEdge02	DESC	0	Swords and daggers deal five times more critical damage.	劍與匕首造成的致命一擊傷害提高至五倍。	Adamant 6.0.2 custom; Skyrim 8.20 terminology
000009B4	0C1E92:Skyrim.esm	PERK	MAG_ArmorBreaker01	FULL	0	Armor Breaker	破甲者	Adamant 6.0.2 custom; Skyrim 8.20 terminology
000009B5	0C1E92:Skyrim.esm	PERK	MAG_ArmorBreaker01	DESC	0	Maces reduce enemy Armor Rating by 100 for 10 seconds.	釘錘可降低敵人 100 點護具防禦力，持續 10 秒。	Adamant 6.0.2 custom; Skyrim 8.20 terminology
000009B6	0C1E93:Skyrim.esm	PERK	MAG_ArmorBreaker02	FULL	0	Armor Breaker	破甲者	Adamant 5.9.2 CHT exact FormKey seed
000009B7	0C1E93:Skyrim.esm	PERK	MAG_ArmorBreaker02	DESC	0	Maces reduce enemy Armor Rating by 200 for 10 seconds.	釘錘可將敵人的護具防禦力降低 200，持續 10 秒。	Adamant 6.0.2 custom; Skyrim 8.20 terminology
000009B8	0C1E94:Skyrim.esm	PERK	MAG_MortalWounds01	FULL	0	Mortal Wounds	致命傷口	Adamant 6.0.2 custom; Skyrim 8.20 terminology
000009B9	0C1E94:Skyrim.esm	PERK	MAG_MortalWounds01	DESC	0	Greatswords deal three times more critical damage.	巨劍造成的致命一擊傷害提高至三倍。	Adamant 6.0.2 custom; Skyrim 8.20 terminology
000009BA	0C1E95:Skyrim.esm	PERK	MAG_MortalWounds02	FULL	0	Mortal Wounds	致命傷口	Adamant 5.9.2 CHT exact FormKey seed
000009BB	0C1E95:Skyrim.esm	PERK	MAG_MortalWounds02	DESC	0	Greatswords deal five times more critical damage.	巨劍造成的致命一擊傷害提高至五倍。	Adamant 6.0.2 custom; Skyrim 8.20 terminology
000009BC	0C1E96:Skyrim.esm	PERK	MAG_ArmorCrusher01	FULL	0	Armor Crusher	護甲粉碎者	Adamant 6.0.2 custom; Skyrim 8.20 terminology
000009BD	0C1E96:Skyrim.esm	PERK	MAG_ArmorCrusher01	DESC	0	Warhammers reduce enemy Armor Rating by 100 for 10 seconds.	戰錘使敵人的護具防禦力降低 100，持續 10 秒。	Adamant 6.0.2 custom; Skyrim 8.20 terminology
000009BE	0C1E97:Skyrim.esm	PERK	MAG_ArmorCrusher02	FULL	0	Armor Crusher	護甲粉碎者	Adamant 5.9.2 CHT exact FormKey seed
000009BF	0C1E97:Skyrim.esm	PERK	MAG_ArmorCrusher02	DESC	0	Warhammers reduce enemy Armor Rating by 200 for 10 seconds.	戰錘使敵人護具防禦力降低 200，持續 10 秒。	Adamant 6.0.2 custom; Skyrim 8.20 terminology
000009C0	0C3678:Skyrim.esm	PERK	MAG_HackandSlash01	FULL	0	Hack and Slash	猛烈砍擊	Adamant 5.9.2 CHT exact FormKey seed
000009C1	0C3678:Skyrim.esm	PERK	MAG_HackandSlash01	DESC	0	War axes deal extra bleeding damage over 10 seconds.	戰斧在 10 秒內造成額外流血傷害。	Adamant 6.0.2 custom; Skyrim 8.20 terminology
000009C2	0C3679:Skyrim.esm	PERK	MAG_CarveandSpit02	FULL	0	Carve and Spit	精雕怒斬	Adamant 5.9.2 CHT exact FormKey seed
000009C3	0C3679:Skyrim.esm	PERK	MAG_CarveandSpit02	DESC	0	War axes deal five times as much bleeding damage over time.	戰斧造成的持續流血傷害提高至五倍。	Adamant 6.0.2 custom; Skyrim 8.20 terminology
000009C4	0C367C:Skyrim.esm	PERK	MAG_EnchantingMastery02	FULL	0	Enchanting Mastery	附魔精通	Adamant 6.0.2 custom; Skyrim 8.20 terminology
000009C5	0C367C:Skyrim.esm	PERK	MAG_EnchantingMastery02	DESC	0	Enchantments you create are 50% stronger, and soul gems restore 50% more charge.	你製作的附魔效果提高 50%，靈魂石補充的充能提高 50%。	Adamant 6.0.2 custom; Skyrim 8.20 terminology
000009C6	0C367D:Skyrim.esm	PERK	MAG_Artificer50	FULL	0	Artificer	附魔士	Adamant 5.9.2 CHT exact FormKey seed
000009C7	0C367D:Skyrim.esm	PERK	MAG_Artificer50	DESC	0	Enchantments you create are 60% stronger.	你所創造的附魔效果提高 60%。	Adamant 5.9.2 CHT exact FormKey seed
000009C8	0C367E:Skyrim.esm	PERK	MAG_Artificer75	FULL	0	Artificer	附魔士	Adamant 5.9.2 CHT exact FormKey seed
000009C9	0C367E:Skyrim.esm	PERK	MAG_Artificer75	DESC	0	Enchantments you create are 80% stronger. 	你所創造的附魔效果提高 80%。	Adamant 5.9.2 CHT exact FormKey seed
000009CA	0C367F:Skyrim.esm	PERK	MAG_Artificer100	FULL	0	Artificer	附魔士	Adamant 5.9.2 CHT exact FormKey seed
000009CB	0C367F:Skyrim.esm	PERK	MAG_Artificer100	DESC	0	Enchantments you create are twice as strong.	你所創造的附魔效果加倍。	Adamant 5.9.2 CHT exact FormKey seed
000009CC	0C3680:Skyrim.esm	PERK	MAG_Locksmith50	FULL	0	Locksmith	鎖匠	Adamant 5.9.2 CHT exact FormKey seed
000009CD	0C3680:Skyrim.esm	PERK	MAG_Locksmith50	DESC	0	You are 60% better at picking locks.	開鎖能力提高 60%。	Adamant 5.9.2 CHT exact FormKey seed
000009CE	0C3681:Skyrim.esm	PERK	MAG_Locksmith75	FULL	0	Locksmith	鎖匠	Adamant 5.9.2 CHT exact FormKey seed
000009CF	0C3681:Skyrim.esm	PERK	MAG_Locksmith75	DESC	0	You are 80% better at picking locks.	開鎖能力提高 80%。	Adamant 5.9.2 CHT exact FormKey seed
000009D0	0C3682:Skyrim.esm	PERK	MAG_Locksmith100	FULL	0	Locksmith	鎖匠	Adamant 5.9.2 CHT exact FormKey seed
000009D1	0C3682:Skyrim.esm	PERK	MAG_Locksmith100	DESC	0	You are twice as good at picking locks.	開鎖能力加倍。	Adamant 5.9.2 CHT exact FormKey seed
000009D2	0C44B5:Skyrim.esm	PERK	MAG_Stasis	FULL	0	Stasis	定身	Adamant 5.9.2 CHT exact FormKey seed
000009D3	0C44B5:Skyrim.esm	PERK	MAG_Stasis	DESC	0	Paralysis spells last three times as long.	麻痺法術持續時間延長三倍。	Adamant 5.9.2 CHT exact FormKey seed
000009D4	0C44B7:Skyrim.esm	PERK	MAG_AlterationMastery02	FULL	0	Alteration Mastery	變化系精通	Adamant 6.0.2 custom; Skyrim 8.20 terminology
000009D5	0C44B7:Skyrim.esm	PERK	MAG_AlterationMastery02	DESC	0	Alteration spells cost 50% less Magicka.	變換系法術消耗法力減少 50%。	Adamant 5.9.2 CHT exact FormKey seed
000009D6	0C44B8:Skyrim.esm	PERK	MAG_Philosopher50	FULL	0	Adept Philosopher	行家級賢哲	Adamant 5.9.2 CHT exact FormKey seed
000009D7	0C44B8:Skyrim.esm	PERK	MAG_Philosopher50	DESC	0	Alteration spells last 60% longer and cost 30% less Magicka.	變換系法術的持續時間增加 60%，並且消耗法力減少 30%。	Adamant 5.9.2 CHT exact FormKey seed
000009D8	0C44B9:Skyrim.esm	PERK	MAG_Philosopher75	FULL	0	Expert Philosopher	專家級賢哲	Adamant 5.9.2 CHT exact FormKey seed
000009D9	0C44B9:Skyrim.esm	PERK	MAG_Philosopher75	DESC	0	Alteration spells last 80% longer and cost 40% less Magicka.	變換系法術的持續時間增加 80%，並且消耗法力減少 40%。	Adamant 5.9.2 CHT exact FormKey seed
000009DA	0C44BA:Skyrim.esm	PERK	MAG_Philosopher100	FULL	0	Master Philosopher	大師級賢哲	Adamant 5.9.2 CHT exact FormKey seed
000009DB	0C44BA:Skyrim.esm	PERK	MAG_Philosopher100	DESC	0	Alteration spells last twice as long and cost 50% less Magicka.	變換系法術的持續時間加倍，並且消耗法力減少 50%。	Adamant 5.9.2 CHT exact FormKey seed
000009DC	0C44BB:Skyrim.esm	PERK	MAG_ConjurationMastery02	FULL	0	Conjuration Mastery	召喚系精通	Adamant 6.0.2 custom; Skyrim 8.20 terminology
000009DD	0C44BB:Skyrim.esm	PERK	MAG_ConjurationMastery02	DESC	0	Conjuration spells cost 50% less Magicka.	召喚系法術消耗法力減少 50%。	Adamant 5.9.2 CHT exact FormKey seed
000009DE	0C44BC:Skyrim.esm	PERK	MAG_Summoner50	FULL	0	Adept Summoner	行家級召喚師	Adamant 5.9.2 CHT exact FormKey seed
000009DF	0C44BC:Skyrim.esm	PERK	MAG_Summoner50	DESC	0	Conjuration spells last 60% longer and cost 30% less Magicka.	召喚系法術的持續時間增加 60%，並且消耗法力減少 30%。	Adamant 5.9.2 CHT exact FormKey seed
000009E0	0C44BD:Skyrim.esm	PERK	MAG_Summoner75	FULL	0	Expert Summoner	專家級召喚師	Adamant 5.9.2 CHT exact FormKey seed
000009E1	0C44BD:Skyrim.esm	PERK	MAG_Summoner75	DESC	0	Conjuration spells last 80% longer and cost 40% less Magicka.	召喚系法術的持續時間增加 80%，並且消耗法力減少 40%。	Adamant 5.9.2 CHT exact FormKey seed
000009E2	0C44BE:Skyrim.esm	PERK	MAG_Summoner100	FULL	0	Master Conjuration	大師級召喚系法術	Adamant 5.9.2 CHT exact FormKey seed
000009E3	0C44BE:Skyrim.esm	PERK	MAG_Summoner100	DESC	0	Conjuration spells last twice as long and cost 50% less Magicka.	召喚系法術的持續時間增加加倍，並且消耗法力減少 50%。	Adamant 5.9.2 CHT exact FormKey seed
000009E4	0C44BF:Skyrim.esm	PERK	MAG_DestructionMastery02	FULL	0	Destruction Mastery	毀滅系精通	Adamant 6.0.2 custom; Skyrim 8.20 terminology
000009E5	0C44BF:Skyrim.esm	PERK	MAG_DestructionMastery02	DESC	0	Destruction spells cost 50% less Magicka.	毀滅系法術消耗法力減少 50%。	Adamant 5.9.2 CHT exact FormKey seed
000009E6	0C44C0:Skyrim.esm	PERK	MAG_Elementalist50	FULL	0	Adept Elementalist	行家級元素師	Adamant 5.9.2 CHT exact FormKey seed
000009E7	0C44C0:Skyrim.esm	PERK	MAG_Elementalist50	DESC	0	Destruction spells are 30% stronger and cost 30% less Magicka.	毀滅系法術威力提高30%，並且消耗法力減少 30%。	Adamant 5.9.2 CHT exact FormKey seed
000009E8	0C44C1:Skyrim.esm	PERK	MAG_Elementalist75	FULL	0	Expert Elementalist	專家級元素師	Adamant 5.9.2 CHT exact FormKey seed
000009E9	0C44C1:Skyrim.esm	PERK	MAG_Elementalist75	DESC	0	Destruction spells are 40% stronger and cost 40% less Magicka.	毀滅系法術威力提高40%，並且消耗法力減少 40%。	Adamant 5.9.2 CHT exact FormKey seed
000009EA	0C44C2:Skyrim.esm	PERK	MAG_Elementalist100	FULL	0	Master Elementalist	大師級元素師	Adamant 5.9.2 CHT exact FormKey seed
000009EB	0C44C2:Skyrim.esm	PERK	MAG_Elementalist100	DESC	0	Destruction spells are 50% stronger and cost 50% less Magicka.	毀滅系法術威力提高50%，並且消耗法力減少 50%。	Adamant 5.9.2 CHT exact FormKey seed
000009EC	0C44C3:Skyrim.esm	PERK	MAG_IllusionMastery02	FULL	0	Illusion Mastery	幻術系精通	Adamant 6.0.2 custom; Skyrim 8.20 terminology
000009ED	0C44C3:Skyrim.esm	PERK	MAG_IllusionMastery02	DESC	0	Illusion spells cost 50% less Magicka.	幻象系法術消耗法力減少 50%。	Adamant 5.9.2 CHT exact FormKey seed
000009EE	0C44C4:Skyrim.esm	PERK	MAG_Illusionist50	FULL	0	Adept Illusionist	行家級幻象師	Adamant 5.9.2 CHT exact FormKey seed
000009EF	0C44C4:Skyrim.esm	PERK	MAG_Illusionist50	DESC	0	Illusion spells are 30% stronger and cost 30% less Magicka.	幻象系法術威力提高30%，並且消耗法力減少 30%。	Adamant 5.9.2 CHT exact FormKey seed
000009F0	0C44C5:Skyrim.esm	PERK	MAG_Illusionist75	FULL	0	Expert Illusionist	專家級幻象師	Adamant 5.9.2 CHT exact FormKey seed
000009F1	0C44C5:Skyrim.esm	PERK	MAG_Illusionist75	DESC	0	Illusion spells are 40% stronger and cost 40% less Magicka.	幻象系法術威力提高40%，並且消耗法力減少 40%。	Adamant 5.9.2 CHT exact FormKey seed
000009F2	0C44C6:Skyrim.esm	PERK	MAG_Illusionist100	FULL	0	Master Illusionist	大師級幻象師	Adamant 5.9.2 CHT exact FormKey seed
000009F3	0C44C6:Skyrim.esm	PERK	MAG_Illusionist100	DESC	0	Illusion spells are 50% stronger and cost 50% less Magicka.	幻象系法術威力提高50%，並且消耗法力減少 50%。	Adamant 5.9.2 CHT exact FormKey seed
000009F4	0C44C7:Skyrim.esm	PERK	MAG_RestorationMastery02	FULL	0	Restoration Mastery	恢復系精通	Adamant 6.0.2 custom; Skyrim 8.20 terminology
000009F5	0C44C7:Skyrim.esm	PERK	MAG_RestorationMastery02	DESC	0	Restoration spells cost 50% less Magicka.	恢復系法術消耗法力減少 50%。	Adamant 5.9.2 CHT exact FormKey seed
000009F6	0C44C8:Skyrim.esm	PERK	MAG_Healer50	FULL	0	Adept Healer	行家級治療師	Adamant 5.9.2 CHT exact FormKey seed
000009F7	0C44C8:Skyrim.esm	PERK	MAG_Healer50	DESC	0	Restoration spells are 30% stronger and cost 30% less Magicka.	恢復系法術威力提高30%，並且消耗法力減少 30%。	Adamant 5.9.2 CHT exact FormKey seed
000009F8	0C44C9:Skyrim.esm	PERK	MAG_Healer75	FULL	0	Expert Healer	專家級治療師	Adamant 5.9.2 CHT exact FormKey seed
000009F9	0C44C9:Skyrim.esm	PERK	MAG_Healer75	DESC	0	Restoration spells are 40% stronger and cost 40% less Magicka.	恢復系法術威力提高40%，並且消耗法力減少 40%。	Adamant 5.9.2 CHT exact FormKey seed
000009FA	0C44CA:Skyrim.esm	PERK	MAG_Healer100	FULL	0	Master Healer	大師級治療師	Adamant 5.9.2 CHT exact FormKey seed
000009FB	0C44CA:Skyrim.esm	PERK	MAG_Healer100	DESC	0	Restoration spells are 50% stronger and cost 50% less Magicka.	恢復系法術威力提高50%，並且消耗法力減少 50%。	Adamant 5.9.2 CHT exact FormKey seed
000009FC	0C5C05:Skyrim.esm	PERK	MAG_RipandTear01	FULL	0	Rip and Tear	撕裂重創	Adamant 6.0.2 custom; Skyrim 8.20 terminology
000009FD	0C5C05:Skyrim.esm	PERK	MAG_RipandTear01	DESC	0	Battleaxes deal extra bleeding damage over 10 seconds.	戰斧在 10 秒內造成額外流血傷害。	Adamant 6.0.2 custom; Skyrim 8.20 terminology
000009FE	0C5C06:Skyrim.esm	PERK	MAG_RendandRake01	FULL	0	Rend and Rake	碎裂剜割	Adamant 6.0.2 custom; Skyrim 8.20 terminology
000009FF	0C5C06:Skyrim.esm	PERK	MAG_RendandRake01	DESC	0	Battleaxes deal three times more bleeding damage.	巨斧造成的流血傷害提高至三倍。	Adamant 6.0.2 custom; Skyrim 8.20 terminology
00000A00	0C5C07:Skyrim.esm	PERK	MAG_RendandRake02	FULL	0	Rend and Rake	碎裂剜割	Adamant 5.9.2 CHT exact FormKey seed
00000A01	0C5C07:Skyrim.esm	PERK	MAG_RendandRake02	DESC	0	Battleaxes deal five times more bleeding damage.	巨斧造成的流血傷害提高至五倍。	Adamant 6.0.2 custom; Skyrim 8.20 terminology
00000A02	0CB406:Skyrim.esm	PERK	MAG_CriticalCharge	FULL	0	Critical Charge	致命突襲	Adamant 5.9.2 CHT exact FormKey seed
00000A03	0CB406:Skyrim.esm	PERK	MAG_CriticalCharge	DESC	0			Adamant 5.9.2 CHT exact FormKey seed
00000A04	0CB407:Skyrim.esm	PERK	MAG_CriticalRush	FULL	0	Critical Rush	致命突襲	Adamant 5.9.2 CHT exact FormKey seed
00000A05	0CB407:Skyrim.esm	PERK	MAG_CriticalRush	DESC	0			Adamant 5.9.2 CHT exact FormKey seed
00000A06	0CB40D:Skyrim.esm	PERK	MAG_BasicSmithing	FULL	0	Basic Smithing	基礎工藝鍛造	Adamant 5.9.2 CHT exact FormKey seed
00000A07	0CB40D:Skyrim.esm	PERK	MAG_BasicSmithing	DESC	0	You can create Steel and Leather items at any forge.	你能夠在任意熔爐鍛造鋼製以及皮革物品。	Adamant 5.9.2 CHT exact FormKey seed
00000A08	0CB40E:Skyrim.esm	PERK	MAG_DwarvenSmithing	FULL	0	Dwarven Smithing	矮人工藝鍛造	Adamant 5.9.2 CHT exact FormKey seed
00000A09	0CB40E:Skyrim.esm	PERK	MAG_DwarvenSmithing	DESC	0	You can create Dwarven weapons and armor at any forge.	你能夠在任意熔爐鍛造矮人護甲以及武器。	Adamant 5.9.2 CHT exact FormKey seed
00000A0A	0CB40F:Skyrim.esm	PERK	MAG_RareSmithing	FULL	0	Rare Smithing	稀有工藝鍛造	Adamant 5.9.2 CHT exact FormKey seed
00000A0B	0CB40F:Skyrim.esm	PERK	MAG_RareSmithing	DESC	0	You can create Elven items at any forge.	你能夠在任意熔爐鍛造精靈物品。	Adamant 5.9.2 CHT exact FormKey seed
00000A0C	0CB410:Skyrim.esm	PERK	MAG_OrcishSmithing	FULL	0	Orcish Smithing	獸人工藝鍛造	Adamant 5.9.2 CHT exact FormKey seed
00000A0D	0CB410:Skyrim.esm	PERK	MAG_OrcishSmithing	DESC	0			Adamant 5.9.2 CHT exact FormKey seed
00000A0E	0CB411:Skyrim.esm	PERK	MAG_ExoticSmithing	FULL	0	Exotic Smithing	異域工藝鍛造	Adamant 5.9.2 CHT exact FormKey seed
00000A0F	0CB411:Skyrim.esm	PERK	MAG_ExoticSmithing	DESC	0	You can create Glass items at any forge.	你能夠在任意熔爐鍛造翠琉璃物品。	Adamant 5.9.2 CHT exact FormKey seed
00000A10	0CB412:Skyrim.esm	PERK	MAG_AdvancedSmithing	FULL	0	Advanced Smithing	高階工藝鍛造	Adamant 5.9.2 CHT exact FormKey seed
00000A11	0CB412:Skyrim.esm	PERK	MAG_AdvancedSmithing	DESC	0	You can create Ebony items at any forge. 	你能夠在任意熔爐鍛造玄曜石物品。	Adamant 5.9.2 CHT exact FormKey seed
00000A12	0CB413:Skyrim.esm	PERK	MAG_MythicSmithing	FULL	0	Mythic Smithing	神話工藝鍛造	Adamant 5.9.2 CHT exact FormKey seed
00000A13	0CB413:Skyrim.esm	PERK	MAG_MythicSmithing	DESC	0	You can create Daedric and Dragon items at any forge.	你能夠在任意熔爐鍛造魔族以及龍族物品。	Adamant 5.9.2 CHT exact FormKey seed
00000A14	0CB414:Skyrim.esm	PERK	MAG_JourneymanSmithing	FULL	0	Journeyman Smithing	行家工藝鍛造	Adamant 5.9.2 CHT exact FormKey seed
00000A15	0CB414:Skyrim.esm	PERK	MAG_JourneymanSmithing	DESC	0	You can create Dwarven, Steel Plate, and Scaled items at any forge.	你能夠在任意熔爐鍛造矮人、鋼板以及鋼鱗物品。	Adamant 5.9.2 CHT exact FormKey seed
00000A16	0CB419:Skyrim.esm	PERK	MAG_DarkOath	FULL	0	Dark Oath	黑暗誓言	Adamant 5.9.2 CHT exact FormKey seed
00000A17	0CB419:Skyrim.esm	PERK	MAG_DarkOath	DESC	0	Summoned creatures last twice as long.	召喚生物持續時間加倍。	Adamant 5.9.2 CHT exact FormKey seed
00000A18	0CB41A:Skyrim.esm	PERK	MAG_UnusedPerkSoPeopleStopBreakingTheirGameWithUnpatchedConflicts	FULL	0	Unused Perk	未使用天賦	Adamant 6.0.2 custom; Skyrim 8.20 terminology
00000A19	0CB41A:Skyrim.esm	PERK	MAG_UnusedPerkSoPeopleStopBreakingTheirGameWithUnpatchedConflicts	DESC	0			Adamant 6.0.2 custom; Skyrim 8.20 terminology
00000A1A	0D5F1C:Skyrim.esm	PERK	MAG_DoorsofOblivion	FULL	0	Doors of Oblivion	湮滅之門	Adamant 5.9.2 CHT exact FormKey seed
00000A1B	0D5F1C:Skyrim.esm	PERK	MAG_DoorsofOblivion	DESC	0	You can summon one additional creature.	你可以額外召喚一隻生物。	Adamant 6.0.2 custom; Skyrim 8.20 terminology
00000A1C	0D7999:Skyrim.esm	PERK	MAG_MageArmor	FULL	0	Mage Armor	法師護甲	Adamant 5.9.2 CHT exact FormKey seed
00000A1D	0D7999:Skyrim.esm	PERK	MAG_MageArmor	DESC	0	Armor spells are twice as strong while wearing robes.	穿著長袍時，護甲法術的強度是兩倍。	Adamant 6.0.2 custom; Skyrim 8.20 terminology
00000A1E	0D799A:Skyrim.esm	PERK	MAG_MagickaCurrent	FULL	0	Magicka Current	法力奔流	Adamant 6.0.2 custom; Skyrim 8.20 terminology
00000A1F	0D799A:Skyrim.esm	PERK	MAG_MagickaCurrent	DESC	0	You move 20% faster when casting spells while wearing robes.	穿著長袍施法時移動速度加快 20%。	Adamant 6.0.2 custom; Skyrim 8.20 terminology
00000A20	0D799B:Skyrim.esm	PERK	MAG_MageRobes60	FULL	0	Mage Robes	法師袍服	Adamant 5.9.2 CHT exact FormKey seed
00000A21	0D799B:Skyrim.esm	PERK	MAG_MageRobes60	DESC	0	You gain 100% Magicka Regeneration while wearing robes.	裝備袍服時，法力恢復速率提高100%。	Adamant 5.9.2 CHT exact FormKey seed
00000A22	0D799C:Skyrim.esm	PERK	MAG_SoulStealer02	FULL	0	Soul Stealer	奪魂者	Adamant 6.0.2 custom; Skyrim 8.20 terminology
00000A23	0D799C:Skyrim.esm	PERK	MAG_SoulStealer02	DESC	0	Bound weapons trap enemy souls and deal additional Magic damage over 10 seconds.	魔力塑形武器會困住敵人的靈魂，並在 10 秒內造成額外魔法傷害。	Adamant 6.0.2 custom; Skyrim 8.20 terminology
00000A24	0D799E:Skyrim.esm	PERK	MAG_SoulStealer01	FULL	0	Soul Stealer	奪魂者	Adamant 6.0.2 custom; Skyrim 8.20 terminology
00000A25	0D799E:Skyrim.esm	PERK	MAG_SoulStealer01	DESC	0	Bound weapons trap enemy souls and deal Magic damage over 10 seconds.	魔力塑形武器會困住敵人的靈魂並在 10 秒內造成魔法傷害。	Adamant 6.0.2 custom; Skyrim 8.20 terminology
00000A26	0D79A0:Skyrim.esm	PERK	MAG_SleightofHand	FULL	0	Sleight of Hand	巧手	Adamant 5.9.2 CHT exact FormKey seed
00000A27	0D79A0:Skyrim.esm	PERK	MAG_SleightofHand	DESC	0	You are more likely to succeed against targets who are not detecting you.	在目標未發現你時，成功率更高。	Adamant 5.9.2 CHT exact FormKey seed
00000A28	0D8C33:Skyrim.esm	PERK	MAG_RapidManeuvers	FULL	0	Rapid Maneuvers	迅捷機動	Adamant 6.0.2 custom; Skyrim 8.20 terminology
00000A29	0D8C33:Skyrim.esm	PERK	MAG_RapidManeuvers	DESC	0	You move much faster while blocking with a shield.	用盾牌格擋時你移動得更快。	Adamant 6.0.2 custom; Skyrim 8.20 terminology
00000A2A	0F2CA6:Skyrim.esm	PERK	MAG_AlterationMastery01	FULL	0	Alteration Mastery	變化系精通	Adamant 6.0.2 custom; Skyrim 8.20 terminology
00000A2B	0F2CA6:Skyrim.esm	PERK	MAG_AlterationMastery01	DESC	0	Alteration spells cost 25% less Magicka.	變換系法術消耗法力減少 25%。	Adamant 5.9.2 CHT exact FormKey seed
00000A2C	0F2CA7:Skyrim.esm	PERK	MAG_ConjurationMastery01	FULL	0	Conjuration Mastery	召喚系精通	Adamant 6.0.2 custom; Skyrim 8.20 terminology
00000A2D	0F2CA7:Skyrim.esm	PERK	MAG_ConjurationMastery01	DESC	0	Conjuration spells cost 25% less Magicka.	召喚系法術消耗法力減少 25%。	Adamant 5.9.2 CHT exact FormKey seed
00000A2E	0F2CA8:Skyrim.esm	PERK	MAG_DestructionMastery01	FULL	0	Destruction Mastery	毀滅系精通	Adamant 6.0.2 custom; Skyrim 8.20 terminology
00000A2F	0F2CA8:Skyrim.esm	PERK	MAG_DestructionMastery01	DESC	0	Destruction spells cost 25% less Magicka.	毀滅系法術消耗法力減少 25%。	Adamant 5.9.2 CHT exact FormKey seed
00000A30	0F2CA9:Skyrim.esm	PERK	MAG_IllusionMastery01	FULL	0	Illusion Mastery	幻術系精通	Adamant 6.0.2 custom; Skyrim 8.20 terminology
00000A31	0F2CA9:Skyrim.esm	PERK	MAG_IllusionMastery01	DESC	0	Illusion spells cost 25% less Magicka.	幻象系法術消耗法力減少 25%。	Adamant 5.9.2 CHT exact FormKey seed
00000A32	0F2CAA:Skyrim.esm	PERK	MAG_RestorationMastery01	FULL	0	Restoration Mastery	恢復系精通	Adamant 6.0.2 custom; Skyrim 8.20 terminology
00000A33	0F2CAA:Skyrim.esm	PERK	MAG_RestorationMastery01	DESC	0	Restoration spells cost 25% less Magicka.	恢復系法術消耗法力減少 25%。	Adamant 5.9.2 CHT exact FormKey seed
00000A34	0F392A:Skyrim.esm	PERK	MAG_LockpickingMastery01	FULL	0	Lockpicking Mastery	開鎖精通	Adamant 6.0.2 custom; Skyrim 8.20 terminology
00000A35	0F392A:Skyrim.esm	PERK	MAG_LockpickingMastery01	DESC	0	You are 25% better at picking locks.	開鎖能力提高 25%。	Adamant 5.9.2 CHT exact FormKey seed
00000A36	0F392E:Skyrim.esm	PERK	MAG_Wildfire	FULL	0	Wildfire	野火	Adamant 6.0.2 custom; Skyrim 8.20 terminology
00000A37	0F392E:Skyrim.esm	PERK	MAG_Wildfire	DESC	0	Fire spells have a chance to incinerate targets when they fall below half Health. 	當目標生命低於一半時，火焰法術有機率將其焚毀。	Adamant 6.0.2 custom; Skyrim 8.20 terminology
00000A38	0F3933:Skyrim.esm	PERK	MAG_Permafrost	FULL	0	Permafrost	永凍	Adamant 5.9.2 CHT exact FormKey seed
00000A39	0F3933:Skyrim.esm	PERK	MAG_Permafrost	DESC	0	Frost spells reduce enemy Movement and Attack Speed by 25% for 10 seconds.	冰霜法術使敵人的移動速度和攻擊速度降低 25%，持續 10 秒。	Adamant 6.0.2 custom; Skyrim 8.20 terminology
00000A3A	0F3F0E:Skyrim.esm	PERK	MAG_StaticCharge	FULL	0	Static Charge	靜電充能	Adamant 6.0.2 custom; Skyrim 8.20 terminology
00000A3B	0F3F0E:Skyrim.esm	PERK	MAG_StaticCharge	DESC	0	Shock spells deal double damage to enemy Magicka.	閃電法術對敵人法力造成雙倍傷害。	Adamant 6.0.2 custom; Skyrim 8.20 terminology
00000A3C	1036F0:Skyrim.esm	PERK	MAG_Backstab	FULL	0	Backstab	背刺一擊	Adamant 5.9.2 CHT exact FormKey seed
00000A3D	1036F0:Skyrim.esm	PERK	MAG_Backstab	DESC	0	Sneak attacks with one-handed weapons deal 50% more damage.	使用單手武器進行潛行攻擊造成額外 50% 傷害。	Adamant 5.9.2 CHT exact FormKey seed
00000A3E	103ADA:Skyrim.esm	PERK	MAG_unusedperk02	FULL	0	Unused Perk	未使用天賦	Adamant 5.9.2 CHT exact FormKey seed
00000A3F	103ADA:Skyrim.esm	PERK	MAG_unusedperk02	DESC	0	Bows deal guaranteed critical damage to enemies at full Health.	當敵人滿血時，弓箭對其造成必定的致命一擊傷害。	Adamant 5.9.2 CHT exact FormKey seed
00000A40	103ADB:Skyrim.esm	PERK	MAG_SteadyHand02	FULL	0	Steady Hand	穩定之手	Adamant 5.9.2 CHT exact FormKey seed
00000A41	103ADB:Skyrim.esm	PERK	MAG_SteadyHand02	DESC	0	Zoom in while drawing a bow or crossbow to slow down time by 50%.	拉弓或弩時放大，可減慢 50% 的時間。	Adamant 6.0.2 custom; Skyrim 8.20 terminology
00000A42	105F19:Skyrim.esm	PERK	MAG_RangersStance01	FULL	0	Ranger's Stance	遊俠架勢	Adamant 6.0.2 custom; Skyrim 8.20 terminology
00000A43	105F19:Skyrim.esm	PERK	MAG_RangersStance01	DESC	0	You draw your bow and reload your crossbow faster.	你拉弓並更快地重新裝填弩。	Adamant 6.0.2 custom; Skyrim 8.20 terminology
00000A44	105F1C:Skyrim.esm	PERK	MAG_PreciseShot01	FULL	0	Precise Shot	精準射擊	Adamant 6.0.2 custom; Skyrim 8.20 terminology
00000A45	105F1C:Skyrim.esm	PERK	MAG_PreciseShot01	DESC	0	Critical attacks with bows deal three times more damage.	弓的致命一擊造成三倍傷害。	Adamant 5.9.2 CHT exact FormKey seed
00000A46	105F1E:Skyrim.esm	PERK	MAG_EagleEye02	FULL	0	Perfect Shot	完美射擊	Adamant 6.0.2 custom; Skyrim 8.20 terminology
00000A47	105F1E:Skyrim.esm	PERK	MAG_EagleEye02	DESC	0	Bows have a 20% chance of dealing critical damage. Your critical chance is doubled against enemies with full Health. 	弓有 20% 的機率造成致命一擊傷害。對抗生命滿的敵人時，你的致命一擊機率會加倍。	Adamant 6.0.2 custom; Skyrim 8.20 terminology
00000A48	105F1F:Skyrim.esm	PERK	MAG_PreciseShot02	FULL	0	Precise Shot	精準射擊	Adamant 6.0.2 custom; Skyrim 8.20 terminology
00000A49	105F1F:Skyrim.esm	PERK	MAG_PreciseShot02	DESC	0	Critical attacks with bows deal five times more damage.	弓的致命一擊造成五倍傷害。	Adamant 5.9.2 CHT exact FormKey seed
00000A4A	105F22:Skyrim.esm	PERK	MAG_Agility01	FULL	0	Agility	敏捷	Adamant 6.0.2 custom; Skyrim 8.20 terminology
00000A4B	105F22:Skyrim.esm	PERK	MAG_Agility01	DESC	0	Your Movement Speed is increased by 10% while wearing light armor.	穿著輕甲時，你的移動速度提高 10%。	Adamant 6.0.2 custom; Skyrim 8.20 terminology
00000A4C	105F23:Skyrim.esm	PERK	MAG_QuickRoll	FULL	0	Quick Roll	迅捷翻滾	Adamant 5.9.2 CHT exact FormKey seed
00000A4D	105F23:Skyrim.esm	PERK	MAG_QuickRoll	DESC	0	Sprinting while sneaking executes a silent forward roll.	潛行時疾行能安靜的向前翻滾。	Adamant 5.9.2 CHT exact FormKey seed
00000A4E	105F24:Skyrim.esm	PERK	MAG_Prowler	FULL	0	Prowler	遊蹤獵手	Adamant 5.9.2 CHT exact FormKey seed
00000A4F	105F24:Skyrim.esm	PERK	MAG_Prowler	DESC	0	You are 25% harder to detect in combat.	你在戰鬥時，增加25%的機率不被察覺。	Adamant 5.9.2 CHT exact FormKey seed
00000A50	105F26:Skyrim.esm	PERK	MAG_DungeonDelver	FULL	0	Dungeon Delver	地城探險家	Adamant 5.9.2 CHT exact FormKey seed
00000A51	105F26:Skyrim.esm	PERK	MAG_DungeonDelver	DESC	0	You find more rare loot in dungeons.	在地城中你會找到更多的戰利品。	Adamant 5.9.2 CHT exact FormKey seed
00000A52	105F28:Skyrim.esm	PERK	MAG_PoisonedFruit	FULL	0	Poisoned Fruit	投毒	Adamant 5.9.2 CHT exact FormKey seed
00000A53	105F28:Skyrim.esm	PERK	MAG_PoisonedFruit	DESC	0	You can harm enemies by placing poisons in their pockets.	你可以將毒藥放在敵人身上，並對其造成傷害。	Adamant 5.9.2 CHT exact FormKey seed
00000A54	105F29:Skyrim.esm	PERK	MAG_BlackMarket	FULL	0	Black Market	黑市貿易	Adamant 5.9.2 CHT exact FormKey seed
00000A55	105F29:Skyrim.esm	PERK	MAG_BlackMarket	DESC	0	You can sell stolen items to any merchant.	你能向任何商人出售贓物。	Adamant 5.9.2 CHT exact FormKey seed
00000A56	105F2C:Skyrim.esm	PERK	MAG_Purity	FULL	0	Purity	純淨藥手	Adamant 5.9.2 CHT exact FormKey seed
00000A57	105F2C:Skyrim.esm	PERK	MAG_Purity	DESC	0	All negative effects are removed from created potions, and all positive effects are removed from created poisons.	製造的藥劑消除所有負面效果，製造的毒劑消除所有正面效果。	Adamant 5.9.2 CHT exact FormKey seed
00000A58	105F2E:Skyrim.esm	PERK	MAG_UnusedPerk01	FULL	0	Unused Perk	未使用天賦	Adamant 5.9.2 CHT exact FormKey seed
00000A59	105F2E:Skyrim.esm	PERK	MAG_UnusedPerk01	DESC	0	You gather two extra ingredients from plants.	你採集植物時額外收穫兩個材料。	Adamant 5.9.2 CHT exact FormKey seed
00000A5A	105F2F:Skyrim.esm	PERK	MAG_PotentBrew	FULL	0	Potent Brew	醇烈調製	Adamant 5.9.2 CHT exact FormKey seed
00000A5B	105F2F:Skyrim.esm	PERK	MAG_PotentBrew	DESC	0	Poisons you mix are 25% more effective.	你製造的毒藥效果加強 25%。	Adamant 5.9.2 CHT exact FormKey seed
00000A5C	105F30:Skyrim.esm	PERK	MAG_DaedricPact01	FULL	0	Daedric Pact	迪德拉契約	Adamant 6.0.2 custom; Skyrim 8.20 terminology
00000A5D	105F30:Skyrim.esm	PERK	MAG_DaedricPact01	DESC	0	Summoned creatures have 100 extra Health, Magicka, and Stamina.	召喚的生物有 100 點額外生命、法力和耐力。	Adamant 6.0.2 custom; Skyrim 8.20 terminology
00000A5E	105F31:Skyrim.esm	PERK	MAG_OblivionCrisis90	FULL	0	Oblivion Crisis	湮滅危機	Adamant 5.9.2 CHT exact FormKey seed
00000A5F	105F31:Skyrim.esm	PERK	MAG_OblivionCrisis90	DESC	0	You can conjure or reanimate three creatures at once. 	你可以同時召喚或者活化三個生物。	Adamant 5.9.2 CHT exact FormKey seed
00000A60	105F32:Skyrim.esm	PERK	MAG_RuneMage01	FULL	0	Rune Mage	法印法師	Adamant 5.9.2 CHT exact FormKey seed
00000A61	105F32:Skyrim.esm	PERK	MAG_RuneMage01	DESC	0	You can maintain up to three runes at once. 	你可以同時維持最多三個法印。	Adamant 6.0.2 custom; Skyrim 8.20 terminology
00000A62	105F33:Skyrim.esm	PERK	MAG_Unbreakable	FULL	0	Unbreakable	牢不可破	Adamant 6.0.2 custom; Skyrim 8.20 terminology
00000A63	105F33:Skyrim.esm	PERK	MAG_Unbreakable	DESC	0	You have a 50% chance to stagger melee attackers for 10 seconds after you are staggered while wearing heavy armor.	穿著重甲時，受到失衡後有 50% 機率使近戰攻擊者失衡 10 秒。	Adamant 6.0.2 custom; Skyrim 8.20 terminology
00000A64	106253:Skyrim.esm	PERK	MAG_ShieldWall	FULL	0	Shield Wall	盾牆	Adamant 6.0.2 custom; Skyrim 8.20 terminology
00000A65	106253:Skyrim.esm	PERK	MAG_ShieldWall	DESC	0	Blocking with a shield reduces incoming arrow and spell damage by 50%.	用盾牌格擋可減少 50% 的箭矢和法術傷害。	Adamant 6.0.2 custom; Skyrim 8.20 terminology
00000A66	106256:Skyrim.esm	PERK	MAG_DualFlurry02	FULL	0	Dual Flurry	雙持亂舞	Adamant 6.0.2 custom; Skyrim 8.20 terminology
00000A67	106256:Skyrim.esm	PERK	MAG_DualFlurry02	DESC	0	Dual wield power attacks deal 50% extra damage.	雙持強力攻擊造成 50% 額外傷害。	Adamant 6.0.2 custom; Skyrim 8.20 terminology
00000A68	106257:Skyrim.esm	PERK	MAG_DualFlurry01	FULL	0	Dual Flurry	雙持亂舞	Adamant 6.0.2 custom; Skyrim 8.20 terminology
00000A69	106257:Skyrim.esm	PERK	MAG_DualFlurry01	DESC	0	Dual wield power attacks deal 25% extra damage.	雙持強力攻擊造成 25% 額外傷害。	Adamant 6.0.2 custom; Skyrim 8.20 terminology
00000A6A	106258:Skyrim.esm	PERK	MAG_TwinFury01	FULL	0	Twin Fury	雙生之怒	Adamant 6.0.2 custom; Skyrim 8.20 terminology
00000A6B	106258:Skyrim.esm	PERK	MAG_TwinFury01	DESC	0	You resist 25% of incoming weapon and spell damage while performing a dual wield power attack.	施展雙持強力攻擊時，受到的武器與法術傷害降低 25%。	Adamant 6.0.2 custom; Skyrim 8.20 terminology
00000A6C	106259:Skyrim.esm	PERK	MAG_QuickHands	FULL	0	Quick Hands	眼明手快	Adamant 5.9.2 CHT exact FormKey seed
00000A6D	106259:Skyrim.esm	PERK	MAG_QuickHands	DESC	0	You can pick locks without being seen.	能不被察覺地開鎖。	Adamant 5.9.2 CHT exact FormKey seed
00000A6E	107831:Skyrim.esm	PERK	MAG_SecondWind	FULL	0	Second Wind	捲土重來	Adamant 5.9.2 CHT exact FormKey seed
00000A6F	107831:Skyrim.esm	PERK	MAG_SecondWind	DESC	0	Your Stamina regenerates twice as fast when you fall below half Stamina while wearing light armor. 	當你穿著輕甲時耐力值低於一半時，你的耐力恢復速度會加快兩倍。	Adamant 6.0.2 custom; Skyrim 8.20 terminology
00000A70	107832:Skyrim.esm	PERK	MAG_Unstoppable	FULL	0	Unstoppable	勢不可擋	Adamant 6.0.2 custom; Skyrim 8.20 terminology
00000A71	107832:Skyrim.esm	PERK	MAG_Unstoppable	DESC	0	You are immune to stagger and interrupts for 10 seconds after being staggered while wearing heavy armor.	穿著重甲時，你在失衡後免疫失衡和打斷 10 秒。	Adamant 6.0.2 custom; Skyrim 8.20 terminology
00000A72	108A44:Skyrim.esm	PERK	MAG_Scribe40	FULL	0	Scribe	文士	Adamant 5.9.2 CHT exact FormKey seed
00000A73	108A44:Skyrim.esm	PERK	MAG_Scribe40	DESC	0	Scrolls are 50% stronger.	卷軸威力提高50%。	Adamant 5.9.2 CHT exact FormKey seed
00000A74	1090A2:Skyrim.esm	PERK	MAG_SilverTongue	FULL	0	Silver Tongue	巧舌如簧	Adamant 5.9.2 CHT exact FormKey seed
00000A75	1090A2:Skyrim.esm	PERK	MAG_SilverTongue	DESC	0	You are much more likely to succeed at persuasion, and can even bribe guards to ignore your crimes.	你更有可能成功說服，甚至賄賂警衛，讓他們無視你的罪行。	Adamant 6.0.2 custom; Skyrim 8.20 terminology
00000A76	1090A5:Skyrim.esm	PERK	MAG_SupplyandDemand01	FULL	0	Supply and Demand	供需	Adamant 5.9.2 CHT exact FormKey seed
00000A77	1090A5:Skyrim.esm	PERK	MAG_SupplyandDemand01	DESC	0	Merchants have extra gold available for bartering. 	商人有額外的金幣進行交易。	Adamant 5.9.2 CHT exact FormKey seed
00000A78	10FCF8:Skyrim.esm	PERK	MAG_AugmentedFlames02	FULL	0	Augmented Flames	強化火焰	Adamant 6.0.2 custom; Skyrim 8.20 terminology
00000A79	10FCF8:Skyrim.esm	PERK	MAG_AugmentedFlames02	DESC	0	Fire spells have a chance to incinerate targets when they fall below half Health. 	當目標生命低於一半，火焰法術有機率將其灼燒。	Adamant 5.9.2 CHT exact FormKey seed
00000A7A	10FCF9:Skyrim.esm	PERK	MAG_AugmentedFrost70	FULL	0	Augmented Frost	寒霜增強	Adamant 5.9.2 CHT exact FormKey seed
00000A7B	10FCF9:Skyrim.esm	PERK	MAG_AugmentedFrost70	DESC	0	Frost spells deal 50% more damage.	寒霜法術造成額外 50% 傷害。	Adamant 5.9.2 CHT exact FormKey seed
00000A7C	10FCFA:Skyrim.esm	PERK	MAG_AugmentedShock70	FULL	0	Augmented Shock	閃電增強	Adamant 5.9.2 CHT exact FormKey seed
00000A7D	10FCFA:Skyrim.esm	PERK	MAG_AugmentedShock70	DESC	0	Shock spells deal 50% more damage.	閃電法術造成額外 50% 傷害。	Adamant 5.9.2 CHT exact FormKey seed
00000A7E	616110:Update.esm	PERK	MAG_PerkAurielPilgrimDummy	FULL	0	Pilgrim of Auriel	奧瑞爾的朝聖者	Adamant 5.9.2 CHT exact phrase seed
00000A7F	616110:Update.esm	PERK	MAG_PerkAurielPilgrimDummy	DESC	0			Adamant 5.9.2 CHT exact phrase seed
00000A80	ADA176:Update.esm	PERK	MAG_SpellCastMovementSpeedPerk01	DESC	0			Adamant 5.9.2 CHT exact phrase seed
00000A81	ADA179:Update.esm	PERK	MAG_SoulSiphon_AllowThaumaturgyOverwrite	FULL	0	Soul Siphon	靈魂虹吸	Adamant 5.9.2 CHT exact phrase seed
00000A82	ADA179:Update.esm	PERK	MAG_SoulSiphon_AllowThaumaturgyOverwrite	DESC	0	Enchanted weapons regenerate some of their lost charge when they land a killing blow.	附魔的武器在擊殺目標時，能夠恢復部分消耗的能量。	Adamant 5.9.2 CHT exact phrase seed
00000A83	ADA503:Update.esm	PERK	MAG_VampireDreadHarvestDummyPerk01	FULL	0	Dread Harvest	恐懼收割	Adamant 5.9.2 CHT exact FormKey seed
00000A84	ADA503:Update.esm	PERK	MAG_VampireDreadHarvestDummyPerk01	DESC	0			Adamant 5.9.2 CHT exact FormKey seed
00000A85	ADA504:Update.esm	PERK	MAG_VampireDreadHarvestDummyPerk02	FULL	0	Dread Harvest	恐懼收割	Adamant 5.9.2 CHT exact FormKey seed
00000A86	ADA504:Update.esm	PERK	MAG_VampireDreadHarvestDummyPerk02	DESC	0			Adamant 5.9.2 CHT exact FormKey seed
00000A87	ADA505:Update.esm	PERK	MAG_VampireFalseLifeDummyPerk01	FULL	0	False Life Dummy Perk (This One)	False Life Dummy Perk (This One)	Adamant 5.9.2 CHT exact FormKey seed
00000A88	ADA505:Update.esm	PERK	MAG_VampireFalseLifeDummyPerk01	DESC	0			Adamant 5.9.2 CHT exact FormKey seed
00000A89	ADA506:Update.esm	PERK	MAG_VampireFalseLifeDummyPerk02	FULL	0	False Life Dummy Perk	False Life Dummy Perk	Adamant 5.9.2 CHT exact FormKey seed
00000A8A	ADA506:Update.esm	PERK	MAG_VampireFalseLifeDummyPerk02	DESC	0			Adamant 5.9.2 CHT exact FormKey seed
00000A8B	ADA509:Update.esm	PERK	MAG_BlockStaminaPerk01	FULL	0	Block Stamina Perk	格擋耐力天賦	Adamant 6.0.2 custom; Skyrim 8.20 terminology
00000A8C	ADA509:Update.esm	PERK	MAG_BlockStaminaPerk01	DESC	0			Adamant 5.9.2 CHT exact phrase seed
00000A8D	ADA510:Update.esm	PERK	MAG_BashStaminaPerk01	FULL	0	Bash Stamina Perk	盾擊耐力天賦	Adamant 6.0.2 custom; Skyrim 8.20 terminology
00000A8E	ADA510:Update.esm	PERK	MAG_BashStaminaPerk01	DESC	0			Adamant 5.9.2 CHT exact phrase seed
00000A8F	ADA511:Update.esm	PERK	MAG_BlockSpeedPerk	FULL	0	Block Speed Perk	格擋速度天賦	Adamant 6.0.2 custom; Skyrim 8.20 terminology
00000A90	ADA511:Update.esm	PERK	MAG_BlockSpeedPerk	DESC	0			Adamant 5.9.2 CHT exact FormKey seed
00000A91	ADA513:Update.esm	PERK	MAG_BashStaminaPerk02	FULL	0	Bash Stamina Perk	盾擊耐力天賦	Adamant 6.0.2 custom; Skyrim 8.20 terminology
00000A92	ADA513:Update.esm	PERK	MAG_BashStaminaPerk02	DESC	0			Adamant 5.9.2 CHT exact phrase seed
00000A93	ADA514:Update.esm	PERK	MAG_BlockStaminaPerk02	FULL	0	Block Stamina Perk	格擋耐力天賦	Adamant 6.0.2 custom; Skyrim 8.20 terminology
00000A94	ADA514:Update.esm	PERK	MAG_BlockStaminaPerk02	DESC	0			Adamant 5.9.2 CHT exact FormKey seed
00000A95	ADA517:Update.esm	PERK	MAG_TwohandedParryPerk	FULL	0	Two-handed Parry Perk	雙手武器招架天賦	Adamant 6.0.2 custom; Skyrim 8.20 terminology
00000A96	ADA517:Update.esm	PERK	MAG_TwohandedParryPerk	DESC	0			Adamant 5.9.2 CHT exact phrase seed
00000A97	ADA523:Update.esm	PERK	MAG_UnhinderedPerk	FULL	0	Unhindered	輕如鴻毛	Adamant 5.9.2 CHT exact phrase seed
00000A98	ADA523:Update.esm	PERK	MAG_UnhinderedPerk	DESC	0			Adamant 5.9.2 CHT exact phrase seed
00000A99	00D83A:Dawnguard.esm	PERK	MAG_DawnguardItemPerk	DESC	0	Dawnguard weapons do extra damage against vampires, and Dawnguard armor protects better against vampires.	黎明守衛的武器對付吸血鬼將造成額外傷害，而黎明守衛的護甲則提供更好的吸血鬼防護效果。	Adamant 5.9.2 CHT exact FormKey seed
00000A9A	017739:Dragonborn.esm	PERK	MAG_HeartstoneEnchantingControllerPerk	FULL	0	Heartstone Enchanting Controller	Heartstone Enchanting Controller	Adamant 5.9.2 CHT exact FormKey seed
00000A9B	017739:Dragonborn.esm	PERK	MAG_HeartstoneEnchantingControllerPerk	DESC	0			Adamant 5.9.2 CHT exact FormKey seed
00000A9C	024108:Dragonborn.esm	PERK	MAG_DLC2Smithing	FULL	0	Smithing	鍛造	Adamant 5.9.2 CHT exact FormKey seed
00000A9D	024108:Dragonborn.esm	PERK	MAG_DLC2Smithing	DESC	0	Can create Bonemold armor and weapons at forges, and improve them twice as much.	可鍛造骨模護甲跟武器，且強化效果加倍。	Adamant 5.9.2 CHT exact FormKey seed
00000A9E	024109:Dragonborn.esm	PERK	MAG_DLC2MatchingSet	FULL	0	Matching Set	體裝合一	Adamant 5.9.2 CHT exact FormKey seed
00000A9F	024109:Dragonborn.esm	PERK	MAG_DLC2MatchingSet	DESC	0	Additional 25% Armor bonus if wearing a matched set of Light Armor.	裝備整套輕甲時獲得額外 25% 護具防禦力。	Adamant 5.9.2 CHT exact FormKey seed
00000AA0	02410A:Dragonborn.esm	PERK	MAG_DLC2MatchingSetHeavy	FULL	0	Matching Set	體裝合一	Adamant 5.9.2 CHT exact FormKey seed
00000AA1	02410A:Dragonborn.esm	PERK	MAG_DLC2MatchingSetHeavy	DESC	0	Additional 25% Armor bonus if wearing a matched set of Heavy Armor.	裝備整套重甲時獲得額外 25% 護具防禦力。	Adamant 5.9.2 CHT exact FormKey seed
00000AA2	03A32E:Dragonborn.esm	PERK	MAG_DLC2Summoner	DESC	0			Adamant 5.9.2 CHT exact FormKey seed
00000AA3	48CEFF:MysticismMagic.esp	PERK	MAG_WardControllerPerk	FULL	0	Ward Controller Perk	Ward Controller Perk	Adamant 5.9.2 CHT exact FormKey seed
00000AA4	48CEFF:MysticismMagic.esp	PERK	MAG_WardControllerPerk	DESC	0			Adamant 5.9.2 CHT exact FormKey seed
00000AA5	D6E7AC:MysticismMagic.esp	PERK	MAG_ConjurationControllerPerk	FULL	0	Ritual of Power	力量儀式	Adamant 5.9.2 CHT exact FormKey seed
00000AA6	D6E7AC:MysticismMagic.esp	PERK	MAG_ConjurationControllerPerk	DESC	0			Adamant 5.9.2 CHT exact FormKey seed
00000AA7	00AA00:Adamant.esp	PERK	MAG_Elementalist01	FULL	0	Elementalist	元素師	Adamant 5.9.2 CHT exact phrase seed
00000AA8	00AA00:Adamant.esp	PERK	MAG_Elementalist01	DESC	0	Fire, Frost, and Shock spells deal 25% more damage.	火焰、冰霜和電擊法術造成的傷害提高 25%。	Adamant 6.0.2 custom; Skyrim 8.20 terminology
00000AA9	00AA01:Adamant.esp	PERK	MAG_Elementalist02	FULL	0	Elementalist	元素師	Adamant 5.9.2 CHT exact phrase seed
00000AAA	00AA01:Adamant.esp	PERK	MAG_Elementalist02	DESC	0	Fire, Frost, and Shock spells deal 50% more damage.	火焰、冰霜和電擊法術造成的傷害提高 50%。	Adamant 6.0.2 custom; Skyrim 8.20 terminology
00000AAB	00AA02:Adamant.esp	PERK	MAG_EvocationCloakPerk	FULL	0	Evocation	元素喚能	Adamant 6.0.2 custom; Skyrim 8.20 terminology
00000AAC	00AA02:Adamant.esp	PERK	MAG_EvocationCloakPerk	DESC	0	Destruction cloak spells last twice as long.	毀滅斗篷法術的持續時間是兩倍。	Adamant 6.0.2 custom; Skyrim 8.20 terminology
00000AAD	052190:Skyrim.esm	PERK	MAG_DragonArmor	FULL	0	Dragon Smithing	龍類工藝鍛造	Adamant 5.9.2 CHT exact FormKey seed
00000AAE	052190:Skyrim.esm	PERK	MAG_DragonArmor	DESC	0	Can create Dragon armor and Dragonbone weapons at forges, and improve them twice as much.	可鍛造並雙倍強化龍系護具與龍骨武器。	Adamant 5.9.2 CHT exact FormKey seed
00000AAF	03D406:Adamant.esp	PERK	MAG_ShadeoftheRevenant	FULL	0	Shade of the Revenant	亡者之影	Adamant 6.0.2 custom; Skyrim 8.20 terminology
00000AB0	03D406:Adamant.esp	PERK	MAG_ShadeoftheRevenant	DESC	0	Once every 10 minutes, you can use the Mass Reanimation power to raise all nearby corpses for 120 seconds. 	每 10 分鐘可使用一次群體復生，使附近所有屍體復生 120 秒。	Adamant 6.0.2 custom; Skyrim 8.20 terminology
00000AB1	042507:Adamant.esp	PERK	MAG_BoundArmor	FULL	0	Bound Armor	魔力塑形護甲	Adamant 6.0.2 custom; Skyrim 8.20 terminology
00000AB2	042507:Adamant.esp	PERK	MAG_BoundArmor	DESC	0	Bound shields increase your Armor Rating by 100.	魔力塑形盾牌會使你的護具防禦力提高 100。	Adamant 6.0.2 custom; Skyrim 8.20 terminology
00000AB3	042508:Adamant.esp	PERK	MAG_BoundAegis	FULL	0	Bound Aegis	魔力塑形神盾	Adamant 6.0.2 custom; Skyrim 8.20 terminology
00000AB4	042508:Adamant.esp	PERK	MAG_BoundAegis	DESC	0	Bound shields increase your Magic Resistance by 25%.	魔力塑形盾牌使魔法抗性提高 25%。	Adamant 6.0.2 custom; Skyrim 8.20 terminology
00000AB5	042509:Adamant.esp	PERK	MAG_BoundWeaponController	FULL	0	Bound Weapon Controller Perk	魔力塑形武器控制天賦	Adamant 6.0.2 custom; Skyrim 8.20 terminology
00000AB6	042509:Adamant.esp	PERK	MAG_BoundWeaponController	DESC	0			Adamant 5.9.2 CHT exact phrase seed
00000AB7	053128:Skyrim.esm	PERK	MAG_Bastion	FULL	0	Bastion	堡壘	Adamant 6.0.2 custom; Skyrim 8.20 terminology
00000AB8	053128:Skyrim.esm	PERK	MAG_Bastion	DESC	0	You resist 50% of incoming Magicka and Stamina damage while under the effects of a flesh spell. 	受到護甲法術影響時，受到的法力與耐力傷害降低 50%。	Adamant 6.0.2 custom; Skyrim 8.20 terminology
00000AB9	065C28:Adamant.esp	PERK	MAG_Overcharge01	FULL	0	Overcharge	過載	Adamant 5.9.2 CHT exact phrase seed
00000ABA	065C28:Adamant.esp	PERK	MAG_Overcharge01	DESC	0	Staves are 50% stronger and cost 50% more when used with an empty offhand.	副手空置時，法杖效果提高 50%，充能消耗也提高 50%。	Adamant 6.0.2 custom; Skyrim 8.20 terminology
00000ABB	065C2A:Adamant.esp	PERK	MAG_Overcharge02	FULL	0	Overcharge	過載	Adamant 5.9.2 CHT exact phrase seed
00000ABC	065C2A:Adamant.esp	PERK	MAG_Overcharge02	DESC	0	Staves are twice as strong and cost twice as much when used with an empty offhand.	副手空置時，法杖效果提高至兩倍，充能消耗也提高至兩倍。	Adamant 6.0.2 custom; Skyrim 8.20 terminology
00000ABD	0581DD:Skyrim.esm	PERK	MAG_Necrosis01	FULL	0	Necrosis	壞死	Adamant 6.0.2 custom; Skyrim 8.20 terminology
00000ABE	0581DD:Skyrim.esm	PERK	MAG_Necrosis01	DESC	0	Reanimated zombies slowly restore lost Health.	活化屍儡會緩慢恢復損失的生命。	Adamant 6.0.2 custom; Skyrim 8.20 terminology
00000ABF	098638:Adamant.esp	PERK	MAG_Channeler02	FULL	0	Channeler	導能者	Adamant 5.9.2 CHT exact phrase seed
00000AC0	098638:Adamant.esp	PERK	MAG_Channeler02	DESC	0	Staves regenerate lost charge quickly outside of combat.	在戰鬥之外，法杖可以快速恢復失去的充能。	Adamant 6.0.2 custom; Skyrim 8.20 terminology
00000AC1	098642:Adamant.esp	PERK	MAG_Plague40	FULL	0	Plague	疫病	Adamant 5.9.2 CHT exact FormKey seed
00000AC2	098642:Adamant.esp	PERK	MAG_Plague40	DESC	0	Poison spells reduce enemy Poison Resistance by up to 50% for 10 seconds.	劇毒法術可降低敵人的劇毒抗性最多 50%，持續 10 秒。	Adamant 6.0.2 custom; Skyrim 8.20 terminology
00000AC3	09864C:Adamant.esp	PERK	MAG_abPilgrimZenitharPerk	FULL	0	Pilgrim of Zenithar	澤尼薩爾的朝聖者	Adamant 5.9.2 CHT exact FormKey seed
00000AC4	09864C:Adamant.esp	PERK	MAG_abPilgrimZenitharPerk	DESC	0			Adamant 5.9.2 CHT exact FormKey seed
00000AC5	09864E:Adamant.esp	PERK	MAG_abPilgrimMaraPerk	FULL	0	Pilgrim of Mara	瑪拉的朝聖者	Adamant 5.9.2 CHT exact FormKey seed
00000AC6	09864E:Adamant.esp	PERK	MAG_abPilgrimMaraPerk	DESC	0			Adamant 5.9.2 CHT exact FormKey seed
00000AC7	098657:Adamant.esp	PERK	MAG_abPilgrimStendarrPerk	FULL	0	Pilgrim of Stendarr	斯丹達爾的朝聖者	Adamant 5.9.2 CHT exact FormKey seed
00000AC8	098657:Adamant.esp	PERK	MAG_abPilgrimStendarrPerk	DESC	0			Adamant 5.9.2 CHT exact FormKey seed
00000AC9	09865A:Adamant.esp	PERK	MAG_abPilgrimTalosPerk	FULL	0	Pilgrim of Talos	塔洛斯的朝聖者	Adamant 5.9.2 CHT exact FormKey seed
00000ACA	09865A:Adamant.esp	PERK	MAG_abPilgrimTalosPerk	DESC	0			Adamant 5.9.2 CHT exact FormKey seed
00000ACB	098664:Adamant.esp	PERK	MAG_DeadlyAim30	FULL	0	Deadly Aim	致命瞄準	Adamant 5.9.2 CHT exact FormKey seed
00000ACC	098664:Adamant.esp	PERK	MAG_DeadlyAim30	DESC	0	Sneak attacks with bows deal 50% more damage.	使用弓箭進行潛行攻擊造成額外 50% 傷害。	Adamant 5.9.2 CHT exact FormKey seed
00000ACD	098666:Adamant.esp	PERK	MAG_ShadowCasting40	FULL	0	Shadow Casting	潛行施法	Adamant 5.9.2 CHT exact FormKey seed
00000ACE	098666:Adamant.esp	PERK	MAG_ShadowCasting40	DESC	0	Damage-dealing spells are 50% stronger while sneaking and undetected.	潛行且未被察覺時，法術造成的傷害提高50%。	Adamant 5.9.2 CHT exact FormKey seed
00000ACF	098668:Adamant.esp	PERK	MAG_DeadlyAim60	FULL	0	Deadly Aim	致命瞄準	Adamant 5.9.2 CHT exact FormKey seed
00000AD0	098668:Adamant.esp	PERK	MAG_DeadlyAim60	DESC	0	Sneak attacks with bows deal double damage.	使用弓進行潛行攻擊造成的傷害加倍。	Adamant 5.9.2 CHT exact FormKey seed
00000AD1	098669:Adamant.esp	PERK	MAG_AssassinsBlade90	FULL	0	Assassin's Blade	刺客之刃	Adamant 5.9.2 CHT exact FormKey seed
00000AD2	098669:Adamant.esp	PERK	MAG_AssassinsBlade90	DESC	0	Sneak attacks with daggers deal double damage.	使用匕首進行潛行攻擊造成的傷害加倍。	Adamant 5.9.2 CHT exact FormKey seed
00000AD3	0B1B71:Adamant.esp	PERK	MAG_Blacksmith	FULL	0	Blacksmith	鍛匠	Adamant 5.9.2 CHT exact FormKey seed
00000AD4	0B1B71:Adamant.esp	PERK	MAG_Blacksmith	DESC	0	You can temper all items by one additional tier.	你可以將所有物品的品質提升一個額外等級。	Adamant 5.9.2 CHT exact FormKey seed
00000AD5	0B1B72:Adamant.esp	PERK	MAG_Armorer	FULL	0	Armorer	護甲師	Adamant 5.9.2 CHT exact FormKey seed
00000AD6	0B1B72:Adamant.esp	PERK	MAG_Armorer	DESC	0	You can temper all items by one additional tier.	你可以將所有物品的品質提升一個額外等級。	Adamant 5.9.2 CHT exact FormKey seed
00000AD7	0B1B73:Adamant.esp	PERK	MAG_Forgemaster	FULL	0	Forgemaster	鍛爐大師	Adamant 5.9.2 CHT exact FormKey seed
00000AD8	0B1B73:Adamant.esp	PERK	MAG_Forgemaster	DESC	0	You can temper all items by one additional tier.	你可以將所有物品的品質提升一個額外等級。	Adamant 5.9.2 CHT exact FormKey seed
00000AD9	0B1B74:Adamant.esp	PERK	MAG_SmithingMastery02	FULL	0	Smithing Mastery	鍛造精通	Adamant 6.0.2 custom; Skyrim 8.20 terminology
00000ADA	0B1B74:Adamant.esp	PERK	MAG_SmithingMastery02	DESC	0	You can temper all items by two additional tiers.	你可以將所有物品的品質提升兩個額外等級。	Adamant 5.9.2 CHT exact FormKey seed
00000ADB	0D01B1:Adamant.esp	PERK	MAG_HowlofRage	FULL	0	Howl of Rage	狂嗥怒吼	Adamant 5.9.2 CHT exact FormKey seed
00000ADC	0D01B1:Adamant.esp	PERK	MAG_HowlofRage	DESC	0	Frenzy spells increase the target's weapon damage by 50% against everyone except the caster.	狂暴法術對除施法者以外的所有目標提高50%的武器傷害。	Adamant 5.9.2 CHT exact FormKey seed
00000ADD	0D01BA:Adamant.esp	PERK	MAG_AspectofTerror	FULL	0	Aspect of Terror	恐怖面目	Adamant 5.9.2 CHT exact FormKey seed
00000ADE	0D01BA:Adamant.esp	PERK	MAG_AspectofTerror	DESC	0	Fear spells reduce the target's Armor Rating by 150 and their Magic Resistance by 25%.	懼逃法術使目標護具防禦力減少150點，並且魔法抗性減少25%。	Adamant 5.9.2 CHT exact FormKey seed
00000ADF	0D01BB:Adamant.esp	PERK	MAG_VoiceofAuthority	FULL	0	Voice of Authority	權威之音	Adamant 5.9.2 CHT exact FormKey seed
00000AE0	0D01BB:Adamant.esp	PERK	MAG_VoiceofAuthority	DESC	0	Command spells increase the target's Armor Rating by 150 and their Magic Resistance by 25%.	命令法術提高目標護具防禦力150點，並且魔法抗性提高25%。	Adamant 5.9.2 CHT exact FormKey seed
00000AE1	0D01CA:Adamant.esp	PERK	MAG_FightorFlight	FULL	0	Fight or Flight	戰或逃	Adamant 6.0.2 custom; Skyrim 8.20 terminology
00000AE2	0D01CA:Adamant.esp	PERK	MAG_FightorFlight	DESC	0	Your Movement Speed is increased by 20% for 5 seconds whenever you take melee damage while wearing light armor.	每當你穿著輕甲時受到近戰傷害，你的移動速度就會提高 20%，持續 5 秒。	Adamant 6.0.2 custom; Skyrim 8.20 terminology
00000AE3	0D01CC:Adamant.esp	PERK	MAG_Endurance01	FULL	0	Endurance	耐力訓練	Adamant 6.0.2 custom; Skyrim 8.20 terminology
00000AE4	0D01CC:Adamant.esp	PERK	MAG_Endurance01	DESC	0	Your Stamina Regeneration is increased by 50% while wearing light armor.	穿著輕甲時，你的耐力恢復速度提高 50%。	Adamant 6.0.2 custom; Skyrim 8.20 terminology
00000AE5	0D01CD:Adamant.esp	PERK	MAG_SwiftSteps	FULL	0	Swift Steps	迅捷步伐	Adamant 6.0.2 custom; Skyrim 8.20 terminology
00000AE6	0D01CD:Adamant.esp	PERK	MAG_SwiftSteps	DESC	0	You move 20% faster when sprinting while wearing light armor.	穿著輕甲衝刺時移動速度提高 20%。	Adamant 6.0.2 custom; Skyrim 8.20 terminology
00000AE7	0D52CF:Adamant.esp	PERK	MAG_Invincible	FULL	0	Invincible	無堅不摧	Adamant 5.9.2 CHT exact FormKey seed
00000AE8	0D52CF:Adamant.esp	PERK	MAG_Invincible	DESC	0	Your Health no longer regenerates slower in combat while wearing heavy armor.	穿著重甲時，你的生命在戰鬥中恢復速度不再變慢。	Adamant 6.0.2 custom; Skyrim 8.20 terminology
00000AE9	0D52D0:Adamant.esp	PERK	MAG_Resilience	FULL	0	Resilience	堅韌不拔	Adamant 5.9.2 CHT exact FormKey seed
00000AEA	0D52D0:Adamant.esp	PERK	MAG_Resilience	DESC	0	You take 35% less damage while drawing a bow when wearing three pieces of heavy armor: chest, hands, and feet.	裝備三件重甲：胸甲、護手、靴子後，拉弓時，所受傷害減少 35%。	Adamant 5.9.2 CHT exact FormKey seed
00000AEB	0DA3D2:Adamant.esp	PERK	MAG_Concentration01	FULL	0	Concentration	專注	Adamant 6.0.2 custom; Skyrim 8.20 terminology
00000AEC	0DA3D2:Adamant.esp	PERK	MAG_Concentration01	DESC	0	 Poisons you make are 50% stronger.	你製作的毒藥效果提高 50%。	Adamant 6.0.2 custom; Skyrim 8.20 terminology
00000AED	0DA3D3:Adamant.esp	PERK	MAG_Chemist	FULL	0	Chemist	藥劑師	Adamant 5.9.2 CHT exact FormKey seed
00000AEE	0DA3D3:Adamant.esp	PERK	MAG_Chemist	DESC	0	You create twice as many potions or poisons from the same number of ingredients. 	你可以用一份的材料製造出兩倍的藥劑或是毒藥。	Adamant 5.9.2 CHT exact FormKey seed
00000AEF	0E457B:Adamant.esp	PERK	MAG_StaticChargeUnused	FULL	0	Static Charge	靜電充能	Adamant 6.0.2 custom; Skyrim 8.20 terminology
00000AF0	0E457B:Adamant.esp	PERK	MAG_StaticChargeUnused	DESC	0	Shock spells deal double damage to enemy Magicka.	閃電法術對敵人法力造成雙倍傷害。	Adamant 6.0.2 custom; Skyrim 8.20 terminology
00000AF1	0E45D4:Adamant.esp	PERK	MAG_GreenThumb80	FULL	0	Green Thumb	園藝精通	Adamant 5.9.2 CHT exact FormKey seed
00000AF2	0E45D4:Adamant.esp	PERK	MAG_GreenThumb80	DESC	0	You gather two extra ingredients from plants. 	你採集植物時額外收穫兩個材料。	Adamant 5.9.2 CHT exact FormKey seed
00000AF3	0F38D8:Adamant.esp	PERK	MAG_Endurance02	FULL	0	Endurance	耐力訓練	Adamant 6.0.2 custom; Skyrim 8.20 terminology
00000AF4	0F38D8:Adamant.esp	PERK	MAG_Endurance02	DESC	0	Your Stamina Regeneration is increased by 100% while wearing light armor.	穿著輕甲時，你的耐力恢復速度提高 100%。	Adamant 6.0.2 custom; Skyrim 8.20 terminology
00000AF5	0F89DB:Adamant.esp	PERK	MAG_Conditioning02	FULL	0	Conditioning	身體調適	Adamant 5.9.2 CHT exact FormKey seed
00000AF6	0F89DB:Adamant.esp	PERK	MAG_Conditioning02	DESC	0	Your Health Regeneration is increased by 100% while wearing heavy armor.	穿著重甲時，你的生命恢復速度會提高 100%。	Adamant 6.0.2 custom; Skyrim 8.20 terminology
00000AF7	0F89E4:Adamant.esp	PERK	MAG_DisorientingBlow	FULL	0	Disorienting Blow	眩暈打擊	Adamant 5.9.2 CHT exact FormKey seed
00000AF8	0F89E4:Adamant.esp	PERK	MAG_DisorientingBlow	DESC	0	Bashing an reduces their weapon and spell damge by 20% for 10 seconds.	盾擊敵人會使其武器和法術傷害降低 20%，持續 10 秒。	Adamant 6.0.2 custom; Skyrim 8.20 terminology
00000AF9	0FDA8A:Adamant.esp	PERK	MAG_PowerAttackController	FULL	0	Power Attack	強力攻擊	Adamant 6.0.2 custom; Skyrim 8.20 terminology
00000AFA	0FDA8A:Adamant.esp	PERK	MAG_PowerAttackController	DESC	0			Adamant 5.9.2 CHT exact phrase seed
00000AFB	0FDAE7:Adamant.esp	PERK	MAG_NightThief	FULL	0	Night Thief	夜賊	Adamant 5.9.2 CHT exact FormKey seed
00000AFC	0FDAE7:Adamant.esp	PERK	MAG_NightThief	DESC	0	You are 25% more likely to succeed when pickpocketing at night.	在夜晚，扒竊成功機率提高 25%。	Adamant 5.9.2 CHT exact FormKey seed
00000AFD	0FDAE8:Adamant.esp	PERK	MAG_UnsuspectingMark	FULL	0	Unsuspecting Mark	不察獵物	Adamant 5.9.2 CHT exact FormKey seed
00000AFE	0FDAE8:Adamant.esp	PERK	MAG_UnsuspectingMark	DESC	0	You are more likely to suceed when pickpocketing a target who is sleeping, sitting down, or working at a crafting station.	當目標在睡覺、坐著、工作於工作台時，扒竊成功機率更高。	Adamant 5.9.2 CHT exact FormKey seed
00000AFF	102B8F:Adamant.esp	PERK	MAG_QuickShot02	FULL	0	Quick Draw	快速拉弓	Adamant 5.9.2 CHT exact phrase seed
00000B00	102B8F:Adamant.esp	PERK	MAG_QuickShot02	DESC	0	You draw your bow 40% faster.	張弓速度提高 40%。	Adamant 5.9.2 CHT exact phrase seed
00000B01	10CDE9:Adamant.esp	PERK	MAG_RareGems	FULL	0	Rare Gems	稀有寶石	Adamant 5.9.2 CHT exact FormKey seed
00000B02	10CDE9:Adamant.esp	PERK	MAG_RareGems	DESC	0	You find valuable gems in unexpected places.	你會在意想不到的地方找到價值連城的寶石。	Adamant 5.9.2 CHT exact FormKey seed
00000B03	10CDEA:Adamant.esp	PERK	MAG_DeepPockets80	FULL	0	Deep Pockets	深口袋	Adamant 5.9.2 CHT exact FormKey seed
00000B04	10CDEA:Adamant.esp	PERK	MAG_DeepPockets80	DESC	0	Your carrying capacity is increased by 100.	你的負重提高100點。	Adamant 5.9.2 CHT exact FormKey seed
00000B05	121199:Adamant.esp	PERK	MAG_ArcheryControllerPerk	FULL	0	Archery Controller Perk	弓術控制天賦	Adamant 6.0.2 custom; Skyrim 8.20 terminology
00000B06	121199:Adamant.esp	PERK	MAG_ArcheryControllerPerk	DESC	0			Adamant 5.9.2 CHT exact phrase seed
00000B07	13F7A6:Adamant.esp	PERK	MAG_DisorientingBlowNPC	FULL	0	Disorienting Blow NPC	迷亂重擊 NPC	Adamant 6.0.2 custom; Skyrim 8.20 terminology
00000B08	13F7A6:Adamant.esp	PERK	MAG_DisorientingBlowNPC	DESC	0			Adamant 5.9.2 CHT exact phrase seed
00000B09	13F7A7:Adamant.esp	PERK	MAG_ColinCritPerk	FULL	0	Colin's Crit Perk	Colin 致命一擊天賦	Adamant 6.0.2 custom; Skyrim 8.20 terminology
00000B0A	13F7A7:Adamant.esp	PERK	MAG_ColinCritPerk	DESC	0	This perks set that chance to crit to 100%.	此測試天賦會將致命一擊機率設為 100%。	Adamant 6.0.2 custom; Skyrim 8.20 terminology
00000B0B	13F7A8:Adamant.esp	PERK	MAG_DefensiveStance01	FULL	0	Defensive Stance	防禦架勢	Adamant 6.0.2 custom; Skyrim 8.20 terminology
00000B0C	13F7A8:Adamant.esp	PERK	MAG_DefensiveStance01	DESC	0	Blocking and bashing cost 25% less Stamina.	格擋和盾擊消耗的耐力減少 25%。	Adamant 6.0.2 custom; Skyrim 8.20 terminology
00000B0D	13F7A9:Adamant.esp	PERK	MAG_DefensiveStance02	FULL	0	Defensive Stance	防禦架勢	Adamant 6.0.2 custom; Skyrim 8.20 terminology
00000B0E	13F7A9:Adamant.esp	PERK	MAG_DefensiveStance02	DESC	0	Blocking and bashing cost 50% less Stamina.	格擋和盾擊消耗的耐力減少 50%。	Adamant 6.0.2 custom; Skyrim 8.20 terminology
00000B0F	153BF8:Adamant.esp	PERK	MAG_Survivalist	FULL	0	Survivalist	生存專家	Adamant 6.0.2 custom; Skyrim 8.20 terminology
00000B10	153BF8:Adamant.esp	PERK	MAG_Survivalist	DESC	0	Your Poison and Disease Resistance are increased by 50% while wearing light armor.	穿著輕甲時，你的毒和疾病抗性增加 50%。	Adamant 6.0.2 custom; Skyrim 8.20 terminology
00000B11	158CBB:Adamant.esp	PERK	MAG_FightorFlightNPC	FULL	0	Fight or Flight	戰或逃	Adamant 6.0.2 custom; Skyrim 8.20 terminology
00000B12	158CBB:Adamant.esp	PERK	MAG_FightorFlightNPC	DESC	0			Adamant 5.9.2 CHT exact phrase seed
00000B13	158CFE:Adamant.esp	PERK	MAG_MagickaFlood	FULL	0	Magicka Flood	法力奔湧	Adamant 6.0.2 custom; Skyrim 8.20 terminology
00000B14	158CFE:Adamant.esp	PERK	MAG_MagickaFlood	DESC	0	Spells and enchantments cost 10% less while wearing robes.	當你身穿袍服時，法術和附魔消耗減少 10%。	Adamant 5.9.2 CHT exact FormKey seed
00000B15	15DDC6:Adamant.esp	PERK	MAG_Unhindered	FULL	0	Unhindered	輕如鴻毛	Adamant 5.9.2 CHT exact phrase seed
00000B16	15DDC6:Adamant.esp	PERK	MAG_Unhindered	DESC	0	You regenerate Stamina slowly when attacking, blocking, or casting a spell while wearing light armor.	當你穿著輕甲攻擊、格擋或施法時，你會緩慢地恢復耐力。	Adamant 6.0.2 custom; Skyrim 8.20 terminology
00000B17	1772D1:Adamant.esp	PERK	MAG_ImpenetrableNPC	FULL	0	Impenetrable	堅不可摧	Adamant 6.0.2 custom; Skyrim 8.20 terminology
00000B18	1772D1:Adamant.esp	PERK	MAG_ImpenetrableNPC	DESC	0			Adamant 5.9.2 CHT exact phrase seed
00000B19	17C3DF:Adamant.esp	PERK	MAG_UnstoppableNPC	FULL	0	Unstoppable	勢不可擋	Adamant 5.9.2 CHT exact phrase seed
00000B1A	17C3DF:Adamant.esp	PERK	MAG_UnstoppableNPC	DESC	0			Adamant 5.9.2 CHT exact phrase seed
00000B1B	17C427:Adamant.esp	PERK	MAG_EagleEye01	FULL	0	Eagle Eye	鷹眼視覺	Adamant 5.9.2 CHT exact FormKey seed
00000B1C	17C427:Adamant.esp	PERK	MAG_EagleEye01	DESC	0	Bows have a 20% chance of dealing critical damage.	弓有 20% 的機率造成致命一擊傷害。	Adamant 6.0.2 custom; Skyrim 8.20 terminology
00000B1D	1A9CF4:Adamant.esp	PERK	MAG_UnbreakableNPC	FULL	0	Unbreakable	牢不可破	Adamant 6.0.2 custom; Skyrim 8.20 terminology
00000B1E	1A9CF4:Adamant.esp	PERK	MAG_UnbreakableNPC	DESC	0			Adamant 5.9.2 CHT exact phrase seed
00000B1F	1E181B:Adamant.esp	PERK	MAG_CritTestPerk	FULL	0	Crit Test Perk	致命一擊測試天賦	Adamant 6.0.2 custom; Skyrim 8.20 terminology
00000B20	1E181B:Adamant.esp	PERK	MAG_CritTestPerk	DESC	0	.	.	Adamant 6.0.2 custom; Skyrim 8.20 terminology
00000B21	1E6934:Adamant.esp	PERK	MAG_Poisoner01	FULL	0	Poisoner	用毒專家	Adamant 6.0.2 custom; Skyrim 8.20 terminology
00000B22	1E6934:Adamant.esp	PERK	MAG_Poisoner01	DESC	0	Poisons last for 50% more hits.	毒藥的有效作用次數提高 50%。	Adamant 6.0.2 custom; Skyrim 8.20 terminology
00000B23	1EBA35:Adamant.esp	PERK	MAG_Firebrand40	FULL	0	Firebrand	烈焰印記	Adamant 5.9.2 CHT exact FormKey seed
00000B24	1EBA35:Adamant.esp	PERK	MAG_Firebrand40	DESC	0	Fire spells brand enemies for 10 seconds. Branded targets take 25% extra damage from Fire spells.	火焰法術將施加一個標記在敵人身上，持續10秒。被火焰法術標記的目標將會受到25%的額外傷害。	Adamant 5.9.2 CHT exact FormKey seed
00000B25	1EBA36:Adamant.esp	PERK	MAG_NorthWind40	FULL	0	North Wind	北風	Adamant 5.9.2 CHT exact FormKey seed
00000B26	1EBA36:Adamant.esp	PERK	MAG_NorthWind40	DESC	0	Frost spells reduce enemy Frost Resistance by up to 50% for 10 seconds.	冰霜法術可降低敵人的冰霜抗性最多 50%，持續 10 秒。	Adamant 6.0.2 custom; Skyrim 8.20 terminology
00000B27	1EBA37:Adamant.esp	PERK	MAG_UnstableCurrent40	FULL	0	Unstable Current	不穩定電流	Adamant 5.9.2 CHT exact FormKey seed
00000B28	1EBA37:Adamant.esp	PERK	MAG_UnstableCurrent40	DESC	0	Shock spells have a 25% chance to deal double damage.	閃電法術有25%機率造成兩倍傷害。	Adamant 5.9.2 CHT exact FormKey seed
00000B29	1F5C2A:Adamant.esp	PERK	MAG_PerfectParry02	FULL	0	Perfect Parry	完美招架	Adamant 6.0.2 custom; Skyrim 8.20 terminology
00000B2A	1F5C2A:Adamant.esp	PERK	MAG_PerfectParry02	DESC	0	Two-handed weapons have a longer parry window. Successful parries restore 25 Stamina and deal 25% extra stagger.	雙手武器的招架判定時間較長。成功招架會恢復 25 點耐力，並額外造成 25% 失衡。	Adamant 6.0.2 custom; Skyrim 8.20 terminology
00000B2B	1F5C43:Adamant.esp	PERK	MAG_Entrepreneur	FULL	0	Entrepreneur	創業家	Adamant 5.9.2 CHT exact FormKey seed
00000B2C	1F5C43:Adamant.esp	PERK	MAG_Entrepreneur	DESC	0	You can sell any item to any merchant in Tamriel.	你可以向泰姆瑞爾任何商人出售任何物品。	Adamant 5.9.2 CHT exact FormKey seed
00000B2D	23284B:Adamant.esp	PERK	MAG_BastionControllerPerkNPC	FULL	0	Bastion	堡壘	Adamant 5.9.2 CHT exact phrase seed
00000B2E	23284B:Adamant.esp	PERK	MAG_BastionControllerPerkNPC	DESC	0	You resist 50% of incoming Magicka and Stamina damage while under the effects of a flesh spell. 	受到護甲法術影響時，受到的法力與耐力傷害降低 50%。	Adamant 6.0.2 custom; Skyrim 8.20 terminology
00000B2F	24BD6C:Adamant.esp	PERK	MAG_GrimFocus01	FULL	0	Grim Focus	全神貫注	Adamant 5.9.2 CHT exact phrase seed
00000B30	24BD6C:Adamant.esp	PERK	MAG_GrimFocus01	DESC	0	Crossbows deal extra bleeding damage over 10 seconds.	弩在 10 秒內造成額外流血傷害。	Adamant 6.0.2 custom; Skyrim 8.20 terminology
00000B31	24BD6D:Adamant.esp	PERK	MAG_PuncturingShot01	FULL	0	Puncturing Shot	貫穿射擊	Adamant 6.0.2 custom; Skyrim 8.20 terminology
00000B32	24BD6D:Adamant.esp	PERK	MAG_PuncturingShot01	DESC	0	Crossbows deal three times more bleeding damage.	弩造成的流血傷害是三倍。	Adamant 6.0.2 custom; Skyrim 8.20 terminology
00000B33	24BD6E:Adamant.esp	PERK	MAG_PuncturingShot02	FULL	0	Puncturing Shot	貫穿射擊	Adamant 6.0.2 custom; Skyrim 8.20 terminology
00000B34	24BD6E:Adamant.esp	PERK	MAG_PuncturingShot02	DESC	0	Crossbows deal five times more bleeding damage.	弩造成的流血傷害是五倍。	Adamant 6.0.2 custom; Skyrim 8.20 terminology
00000B35	24BD6F:Adamant.esp	PERK	MAG_GrimFocus02	FULL	0	Grim Focus	全神貫注	Adamant 5.9.2 CHT exact phrase seed
00000B36	24BD6F:Adamant.esp	PERK	MAG_GrimFocus02	DESC	0	Crossbows deal extra bleeding damage over 10 seconds. Targets who fall below half Health take 50% extra bleeding damage.	弩在 10 秒內造成額外流血傷害。生命低於一半的目標會受到 50% 的額外出血傷害。	Adamant 6.0.2 custom; Skyrim 8.20 terminology
00000B37	28DAA0:Adamant.esp	PERK	MAG_WarMage01	FULL	0	War Mage	戰鬥法師	Adamant 6.0.2 custom; Skyrim 8.20 terminology
00000B38	28DAA0:Adamant.esp	PERK	MAG_WarMage01	DESC	0	Destruction spells deal 25% more damage to staggered targets when you have a weapon equipped.	當你裝備武器時，毀滅法術對失衡目標造成的傷害提高 25%。	Adamant 6.0.2 custom; Skyrim 8.20 terminology
00000B39	28DAA1:Adamant.esp	PERK	MAG_WarMage02	FULL	0	War Mage	戰鬥法師	Adamant 6.0.2 custom; Skyrim 8.20 terminology
00000B3A	28DAA1:Adamant.esp	PERK	MAG_WarMage02	DESC	0	Destruction spells deal 50% more damage to staggered targets when you have a weapon equipped.	當你裝備武器時，毀滅法術對失衡目標造成的傷害提高 50%。	Adamant 6.0.2 custom; Skyrim 8.20 terminology
00000B3B	2A6F84:Adamant.esp	PERK	MAG_ShadowCasting70	FULL	0	Shadow Casting	潛行施法	Adamant 5.9.2 CHT exact FormKey seed
00000B3C	2A6F84:Adamant.esp	PERK	MAG_ShadowCasting70	DESC	0	Damage-dealing spells are twice as strong while sneaking and undetected.	潛行且未被察覺時，法術造成的傷害加倍。	Adamant 5.9.2 CHT exact FormKey seed
00000B3D	2C04A6:Adamant.esp	PERK	MAG_NoDamageTestPerk	FULL	0	No Damage Test Perk	無傷害測試天賦	Adamant 6.0.2 custom; Skyrim 8.20 terminology
00000B3E	2C04A6:Adamant.esp	PERK	MAG_NoDamageTestPerk	DESC	0			Adamant 5.9.2 CHT exact phrase seed
00000B3F	2CA6AC:Adamant.esp	PERK	MAG_QuickSlashOld	FULL	0	Quick Slash	迅捷斬擊	Adamant 5.9.2 CHT exact phrase seed
00000B40	2CA6AC:Adamant.esp	PERK	MAG_QuickSlashOld	DESC	0	 Swords and daggers have a 20% chance of dealing critical damage.	用長劍和匕首攻擊有 20% 機率發動致命一擊。	Adamant 5.9.2 CHT exact phrase seed
00000B41	2DEA8B:Adamant.esp	PERK	MAG_PrismaticWard	FULL	0	Prismatic Ward	稜鏡結界	Adamant 5.9.2 CHT exact FormKey seed
00000B42	2DEA8B:Adamant.esp	PERK	MAG_PrismaticWard	DESC	0	Ward spells absorb Magicka from incoming spells.	結界法術能夠吸收部分法術傷害轉化為法力。	Adamant 5.9.2 CHT exact FormKey seed
00000B43	2E8C8C:Adamant.esp	PERK	MAG_DivineGlory70	FULL	0	Divine Glory	神聖耀光	Adamant 5.9.2 CHT exact FormKey seed
00000B44	2E8C8C:Adamant.esp	PERK	MAG_DivineGlory70	DESC	0	Sun spells deal 50% more damage.	太陽法術造成額外 50% 傷害。	Adamant 5.9.2 CHT exact FormKey seed
00000B45	2E8CBC:Adamant.esp	PERK	MAG_OneHandedSpeedPerk_GROUP__AttackSpeed__OneHanded	FULL	0	One-Handed Speed Perk	單手武器速度天賦	Adamant 6.0.2 custom; Skyrim 8.20 terminology
00000B46	2E8CBC:Adamant.esp	PERK	MAG_OneHandedSpeedPerk_GROUP__AttackSpeed__OneHanded	DESC	0			Adamant 5.9.2 CHT exact phrase seed
00000B47	2EDDBE:Adamant.esp	PERK	MAG_TwoHandedSpeedPerk_GROUP__AttackSpeed__TwoHanded	FULL	0	Two-Handed Speed Perk	雙手武器速度天賦	Adamant 6.0.2 custom; Skyrim 8.20 terminology
00000B48	2EDDBE:Adamant.esp	PERK	MAG_TwoHandedSpeedPerk_GROUP__AttackSpeed__TwoHanded	DESC	0			Adamant 5.9.2 CHT exact phrase seed
00000B49	2F7FC6:Adamant.esp	PERK	MAG_WeaponEffectsController	FULL	0	Seconary Weapon Effects Controller	次要武器效果控制器	Adamant 6.0.2 custom; Skyrim 8.20 terminology
00000B4A	2F7FC6:Adamant.esp	PERK	MAG_WeaponEffectsController	DESC	0			Adamant 5.9.2 CHT exact phrase seed
00000B4B	2F7FC7:Adamant.esp	PERK	MAG_WeaponEffectsControllerNPC	FULL	0	Seconary Weapon Effects Controller NPC	次要武器效果控制器 NPC	Adamant 6.0.2 custom; Skyrim 8.20 terminology
00000B4C	2F7FC7:Adamant.esp	PERK	MAG_WeaponEffectsControllerNPC	DESC	0			Adamant 5.9.2 CHT exact phrase seed
00000B4D	3072C1:Adamant.esp	PERK	MAG_SpellRangeControllerPerk	FULL	0	Spell Range Controller Perk	Spell Range Controller Perk	Adamant 5.9.2 CHT exact FormKey seed
00000B4E	3072C1:Adamant.esp	PERK	MAG_SpellRangeControllerPerk	DESC	0			Adamant 5.9.2 CHT exact FormKey seed
00000B4F	3258C7:Adamant.esp	PERK	MAG_Pilgrim30	FULL	0	Pilgrim	朝聖	Adamant 5.9.2 CHT exact FormKey seed
00000B50	3258C7:Adamant.esp	PERK	MAG_Pilgrim30	DESC	0	Divine blessings are twice as strong.	聖靈的祝福效果加倍。	Adamant 5.9.2 CHT exact FormKey seed
00000B51	3258D5:Adamant.esp	PERK	MAG_OneHandedScalingController	FULL	0	One Handed Scaling Controller	單手武器成長控制器	Adamant 6.0.2 custom; Skyrim 8.20 terminology
00000B52	3258D5:Adamant.esp	PERK	MAG_OneHandedScalingController	DESC	0			Adamant 5.9.2 CHT exact phrase seed
00000B53	32FACB:Adamant.esp	PERK	MAG_MageRobes20	FULL	0	Mage Robes	法師袍服	Adamant 5.9.2 CHT exact FormKey seed
00000B54	32FACB:Adamant.esp	PERK	MAG_MageRobes20	DESC	0	You gain 50% Magicka Regeneration while wearing robes.	裝備袍服時，法力恢復速率提高50%。	Adamant 5.9.2 CHT exact FormKey seed
00000B55	334BCC:Adamant.esp	PERK	MAG_SmithingMastery01	FULL	0	Smithing Mastery	鍛造精通	Adamant 6.0.2 custom; Skyrim 8.20 terminology
00000B56	334BCC:Adamant.esp	PERK	MAG_SmithingMastery01	DESC	0	You can temper all items by one additional tier.	你可以將所有物品的品質提升一個額外等級。	Adamant 5.9.2 CHT exact FormKey seed
00000B57	334BCD:Adamant.esp	PERK	MAG_IntermediateSmithing	FULL	0	Intermediate Smithing	中級工藝鍛造	Adamant 5.9.2 CHT exact FormKey seed
00000B58	334BCD:Adamant.esp	PERK	MAG_IntermediateSmithing	DESC	0	You can create Nordic and Orcish items at any forge.	你能夠在任意熔爐鍛造諾德以及獸人物品。	Adamant 5.9.2 CHT exact FormKey seed
00000B59	334BE3:Adamant.esp	PERK	MAG_TwoHandedScalingController	FULL	0	Two Handed Scaling Controller	雙手武器成長控制器	Adamant 6.0.2 custom; Skyrim 8.20 terminology
00000B5A	334BE3:Adamant.esp	PERK	MAG_TwoHandedScalingController	DESC	0			Adamant 5.9.2 CHT exact phrase seed
00000B5B	334BE4:Adamant.esp	PERK	MAG_ArcheryScalingController	FULL	0	Archery Scaling Controller	弓術成長控制器	Adamant 6.0.2 custom; Skyrim 8.20 terminology
00000B5C	334BE4:Adamant.esp	PERK	MAG_ArcheryScalingController	DESC	0			Adamant 5.9.2 CHT exact phrase seed
00000B5D	334BEA:Adamant.esp	PERK	MAG_ScalingControllerPerk	FULL	0	Scaling Controller	Scaling Controller	Adamant 5.9.2 CHT exact phrase seed
00000B5E	334BEA:Adamant.esp	PERK	MAG_ScalingControllerPerk	DESC	0			Adamant 5.9.2 CHT exact phrase seed
00000B5F	33E9A0:Adamant.esp	PERK	MAG_Recovery20	FULL	0	Recovery	療癒專精	Adamant 5.9.2 CHT exact FormKey seed
00000B60	33E9A0:Adamant.esp	PERK	MAG_Recovery20	DESC	0	Healing spells are 50% stronger.	治療法術效果提高50%。	Adamant 5.9.2 CHT exact FormKey seed
00000B61	33E9A2:Adamant.esp	PERK	MAG_RadiantWard	FULL	0	Radiant Ward	光芒結界	Adamant 5.9.2 CHT exact FormKey seed
00000B62	33E9A2:Adamant.esp	PERK	MAG_RadiantWard	DESC	0	Ward spells cost 50% less Magicka.	結界法術消耗法力減少 50%。	Adamant 5.9.2 CHT exact FormKey seed
00000B63	352DB9:Adamant.esp	PERK	MAG_SpellSip	FULL	0	Spell Sip	法術汲取	Adamant 5.9.2 CHT exact FormKey seed
00000B64	352DB9:Adamant.esp	PERK	MAG_SpellSip	DESC	0	You have a 20% chance to absorb the Magicka from incoming spells while under the effects of a flesh spell.	在護甲法術的影響下，你有 20% 的機率從傳入的法術中吸收法力。	Adamant 6.0.2 custom; Skyrim 8.20 terminology
00000B65	352DBB:Adamant.esp	PERK	MAG_Barrier01	FULL	0	Barrier	屏障	Adamant 5.9.2 CHT exact FormKey seed
00000B66	352DBB:Adamant.esp	PERK	MAG_Barrier01	DESC	0	Protection spells like Oakflesh and Fire Shell last twice as long when dual cast.	雙手施放木甲術、火焰之殼等防護法術時，效果持續時間延長至兩倍。	Adamant 6.0.2 custom; Skyrim 8.20 terminology
00000B67	35D3E0:Adamant.esp	PERK	MAG_Overchage	FULL	0	Overcharge	過載	Adamant 5.9.2 CHT exact FormKey seed
00000B68	35D3E0:Adamant.esp	PERK	MAG_Overchage	DESC	0	Dual casting is 20% more effective for Destruction spells.	雙手施放毀滅系法術時，其威力提高20%。	Adamant 5.9.2 CHT exact FormKey seed
00000B69	35D3E1:Adamant.esp	PERK	MAG_SpellSurge	FULL	0	Spell Surge	法術洪流	Adamant 5.9.2 CHT exact FormKey seed
00000B6A	35D3E1:Adamant.esp	PERK	MAG_SpellSurge	DESC	0	Dual casting a Destruction spell costs 20% less Magicka.	雙施展毀滅法術的法力消耗減少 20%。	Adamant 6.0.2 custom; Skyrim 8.20 terminology
00000B6B	35D3F8:Adamant.esp	PERK	MAG_UnarmedSpeedPerk_GROUP__AttackSpeed__TwoHanded	FULL	0	Unarmed Speed Perk	徒手速度天賦	Adamant 6.0.2 custom; Skyrim 8.20 terminology
00000B6C	35D3F8:Adamant.esp	PERK	MAG_UnarmedSpeedPerk_GROUP__AttackSpeed__TwoHanded	DESC	0			Adamant 5.9.2 CHT exact phrase seed
00000B6D	36C2E9:Adamant.esp	PERK	MAG_SoulStone	FULL	0	Soul Stone	靈魂石	Adamant 6.0.2 custom; Skyrim 8.20 terminology
00000B6E	36C2E9:Adamant.esp	PERK	MAG_SoulStone	DESC	0	You have a small chance to find filled soul gems on slain enemies.	從被擊殺的敵人身上有小機率找到已填充的靈魂石。	Adamant 6.0.2 custom; Skyrim 8.20 terminology
00000B6F	36C2EA:Adamant.esp	PERK	MAG_TwinSecrets	FULL	0	Twin Secrets	雙重奧秘	Adamant 5.9.2 CHT exact FormKey seed
00000B70	36C2EA:Adamant.esp	PERK	MAG_TwinSecrets	DESC	0	You can place two enchantments on a single item.	一件裝備可以擁有兩種附魔。	Adamant 5.9.2 CHT exact FormKey seed
00000B71	36C6E8:Adamant.esp	PERK	MAG_Berserker	FULL	0	Berserker	狂戰士	Adamant 6.0.2 custom; Skyrim 8.20 terminology
00000B72	36C6E8:Adamant.esp	PERK	MAG_Berserker	DESC	0	Killing an enemy with a Two-handed power attack increases your Attack Speed by 20% for 20 seconds.	用雙手強力攻擊殺死敵人會讓你的攻擊速度提高 20%，持續 20 秒。	Adamant 6.0.2 custom; Skyrim 8.20 terminology
00000B73	36C6E9:Adamant.esp	PERK	MAG_Warmaster	FULL	0	Warmaster	戰爭大師	Adamant 6.0.2 custom; Skyrim 8.20 terminology
00000B74	36C6E9:Adamant.esp	PERK	MAG_Warmaster	DESC	0	Killing an enemy with a One-handed power attack restores 100 Stamina.	以單手強力攻擊殺死敵人可恢復 100 點耐力。	Adamant 6.0.2 custom; Skyrim 8.20 terminology
00000B75	3717EA:Adamant.esp	PERK	MAG_PerfectParry01	FULL	0	Perfect Parry	完美招架	Adamant 6.0.2 custom; Skyrim 8.20 terminology
00000B76	3717EA:Adamant.esp	PERK	MAG_PerfectParry01	DESC	0	Two-handed weapons have a longer parry window. Successful parries deal 25% extra stagger.	雙手武器的招架判定時間較長。成功招架會額外造成 25% 失衡。	Adamant 6.0.2 custom; Skyrim 8.20 terminology
00000B77	3717EB:Adamant.esp	PERK	MAG_CriticalDamageControllerPerk	FULL	0	Crit Damage Controller	Crit Damage Controller	Adamant 5.9.2 CHT exact FormKey seed
00000B78	3717EB:Adamant.esp	PERK	MAG_CriticalDamageControllerPerk	DESC	0			Adamant 5.9.2 CHT exact FormKey seed
00000B79	37B9F1:Adamant.esp	PERK	MAG_Poisoner02	FULL	0	Poisoner	用毒專家	Adamant 6.0.2 custom; Skyrim 8.20 terminology
00000B7A	37B9F1:Adamant.esp	PERK	MAG_Poisoner02	DESC	0	Poisons last for twice as many hits.	毒藥的有效作用次數提高至兩倍。	Adamant 6.0.2 custom; Skyrim 8.20 terminology
00000B7B	38AD05:Adamant.esp	PERK	MAG_BitingJabs01	FULL	0	Biting Jabs	噬咬突刺	Adamant 6.0.2 custom; Skyrim 8.20 terminology
00000B7C	38AD05:Adamant.esp	PERK	MAG_BitingJabs01	DESC	0	Spears deal extra irresistible damage.	長矛造成額外無視抗性的傷害。	Adamant 6.0.2 custom; Skyrim 8.20 terminology
00000B7D	38AD06:Adamant.esp	PERK	MAG_BitingJabs02	FULL	0	Biting Jabs	噬咬突刺	Adamant 6.0.2 custom; Skyrim 8.20 terminology
00000B7E	38AD06:Adamant.esp	PERK	MAG_BitingJabs02	DESC	0	Spears deal irresistible damage to all targets in front of you.	長矛對前方所有目標造成無視抗性的傷害。	Adamant 6.0.2 custom; Skyrim 8.20 terminology
00000B7F	38AD07:Adamant.esp	PERK	MAG_PuncturingSweeps01	FULL	0	Puncturing Sweeps	貫穿橫掃	Adamant 6.0.2 custom; Skyrim 8.20 terminology
00000B80	38AD07:Adamant.esp	PERK	MAG_PuncturingSweeps01	DESC	0	Spears deal three times more irresistible damage.	長矛造成的無視抗性傷害提高至三倍。	Adamant 6.0.2 custom; Skyrim 8.20 terminology
00000B81	38AD08:Adamant.esp	PERK	MAG_PuncturingSweeps02	FULL	0	Puncturing Sweeps	貫穿橫掃	Adamant 6.0.2 custom; Skyrim 8.20 terminology
00000B82	38AD08:Adamant.esp	PERK	MAG_PuncturingSweeps02	DESC	0	Spears deal five times more irresistible damage.	長矛造成的無視抗性傷害提高至五倍。	Adamant 6.0.2 custom; Skyrim 8.20 terminology
00000B83	394F16:Adamant.esp	PERK	MAG_PiercingStrikes01	FULL	0	Piercing Strikes	穿透打擊	Adamant 6.0.2 custom; Skyrim 8.20 terminology
00000B84	394F16:Adamant.esp	PERK	MAG_PiercingStrikes01	DESC	0	Longspears deal extra irresistible damage.	長柄矛造成額外無視抗性的傷害。	Adamant 6.0.2 custom; Skyrim 8.20 terminology
00000B85	394F18:Adamant.esp	PERK	MAG_PiercingStrikes02	FULL	0	Piercing Strikes	穿透打擊	Adamant 6.0.2 custom; Skyrim 8.20 terminology
00000B86	394F18:Adamant.esp	PERK	MAG_PiercingStrikes02	DESC	0	Longspears deal irresistible damage to all targets in front of you.	長柄矛對前方所有目標造成無視抗性的傷害。	Adamant 6.0.2 custom; Skyrim 8.20 terminology
00000B87	394F19:Adamant.esp	PERK	MAG_ImpalingThrusts01	FULL	0	Impaling Thrusts	貫穿突刺	Adamant 6.0.2 custom; Skyrim 8.20 terminology
00000B88	394F19:Adamant.esp	PERK	MAG_ImpalingThrusts01	DESC	0	Longspears deal three times more irresistible damage.	長柄矛造成的無視抗性傷害提高至三倍。	Adamant 6.0.2 custom; Skyrim 8.20 terminology
00000B89	394F1A:Adamant.esp	PERK	MAG_ImpalingThrusts02	FULL	0	Impaling Thrusts	貫穿突刺	Adamant 6.0.2 custom; Skyrim 8.20 terminology
00000B8A	394F1A:Adamant.esp	PERK	MAG_ImpalingThrusts02	DESC	0	Longspears deal five times more irresistible damage.	長柄矛造成的無視抗性傷害提高至五倍。	Adamant 6.0.2 custom; Skyrim 8.20 terminology
00000B8B	399FF3:Adamant.esp	PERK	MAG_AlchemyControllerPerk	FULL	0	Alchemy Scaling Controller Perk	煉金成長控制天賦	Adamant 6.0.2 custom; Skyrim 8.20 terminology
00000B8C	399FF3:Adamant.esp	PERK	MAG_AlchemyControllerPerk	DESC	0			Adamant 5.9.2 CHT exact FormKey seed
00000B8D	3C2802:Adamant.esp	PERK	MAG_PoweroftheLight40	FULL	0	Power of the Light	聖光之力	Adamant 5.9.2 CHT exact FormKey seed
00000B8E	3C2802:Adamant.esp	PERK	MAG_PoweroftheLight40	DESC	0	Sun spells deal extra damage over time.	太陽法術造成額外持續傷害。	Adamant 5.9.2 CHT exact FormKey seed
00000B8F	3FA312:Adamant.esp	PERK	MAG_CaptivatingPresence60	FULL	0	Captivating Presence	誘人幻覺	Adamant 5.9.2 CHT exact FormKey seed
00000B90	3FA312:Adamant.esp	PERK	MAG_CaptivatingPresence60	DESC	0	Illusion spells last twice as long.	幻象系法術持續時間加倍。	Adamant 5.9.2 CHT exact FormKey seed
00000B91	40455B:Adamant.esp	PERK	MAG_TradeandBarter	FULL	0	Trade and Barter	商業交易	Adamant 6.0.2 custom; Skyrim 8.20 terminology
00000B92	40455B:Adamant.esp	PERK	MAG_TradeandBarter	DESC	0	Your selling prices are increased by 25%.	出售物品的價格提高 25%。	Adamant 6.0.2 custom; Skyrim 8.20 terminology
00000B93	4411AA:Adamant.esp	PERK	MAG_NecromancyControllerPerkNPC	FULL	0	Necromancy Controller Perk	死靈術控制天賦	Adamant 6.0.2 custom; Skyrim 8.20 terminology
00000B94	4411AA:Adamant.esp	PERK	MAG_NecromancyControllerPerkNPC	DESC	0	 	 	Adamant 6.0.2 custom; Skyrim 8.20 terminology
00000B95	45F7AE:Adamant.esp	PERK	MAG_BastionControllerPerk	FULL	0	Bastion	堡壘	Adamant 5.9.2 CHT exact phrase seed
00000B96	45F7AE:Adamant.esp	PERK	MAG_BastionControllerPerk	DESC	0	You resist 50% of incoming Magicka and Stamina damage while under the effects of a flesh spell. 	受到護甲法術影響時，受到的法力與耐力傷害降低 50%。	Adamant 6.0.2 custom; Skyrim 8.20 terminology
00000B97	4AB6BF:Adamant.esp	PERK	MAG_DrumBuffPerk	FULL	0	Drum Buff Perk	鼓樂增益天賦	Adamant 6.0.2 custom; Skyrim 8.20 terminology
00000B98	4AB6BF:Adamant.esp	PERK	MAG_DrumBuffPerk	DESC	0			Adamant 5.9.2 CHT exact phrase seed
00000B99	4B07DC:Adamant.esp	PERK	MAG_FluteBuffPerk	FULL	0	Flute Buff Perk	長笛增益天賦	Adamant 6.0.2 custom; Skyrim 8.20 terminology
00000B9A	4B07DC:Adamant.esp	PERK	MAG_FluteBuffPerk	DESC	0			Adamant 5.9.2 CHT exact phrase seed
00000B9B	4B07DF:Adamant.esp	PERK	MAG_LuteBuffPerk	FULL	0	Lute Buff Perk	魯特琴增益天賦	Adamant 6.0.2 custom; Skyrim 8.20 terminology
00000B9C	4B07DF:Adamant.esp	PERK	MAG_LuteBuffPerk	DESC	0			Adamant 5.9.2 CHT exact phrase seed
00000B9D	4B590B:Adamant.esp	PERK	MAG_FluteBuffDummyPerk	FULL	0	Flute Buff Perk	長笛增益天賦	Adamant 6.0.2 custom; Skyrim 8.20 terminology
00000B9E	4B590B:Adamant.esp	PERK	MAG_FluteBuffDummyPerk	DESC	0			Adamant 5.9.2 CHT exact phrase seed
00000B9F	4B590D:Adamant.esp	PERK	MAG_BardPilgrimPerk	FULL	0	Bard Perk 03	吟遊詩人天賦 03	Adamant 6.0.2 custom; Skyrim 8.20 terminology
00000BA0	4B590D:Adamant.esp	PERK	MAG_BardPilgrimPerk	DESC	0	This perk will be distributed by Pilgrim of Jephre.	此天賦將由 Pilgrim 的傑弗瑞信徒能力分配。	Adamant 6.0.2 custom; Skyrim 8.20 terminology
00000BA1	4C4C1F:Adamant.esp	PERK	MAG_BardBuffNPCPerk	FULL	0	Bard Buff Perk NPC	吟遊詩人增益天賦 NPC	Adamant 6.0.2 custom; Skyrim 8.20 terminology
00000BA2	4C4C1F:Adamant.esp	PERK	MAG_BardBuffNPCPerk	DESC	0			Adamant 5.9.2 CHT exact phrase seed
00000BA3	4C4C2B:Adamant.esp	PERK	MAG_BardControllerPerk	FULL	0	Bard Controller Perk	吟遊詩人控制天賦	Adamant 6.0.2 custom; Skyrim 8.20 terminology
00000BA4	4C4C2B:Adamant.esp	PERK	MAG_BardControllerPerk	DESC	0			Adamant 5.9.2 CHT exact phrase seed
00000BA5	4C9C2F:Adamant.esp	PERK	MAG_UnusedBlockPerk	FULL	0	Fortress	堡壘	Adamant 5.9.2 CHT exact FormKey seed
00000BA6	4C9C2F:Adamant.esp	PERK	MAG_UnusedBlockPerk	DESC	0	Blocking with a shield has a 25% chance to completely deflect incoming damage.	使用盾牌格擋攻擊時，有25%的機率完全防禦所有傷害。	Adamant 5.9.2 CHT exact FormKey seed
00000BA7	4CEE4F:Adamant.esp	PERK	MAG_DrumBuffDummyPerk	FULL	0	Drum Buff Dummy Perk	鼓樂增益占位天賦	Adamant 6.0.2 custom; Skyrim 8.20 terminology
00000BA8	4CEE4F:Adamant.esp	PERK	MAG_DrumBuffDummyPerk	DESC	0			Adamant 5.9.2 CHT exact phrase seed
00000BA9	506988:Adamant.esp	PERK	MAG_PowerAttackSpeedPerk_GROUP__AttackSpeed__OneHanded	FULL	0	Power Attack Speed Perk	強力攻擊速度天賦	Adamant 6.0.2 custom; Skyrim 8.20 terminology
00000BAA	506988:Adamant.esp	PERK	MAG_PowerAttackSpeedPerk_GROUP__AttackSpeed__OneHanded	DESC	0			Adamant 5.9.2 CHT exact phrase seed
00000BAB	510A44:Adamant.esp	PERK	MAG_Apothecary70	FULL	0	Apothecary	藥劑師	Adamant 6.0.2 custom; Skyrim 8.20 terminology
00000BAC	510A44:Adamant.esp	PERK	MAG_Apothecary70	DESC	0	Potions last twice as long.	藥水持續時間加倍。	Adamant 5.9.2 CHT exact FormKey seed
00000BAD	510B8C:Adamant.esp	PERK	MAG_ArcaneWeapon01	FULL	0	Arcane Weapon	秘法武器	Adamant 6.0.2 custom; Skyrim 8.20 terminology
00000BAE	510B8C:Adamant.esp	PERK	MAG_ArcaneWeapon01	DESC	0	Bound weapons and shields last five times longer.	魔力塑形武器與盾牌的持續時間延長至五倍。	Adamant 6.0.2 custom; Skyrim 8.20 terminology
00000BAF	515C8E:Adamant.esp	PERK	MAG_Flourish02	FULL	0	Flourish	華麗連擊	Adamant 5.9.2 CHT exact phrase seed
00000BB0	515C8E:Adamant.esp	PERK	MAG_Flourish02	DESC	0	One-handed weapons swing 20% faster when wielded with an empty off-hand.	副手空置時，單手武器攻擊速度提高 20%。	Adamant 6.0.2 custom; Skyrim 8.20 terminology
00000BB1	51FD45:Adamant.esp	PERK	MAG_PreciseCuts02	FULL	0	Precise Cuts	精準斬擊	Adamant 6.0.2 custom; Skyrim 8.20 terminology
00000BB2	51FD45:Adamant.esp	PERK	MAG_PreciseCuts02	DESC	0	Swords and daggers have a 20% chance of dealing critical damage. Your critical chance is doubled during attacks of opportunity.	劍和匕首有 20% 的機率造成致命一擊傷害。在藉機攻擊期間，你的致命一擊機率會加倍。	Adamant 6.0.2 custom; Skyrim 8.20 terminology
00000BB3	51FD46:Adamant.esp	PERK	MAG_BellRinger02	FULL	0	Bell Ringer	鳴鐘者	Adamant 5.9.2 CHT exact FormKey seed
00000BB4	51FD46:Adamant.esp	PERK	MAG_BellRinger02	DESC	0	Maces deal Magicka and Stamina damage.	釘錘會造成法力和耐力傷害。	Adamant 6.0.2 custom; Skyrim 8.20 terminology
00000BB5	51FD47:Adamant.esp	PERK	MAG_HackandSlash02	FULL	0	Hack and Slash	猛烈砍擊	Adamant 5.9.2 CHT exact FormKey seed
00000BB6	51FD47:Adamant.esp	PERK	MAG_HackandSlash02	DESC	0	War axes deal extra bleeding damage over 10 seconds. Staggered targets take 50% extra bleeding damage.	戰斧在 10 秒內造成額外流血傷害。失衡的目標會受到 50% 的額外流血傷害。	Adamant 6.0.2 custom; Skyrim 8.20 terminology
00000BB7	561A8E:Adamant.esp	PERK	MAG_ElementalEnchanter	FULL	0	Elemental Enchanter	元素附魔	Adamant 5.9.2 CHT exact FormKey seed
00000BB8	561A8E:Adamant.esp	PERK	MAG_ElementalEnchanter	DESC	0	Elemental enchantments are 25% stronger.	元素附魔效果提高25%。	Adamant 5.9.2 CHT exact FormKey seed
00000BB9	566B9E:Adamant.esp	PERK	MAG_ArmorofShadows02	FULL	0	Armor of Shadows	影紋盔甲	Adamant 5.9.2 CHT exact FormKey seed
00000BBA	566B9E:Adamant.esp	PERK	MAG_ArmorofShadows02	DESC	0	Summoned creatures gain 300 Armor Rating and 50% Magic Resistance.	召喚生物將獲得300點護具防禦力以及50%的魔法抗性。	Adamant 5.9.2 CHT exact FormKey seed
00000BBB	566BA0:Adamant.esp	PERK	MAG_CorpsePreparation	FULL	0	Corpse Preparation	屍體準備	Adamant 5.9.2 CHT exact FormKey seed
00000BBC	566BA0:Adamant.esp	PERK	MAG_CorpsePreparation	DESC	0	Reanimated zombies no longer disintegrate when they die. 	活化屍儡不再因死亡而消散。	Adamant 5.9.2 CHT exact FormKey seed
00000BBD	56BCA4:Adamant.esp	PERK	MAG_ArmorofShadows01	FULL	0	Armor of Shadows	影紋盔甲	Adamant 5.9.2 CHT exact FormKey seed
00000BBE	56BCA4:Adamant.esp	PERK	MAG_ArmorofShadows01	DESC	0	Summoned creatures gain 150 Armor Rating and 25% Magic Resistance.	召喚生物將獲得150點護具防禦力以及25%魔法抗性。	Adamant 5.9.2 CHT exact FormKey seed
00000BBF	56BCAD:Adamant.esp	PERK	MAG_MysticBinding80	FULL	0	Mystic Binding	魔能束縛	Adamant 5.9.2 CHT exact FormKey seed
00000BC0	56BCAD:Adamant.esp	PERK	MAG_MysticBinding80	DESC	0	Bound weapons deal even more damage.	魔力塑形武器將造成更多的傷害。	Adamant 5.9.2 CHT exact FormKey seed
00000BC1	5800B2:Adamant.esp	PERK	MAG_BurningLight	FULL	0	Burning Light	熾焰光芒	Adamant 5.9.2 CHT exact FormKey seed
00000BC2	5800B2:Adamant.esp	PERK	MAG_BurningLight	DESC	0	Turn Undead spells deal damage over time.	驅趕亡靈法術造成持續傷害。	Adamant 5.9.2 CHT exact FormKey seed
00000BC3	5851B3:Adamant.esp	PERK	MAG_Affliction70	FULL	0	Affliction	折磨煉獄	Adamant 5.9.2 CHT exact FormKey seed
00000BC4	5851B3:Adamant.esp	PERK	MAG_Affliction70	DESC	0	Poison spells deal 50% more damage.	毒素法術造成額外 50% 傷害。	Adamant 5.9.2 CHT exact FormKey seed
00000BC5	5851B5:Adamant.esp	PERK	MAG_Scourge80	FULL	0	Scourge	災禍之毒	Adamant 5.9.2 CHT exact FormKey seed
00000BC6	5851B5:Adamant.esp	PERK	MAG_Scourge80	DESC	0	Poison spells deal 50% extra damage to targets who fall below half Health. 	對生命低於一半的目標，毒素法術造成的傷害提高50%。	Adamant 5.9.2 CHT exact FormKey seed
00000BC7	59E6CE:Adamant.esp	PERK	MAG_BowZoomControllerPerk	FULL	0	Bow Zoom Controller	Bow Zoom Controller	Adamant 5.9.2 CHT exact FormKey seed
00000BC8	59E6CE:Adamant.esp	PERK	MAG_BowZoomControllerPerk	DESC	0	Pressing block while aiming will zoom in your view.	瞄準時按住格擋，會將你的視野拉近。	Adamant 5.9.2 CHT exact FormKey seed
00000BC9	5A37D3:Adamant.esp	PERK	MAG_DeepCuts02	FULL	0	Deep Cuts	深度割傷	Adamant 5.9.2 CHT exact FormKey seed
00000BCA	5A37D3:Adamant.esp	PERK	MAG_DeepCuts02	DESC	0	Greatswords have a 20% chance to deal critical damage. Your critical chance is doubled during attacks of opportunity.	巨劍有 20% 的機率造成致命一擊傷害。在藉機攻擊期間，你的致命一擊機率會加倍。	Adamant 6.0.2 custom; Skyrim 8.20 terminology
00000BCB	5A37D4:Adamant.esp	PERK	MAG_QuickReflexes	FULL	0	Quick Reflexes	迅捷反應	Adamant 6.0.2 custom; Skyrim 8.20 terminology
00000BCC	5A37D4:Adamant.esp	PERK	MAG_QuickReflexes	DESC	0	Blocking with a shield slows down time during an enemy power attack.	用盾牌格擋敵人強力攻擊時，時間流逝速度減慢。	Adamant 5.9.2 CHT exact FormKey seed
00000BCD	5A37D5:Adamant.esp	PERK	MAG_BatteringRam	FULL	0	Battering Ram	猛烈一擊	Adamant 5.9.2 CHT exact FormKey seed
00000BCE	5A37D5:Adamant.esp	PERK	MAG_BatteringRam	DESC	0	Bashing an enemy has a chance to knock them to the ground.	盾擊敵人有機會將他們擊倒在地。	Adamant 6.0.2 custom; Skyrim 8.20 terminology
00000BCF	5B2AD6:Adamant.esp	PERK	MAG_SimonHatesHelmets	FULL	0	360 No Helmet	360 No Helmet	Adamant 5.9.2 CHT exact FormKey seed
00000BD0	5B2AD6:Adamant.esp	PERK	MAG_SimonHatesHelmets	DESC	0	Apply this perk to your character for a 20% boost to armor when wearing no helmet, Enai-style. 	此技能在你角色不戴頭盔時，使其護具防禦力提高20%，Enai-風格。	Adamant 5.9.2 CHT exact FormKey seed
00000BD1	5C6EE3:Adamant.esp	PERK	MAG_RipandTear02	FULL	0	Rip and Tear	撕裂重創	Adamant 5.9.2 CHT exact FormKey seed
00000BD2	5C6EE3:Adamant.esp	PERK	MAG_RipandTear02	DESC	0	Battleaxes deal extra bleeding damage over 10 seconds. Staggered targets take 50% extra bleeding damage.	戰斧在 10 秒內造成額外流血傷害。失衡的目標會受到 50% 的額外流血傷害。	Adamant 6.0.2 custom; Skyrim 8.20 terminology
00000BD3	5DB30C:Adamant.esp	PERK	MAG_NecromancyControllerPerk	FULL	0	Necromancy Controller Perk	死靈術控制天賦	Adamant 6.0.2 custom; Skyrim 8.20 terminology
00000BD4	5DB30C:Adamant.esp	PERK	MAG_NecromancyControllerPerk	DESC	0	This perk allows the player to interact with their reanimated zombie's gear. 	此項技能允許玩家為其活化屍儡更換裝備。	Adamant 5.9.2 CHT exact FormKey seed
00000BD5	5E550E:Adamant.esp	PERK	MAG_ControllerHeavyArmorPerk	FULL	0	Heavy Armor Controller	Heavy Armor Controller	Adamant 5.9.2 CHT exact FormKey seed
00000BD6	5E550E:Adamant.esp	PERK	MAG_ControllerHeavyArmorPerk	DESC	0	This slightly tweaks the value of Heavy Armor in order for heavy armmor + shield builds to reach my target armor value of 650.	這稍微調整了重甲的數值，將重甲+盾牌修改為我期望的防禦力650點。	Adamant 5.9.2 CHT exact FormKey seed
00000BD7	5EA611:Adamant.esp	PERK	MAG_Stormcrown90	FULL	0	Stormcrown	風暴王冠	Adamant 5.9.2 CHT exact FormKey seed
00000BD8	5EA611:Adamant.esp	PERK	MAG_Stormcrown90	DESC	0	Your Shout cooldown is reduced by 50%.	你的龍吼冷卻時間減少50%。	Adamant 5.9.2 CHT exact FormKey seed
00000BD9	603B18:Adamant.esp	PERK	MAG_ConduitUnused	FULL	0	Conduit	導能者	Adamant 5.9.2 CHT exact FormKey seed
00000BDA	603B18:Adamant.esp	PERK	MAG_ConduitUnused	DESC	0	Staff enchantments cost 50% less charge. 	法杖的附魔消耗減少50%。	Adamant 5.9.2 CHT exact FormKey seed
00000BDB	612E1E:Adamant.esp	PERK	MAG_SkullSplitter02	FULL	0	Skull Splitter	碎顱者	Adamant 6.0.2 custom; Skyrim 8.20 terminology
00000BDC	612E1E:Adamant.esp	PERK	MAG_SkullSplitter02	DESC	0	Warhammers deal Magicka and Stamina damage.	戰錘會造成法力和耐力傷害。	Adamant 6.0.2 custom; Skyrim 8.20 terminology
00000BDD	66E047:Adamant.esp	PERK	MAG_Resolve	FULL	0	Resolve	決心	Adamant 5.9.2 CHT exact FormKey seed
00000BDE	66E047:Adamant.esp	PERK	MAG_Resolve	DESC	0	Healing spells are 50% stronger when the target falls below half Health.	當目標生命低於一半，治療法術效果提高50%。	Adamant 5.9.2 CHT exact FormKey seed
00000BDF	673148:Adamant.esp	PERK	MAG_DawnsWrath40	FULL	0	Dawn's Wrath	破曉怒火	Adamant 5.9.2 CHT exact FormKey seed
00000BE0	673148:Adamant.esp	PERK	MAG_DawnsWrath40	DESC	0	Turn Undead spells are 50% stronger.	驅趕亡靈法術效果提高50%。	Adamant 5.9.2 CHT exact FormKey seed
00000BE1	69174C:Adamant.esp	PERK	MAG_RitualofPower02	FULL	0	Ritual of Power	力量儀式	Adamant 5.9.2 CHT exact FormKey seed
00000BE2	69174C:Adamant.esp	PERK	MAG_RitualofPower02	DESC	0	Summoned creatures deal 50% more damage.	召喚的生物造成額外 50% 傷害。	Adamant 5.9.2 CHT exact FormKey seed
00000BE3	69174D:Adamant.esp	PERK	MAG_UndeadServant20	FULL	0	Undead Servant	亡靈僕從	Adamant 5.9.2 CHT exact FormKey seed
00000BE4	69174D:Adamant.esp	PERK	MAG_UndeadServant20	DESC	0	Reanimated zombies last five times longer. 	活化屍儡的持續時間增至五倍。	Adamant 5.9.2 CHT exact FormKey seed
00000BE5	69B94E:Adamant.esp	PERK	MAG_SmithingScalingController	FULL	0	Smithing Scaling Controller	Smithing Scaling Controller	Adamant 5.9.2 CHT exact FormKey seed
00000BE6	69B94E:Adamant.esp	PERK	MAG_SmithingScalingController	DESC	0			Adamant 5.9.2 CHT exact FormKey seed
00000BE7	6A5B4F:Adamant.esp	PERK	MAG_EnchantingControllerPerk	FULL	0	Enchanting Controller	Enchanting Controller	Adamant 5.9.2 CHT exact FormKey seed
00000BE8	6A5B4F:Adamant.esp	PERK	MAG_EnchantingControllerPerk	DESC	0			Adamant 5.9.2 CHT exact FormKey seed
00000BE9	6A5B5B:Adamant.esp	PERK	MAG_ArmyoftheDead02	FULL	0	Army of the Dead	亡者大軍	Adamant 6.0.2 custom; Skyrim 8.20 terminology
00000BEA	6A5B5B:Adamant.esp	PERK	MAG_ArmyoftheDead02	DESC	0	You can reanimate two additional zombies.	你可以額外活化兩具屍體。	Adamant 6.0.2 custom; Skyrim 8.20 terminology
00000BEB	75BF8B:Adamant.esp	PERK	MAG_LethalShot	FULL	0	Lethal Shot	致命射擊	Adamant 5.9.2 CHT exact FormKey seed
00000BEC	75BF8B:Adamant.esp	PERK	MAG_LethalShot	DESC	0	Your critical chance with bows is doubled against enemies with full Health.	當你對抗生命滿的敵人時，你的弓箭致命一擊機率會加倍。	Adamant 6.0.2 custom; Skyrim 8.20 terminology
00000BED	76B291:Adamant.esp	PERK	MAG_SupplyandDemand02	FULL	0	Supply and Demand	供需	Adamant 5.9.2 CHT exact FormKey seed
00000BEE	76B291:Adamant.esp	PERK	MAG_SupplyandDemand02	DESC	0	Merchants have even more gold available for bartering. 	商人持有更多可供交易的金幣。	Adamant 6.0.2 custom; Skyrim 8.20 terminology
00000BEF	7D06BE:Adamant.esp	PERK	MAG_abPilgrimKynarethPerk	FULL	0	Pilgrim of Kynareth	凱娜瑞斯的朝聖者	Adamant 5.9.2 CHT exact FormKey seed
00000BF0	7D06BE:Adamant.esp	PERK	MAG_abPilgrimKynarethPerk	DESC	0			Adamant 5.9.2 CHT exact FormKey seed
00000BF1	7FDFC2:Adamant.esp	PERK	MAG_Combustion	FULL	0	Combustion	燃燒	Adamant 5.9.2 CHT exact FormKey seed
00000BF2	7FDFC2:Adamant.esp	PERK	MAG_Combustion	DESC	0	Fire spells ignite enemies, dealing extra damage over 10 seconds.	火焰法術點燃敵人，在10秒內造成額外傷害。	Adamant 5.9.2 CHT exact FormKey seed
00000BF3	7FDFC3:Adamant.esp	PERK	MAG_DeepFreeze	FULL	0	Deep Freeze	深度凍結	Adamant 5.9.2 CHT exact FormKey seed
00000BF4	7FDFC3:Adamant.esp	PERK	MAG_DeepFreeze	DESC	0	Frost spells have a chance to encase enemies in ice.	冰霜法術有機率將敵人包裹在冰中。	Adamant 6.0.2 custom; Skyrim 8.20 terminology
00000BF5	7FDFC4:Adamant.esp	PERK	MAG_PowerSurge	FULL	0	Power Surge	能量湧動	Adamant 5.9.2 CHT exact FormKey seed
00000BF6	7FDFC4:Adamant.esp	PERK	MAG_PowerSurge	DESC	0	Killing an enemy with a Shock spell has a chance to restore 100 Magicka.	用電擊法術殺死敵人有機率恢復 100 點法力。	Adamant 6.0.2 custom; Skyrim 8.20 terminology
00000BF7	89AF29:Adamant.esp	PERK	MAG_Channeler01	FULL	0	Channeler	導能者	Adamant 5.9.2 CHT exact FormKey seed
00000BF8	89AF29:Adamant.esp	PERK	MAG_Channeler01	DESC	0	Staves regenerate lost charge slowly outside of combat.	在戰鬥之外，法杖會緩慢地恢復失去的充能。	Adamant 6.0.2 custom; Skyrim 8.20 terminology
00000BF9	937E48:Adamant.esp	PERK	MAG_Constitution02	FULL	0	Constitution	體魄強健	Adamant 5.9.2 CHT exact FormKey seed
00000BFA	937E48:Adamant.esp	PERK	MAG_Constitution02	DESC	0	You resist 50% of incoming attack of opportunity damage while wearing heavy armor.	穿著重甲時，受到的趁隙攻擊傷害降低 50%。	Adamant 6.0.2 custom; Skyrim 8.20 terminology
00000BFB	98DF4D:Adamant.esp	PERK	MAG_Infiltrator	FULL	0	Infiltrator	滲透者	Adamant 5.9.2 CHT exact FormKey seed
00000BFC	98DF4D:Adamant.esp	PERK	MAG_Infiltrator	DESC	0	You move 25% faster while sneaking.	在潛行時，你的移動速度提高25%。	Adamant 5.9.2 CHT exact FormKey seed
00000BFD	9A234E:Adamant.esp	PERK	MAG_EmpoweredWard	FULL	0	Empowered Ward	強化結界	Adamant 5.9.2 CHT exact FormKey seed
00000BFE	9A234E:Adamant.esp	PERK	MAG_EmpoweredWard	DESC	0	Ward spells resist 50% of incoming weapon damage.	結界法術將減少50%受到的武器傷害。	Adamant 5.9.2 CHT exact FormKey seed
00000BFF	9A744F:Adamant.esp	PERK	MAG_Balance30	FULL	0	Balance	平衡	Adamant 5.9.2 CHT exact FormKey seed
00000C00	9A744F:Adamant.esp	PERK	MAG_Balance30	DESC	0	Alteration spells last 50% longer.	變換系法術的持續時間增加 50%。	Adamant 5.9.2 CHT exact FormKey seed
00000C01	9C0950:Adamant.esp	PERK	MAG_Balance60	FULL	0	Balance	平衡	Adamant 5.9.2 CHT exact FormKey seed
00000C02	9C0950:Adamant.esp	PERK	MAG_Balance60	DESC	0	Alteration spells last twice as long.	變換系法術的持續時間加倍。	Adamant 5.9.2 CHT exact FormKey seed
00000C03	A1BB5C:Adamant.esp	PERK	MAG_QuickLearner	FULL	0	Quick Learner	快速學習	Adamant 6.0.2 custom; Skyrim 8.20 terminology
00000C04	A1BB5C:Adamant.esp	PERK	MAG_QuickLearner	DESC	0	Training costs much less gold.	訓練所需金幣大幅減少。	Adamant 6.0.2 custom; Skyrim 8.20 terminology
00000C05	A2FF60:Adamant.esp	PERK	MAG_IndomitableWill40	FULL	0	Indomitable Will	意志堅強	Adamant 5.9.2 CHT exact FormKey seed
00000C06	A2FF60:Adamant.esp	PERK	MAG_IndomitableWill40	DESC	0	Illusion spells are 50% stronger.	幻象系法術威力提高50%。	Adamant 5.9.2 CHT exact FormKey seed
00000C07	A3A163:Adamant.esp	PERK	MAG_DaedricPact02	FULL	0	Daedric Pact	迪德拉契約	Adamant 5.9.2 CHT exact FormKey seed
00000C08	A3A163:Adamant.esp	PERK	MAG_DaedricPact02	DESC	0	Summoned creatures have 200 extra Health, Magicka, and Stamina.	召喚的生物有 200 點額外生命、法力和耐力。	Adamant 6.0.2 custom; Skyrim 8.20 terminology
00000C09	A3A164:Adamant.esp	PERK	MAG_RitualofPower01	FULL	0	Ritual of Power	力量儀式	Adamant 5.9.2 CHT exact FormKey seed
00000C0A	A3A164:Adamant.esp	PERK	MAG_RitualofPower01	DESC	0	Summoned creatures deal 25% more damage.	召喚的生物造成額外 25% 傷害。	Adamant 5.9.2 CHT exact FormKey seed
00000C0B	A44365:Adamant.esp	PERK	MAG_UndeadServant80	FULL	0	Undead Servant	亡靈僕從	Adamant 5.9.2 CHT exact FormKey seed
00000C0C	A44365:Adamant.esp	PERK	MAG_UndeadServant80	DESC	0	Reanimated zombies last until killed.	活化屍儡持續至死去為止。	Adamant 5.9.2 CHT exact FormKey seed
00000C0D	A44366:Adamant.esp	PERK	MAG_HauntingCurse01	FULL	0	Haunting Curse	纏魂詛咒	Adamant 6.0.2 custom; Skyrim 8.20 terminology
00000C0E	A44366:Adamant.esp	PERK	MAG_HauntingCurse01	DESC	0	Bound weapons reduce enemy Magic Resistance by 25% for 10 seconds.	魔力塑形武器使敵人魔法抗性降低 25%，持續 10 秒。	Adamant 6.0.2 custom; Skyrim 8.20 terminology
00000C0F	A49467:Adamant.esp	PERK	MAG_Necrosis02	FULL	0	Necrosis	壞死	Adamant 6.0.2 custom; Skyrim 8.20 terminology
00000C10	A49467:Adamant.esp	PERK	MAG_Necrosis02	DESC	0	Reanimated zombies quickly restore lost Health.	活化屍儡會快速恢復損失的生命。	Adamant 6.0.2 custom; Skyrim 8.20 terminology
00000C11	AA9796:Adamant.esp	PERK	MAG_TwinFury02	FULL	0	Twin Fury	雙生之怒	Adamant 6.0.2 custom; Skyrim 8.20 terminology
00000C12	AA9796:Adamant.esp	PERK	MAG_TwinFury02	DESC	0	You resist 50% of incoming weapon and spell damage while performing a dual wield power attack.	施展雙持強力攻擊時，受到的武器與法術傷害降低 50%。	Adamant 6.0.2 custom; Skyrim 8.20 terminology
00000C13	AEB4DC:Adamant.esp	PERK	MAG_Recovery70	FULL	0	Recovery	療癒專精	Adamant 5.9.2 CHT exact FormKey seed
00000C14	AEB4DC:Adamant.esp	PERK	MAG_Recovery70	DESC	0	Healing spells are twice as strong.	治療法術效果加倍。	Adamant 5.9.2 CHT exact FormKey seed
00000C15	B0EBE7:Adamant.esp	PERK	MAG_Firebrand90	FULL	0	Firebrand	烈焰印記	Adamant 5.9.2 CHT exact FormKey seed
00000C16	B0EBE7:Adamant.esp	PERK	MAG_Firebrand90	DESC	0	Fire spells brand enemies for 10 seconds. Branded targets take 50% extra damage from Fire spells.	火焰法術將施加一個標記在敵人身上，持續10秒。被火焰法術標記的目標會受到50%的額外傷害。	Adamant 5.9.2 CHT exact FormKey seed
00000C17	B1DEEA:Adamant.esp	PERK	MAG_NorthWind90	FULL	0	North Wind	北風	Adamant 5.9.2 CHT exact FormKey seed
00000C18	B1DEEA:Adamant.esp	PERK	MAG_NorthWind90	DESC	0	Frost spells reduce enemy Frost Resistance by up to 100% for 10 seconds.	冰霜法術可降低敵人的冰霜抗性最多 100%，持續 10 秒。	Adamant 6.0.2 custom; Skyrim 8.20 terminology
00000C19	B1DEEB:Adamant.esp	PERK	MAG_UnstableCurrent90	FULL	0	Unstable Current	不穩定電流	Adamant 5.9.2 CHT exact FormKey seed
00000C1A	B1DEEB:Adamant.esp	PERK	MAG_UnstableCurrent90	DESC	0	Shock spells have a 50% chance to deal double damage.	閃電法術有50%機率造成兩倍傷害。	Adamant 5.9.2 CHT exact FormKey seed
00000C1B	B508EF:Adamant.esp	PERK	MAG_Cultist30	FULL	0	Cultist	信徒	Adamant 5.9.2 CHT exact FormKey seed
00000C1C	B508EF:Adamant.esp	PERK	MAG_Cultist30	DESC	0	Daedric blessings are twice as strong.	魔族的祝福效果加倍。	Adamant 5.9.2 CHT exact FormKey seed
00000C1D	B508F0:Adamant.esp	PERK	MAG_Cultist60	FULL	0	Cultist	信徒	Adamant 5.9.2 CHT exact FormKey seed
00000C1E	B508F0:Adamant.esp	PERK	MAG_Cultist60	DESC	0	Daedric blessings are twice as strong, and you receive additional bonuses when you pray at their shrines. 	魔族的祝福效果加倍，而且當你在祂們的祭壇祈禱將獲得額外的加成。	Adamant 5.9.2 CHT exact FormKey seed
00000C1F	B5AB05:Adamant.esp	PERK	MAG_PoweroftheLight90	FULL	0	Power of the Light	聖光之力	Adamant 5.9.2 CHT exact FormKey seed
00000C20	B5AB05:Adamant.esp	PERK	MAG_PoweroftheLight90	DESC	0	Sun spells deal even more damage over time.	太陽法術造成更多持續傷害。	Adamant 5.9.2 CHT exact FormKey seed
00000C21	B5AB06:Adamant.esp	PERK	MAG_Plague90	FULL	0	Plague	疫病	Adamant 5.9.2 CHT exact FormKey seed
00000C22	B5AB06:Adamant.esp	PERK	MAG_Plague90	DESC	0	Poison spells reduce enemy Poison Resistance by up to 100% for 10 seconds.	劇毒法術可降低敵人的劇毒抗性高達 100%，持續 10 秒。	Adamant 6.0.2 custom; Skyrim 8.20 terminology
00000C23	B5FC0A:Adamant.esp	PERK	MAG_WarriorsStance60	FULL	0	Warrior's Stance	戰士的架勢	Adamant 5.9.2 CHT exact FormKey seed
00000C24	B5FC0A:Adamant.esp	PERK	MAG_WarriorsStance60	DESC	0	Power attacks with Two-handed weapons deal 50% extra damage and have a chance to decapitate your enemies.	雙手武器強力攻擊造成50%的額外傷害，並且有一定機率將敵人斬首。	Adamant 5.9.2 CHT exact FormKey seed
00000C25	B5FC0E:Adamant.esp	PERK	MAG_Flourish01	FULL	0	Flourish	華麗連擊	Adamant 6.0.2 custom; Skyrim 8.20 terminology
00000C26	B5FC0E:Adamant.esp	PERK	MAG_Flourish01	DESC	0	One-handed weapons swing 10% faster when wielded with an empty off-hand.	副手空置時，單手武器攻擊速度提高 10%。	Adamant 6.0.2 custom; Skyrim 8.20 terminology
00000C27	B69E11:Adamant.esp	PERK	MAG_IndomitableWill80	FULL	0	Indomitable Will	意志堅強	Adamant 5.9.2 CHT exact FormKey seed
00000C28	B69E11:Adamant.esp	PERK	MAG_IndomitableWill80	DESC	0	Illusion spells are twice as strong.	幻象系法術威力加倍。	Adamant 5.9.2 CHT exact FormKey seed
00000C29	B69E12:Adamant.esp	PERK	MAG_DawnsWrath80	FULL	0	Dawn's Wrath	破曉怒火	Adamant 5.9.2 CHT exact FormKey seed
00000C2A	B69E12:Adamant.esp	PERK	MAG_DawnsWrath80	DESC	0	Turn Undead spells are twice as strong.	驅趕亡靈法術威力加倍。	Adamant 5.9.2 CHT exact FormKey seed
00000C2B	B79125:Adamant.esp	PERK	MAG_abCultistNocturnalPerk	FULL	0	Shadow Hide You	暗影匿藏	Adamant 5.9.2 CHT exact FormKey seed
00000C2C	B79125:Adamant.esp	PERK	MAG_abCultistNocturnalPerk	DESC	0	You take 50% increased damage from all sources, but sneaking while in combat turns you ethereal for 3 seconds. 	所有受到的傷害提高50%，但在戰鬥中潛行會將你虛體化，持續3秒。	Adamant 5.9.2 CHT exact FormKey seed
00000C2D	B7E233:Adamant.esp	PERK	MAG_abPilgrimAurielPerkDummy	FULL	0	Pilgrim of Auriel	奧瑞爾的朝聖者	Adamant 5.9.2 CHT exact FormKey seed
00000C2E	B7E233:Adamant.esp	PERK	MAG_abPilgrimAurielPerkDummy	DESC	0			Adamant 5.9.2 CHT exact FormKey seed
00000C2F	B7E243:Adamant.esp	PERK	MAG_abCultistBoethiahPerk	FULL	0	The Dark Warrior's Gauntlet	黑暗戰士的挑戰	Adamant 5.9.2 CHT exact FormKey seed
00000C30	B7E243:Adamant.esp	PERK	MAG_abCultistBoethiahPerk	DESC	0			Adamant 5.9.2 CHT exact FormKey seed
00000C31	B7E249:Adamant.esp	PERK	MAG_abCultistMephalaPerk	FULL	0	The Eight Shadows of Murder	八道謀殺陰影	Adamant 5.9.2 CHT exact FormKey seed
00000C32	B7E249:Adamant.esp	PERK	MAG_abCultistMephalaPerk	DESC	0			Adamant 5.9.2 CHT exact FormKey seed
00000C33	B7E24A:Adamant.esp	PERK	MAG_abCultistAzuraPerk	FULL	0	Dawn and Dusk	黎明與黃昏	Adamant 5.9.2 CHT exact FormKey seed
00000C34	B7E24A:Adamant.esp	PERK	MAG_abCultistAzuraPerk	DESC	0			Adamant 5.9.2 CHT exact FormKey seed
00000C35	B97790:Adamant.esp	PERK	MAG_RuneMage02	FULL	0	Rune Mage	法印法師	Adamant 5.9.2 CHT exact FormKey seed
00000C36	B97790:Adamant.esp	PERK	MAG_RuneMage02	DESC	0	You can maintain up to five runes at once. 	你可以同時維持最多五個法印。	Adamant 6.0.2 custom; Skyrim 8.20 terminology
00000C37	B9C891:Adamant.esp	PERK	MAG_Repose	FULL	0	Repose	安寧	Adamant 5.9.2 CHT exact FormKey seed
00000C38	B9C891:Adamant.esp	PERK	MAG_Repose	DESC	0	Regeneration, Attunement, and Circle spells last twice as long.	再生術、點化術，以及領域法術持續時間加倍。	Adamant 5.9.2 CHT exact FormKey seed
00000C39	C01CA7:Adamant.esp	PERK	MAG_IntimidationControllerPerk	FULL	0	Intimidation	咄咄逼人	Adamant 5.9.2 CHT exact FormKey seed
00000C3A	C01CA7:Adamant.esp	PERK	MAG_IntimidationControllerPerk	DESC	0			Adamant 5.9.2 CHT exact FormKey seed
00000C3B	C10FAD:Adamant.esp	PERK	MAG_QuickDraw70	FULL	0	Quick Draw	快速拉弓	Adamant 5.9.2 CHT exact FormKey seed
00000C3C	C10FAD:Adamant.esp	PERK	MAG_QuickDraw70	DESC	0	You draw your bow 40% faster.	張弓速度提高 40%。	Adamant 5.9.2 CHT exact FormKey seed
00000C3D	CB2FBC:Adamant.esp	PERK	MAG_SoulStealer	FULL	0	Soul Stealer	奪魂者	Adamant 5.9.2 CHT exact FormKey seed
00000C3E	CB2FBC:Adamant.esp	PERK	MAG_SoulStealer	DESC	0	Bound weapons trap their target's souls for 10 seconds.	魔力塑形武器會縛住目標的靈魂，持續10秒。	Adamant 5.9.2 CHT exact FormKey seed
00000C3F	D1D4CA:Adamant.esp	PERK	MAG_Scourge100	FULL	0	Scourge	災禍之毒	Adamant 5.9.2 CHT exact FormKey seed
00000C40	D1D4CA:Adamant.esp	PERK	MAG_Scourge100	DESC	0	Poison spells deal double damage to targets who fall below half Health. 	對生命低於一半的目標，毒素法術造成的傷害加倍。	Adamant 5.9.2 CHT exact FormKey seed
00000C41	D73605:Adamant.esp	PERK	MAG_Seeker20	FULL	0	Seeker	探索者	Adamant 5.9.2 CHT exact FormKey seed
00000C42	D73605:Adamant.esp	PERK	MAG_Seeker20	DESC	0	Scrolls last three times as long. 	卷軸持續時間延長至三倍。	Adamant 5.9.2 CHT exact FormKey seed
00000C43	D78706:Adamant.esp	PERK	MAG_Seeker70	FULL	0	Seeker	探索者	Adamant 5.9.2 CHT exact FormKey seed
00000C44	D78706:Adamant.esp	PERK	MAG_Seeker70	DESC	0	Scrolls last five times as long. 	卷軸持續時間延長至五倍。	Adamant 5.9.2 CHT exact FormKey seed
00000C45	D78707:Adamant.esp	PERK	MAG_Scribe90	FULL	0	Scribe	文士	Adamant 5.9.2 CHT exact FormKey seed
00000C46	D78707:Adamant.esp	PERK	MAG_Scribe90	DESC	0	Scrolls are twice as strong.	卷軸威力加倍。	Adamant 5.9.2 CHT exact FormKey seed
00000C47	D7D808:Adamant.esp	PERK	MAG_Potency02	FULL	0	Potency	藥效強化	Adamant 5.9.2 CHT exact FormKey seed
00000C48	D7D808:Adamant.esp	PERK	MAG_Potency02	DESC	0	Potions you mix are twice as strong.	你製作的藥劑效果提高至兩倍。	Adamant 6.0.2 custom; Skyrim 8.20 terminology
00000C49	D7D809:Adamant.esp	PERK	MAG_Concentration02	FULL	0	Concentration	專注	Adamant 6.0.2 custom; Skyrim 8.20 terminology
00000C4A	D7D809:Adamant.esp	PERK	MAG_Concentration02	DESC	0	 Poisons you make are twice as strong.	你製作的毒藥效果提高至兩倍。	Adamant 6.0.2 custom; Skyrim 8.20 terminology
00000C4B	DF1F2F:Adamant.esp	PERK	MAG_DualCastControllerPerk	FULL	0	Dual Cast Controller	Dual Cast Controller	Adamant 5.9.2 CHT exact FormKey seed
00000C4C	DF1F2F:Adamant.esp	PERK	MAG_DualCastControllerPerk	DESC	0			Adamant 5.9.2 CHT exact FormKey seed
00000C4D	DF1F32:Adamant.esp	PERK	MAG_AutoperkControllerPerk	FULL	0	Autoperk Controller	Autoperk Controller	Adamant 5.9.2 CHT exact FormKey seed
00000C4E	DF1F32:Adamant.esp	PERK	MAG_AutoperkControllerPerk	DESC	0			Adamant 5.9.2 CHT exact FormKey seed
00000C4F	E1A742:Adamant.esp	PERK	MAG_XPControllerPerk	FULL	0	XP Controller	XP Controller	Adamant 5.9.2 CHT exact FormKey seed
00000C50	E1A742:Adamant.esp	PERK	MAG_XPControllerPerk	DESC	0			Adamant 5.9.2 CHT exact FormKey seed
00000C51	EC184E:Adamant.esp	PERK	MAG_SneakControllerPerk	FULL	0	Sneak Controller Perk	Sneak Controller Perk	Adamant 5.9.2 CHT exact FormKey seed
00000C52	EC184E:Adamant.esp	PERK	MAG_SneakControllerPerk	DESC	0			Adamant 5.9.2 CHT exact FormKey seed
00000C53	EC184F:Adamant.esp	PERK	MAG_FoolsGift30	FULL	0	Fool's Gift	愚者之贈	Adamant 5.9.2 CHT exact FormKey seed
00000C54	EC184F:Adamant.esp	PERK	MAG_FoolsGift30	DESC	0	Poisons that you place in enemy pockets are 50% stronger.	你投放在目標口袋裡的毒藥效果提高50%。	Adamant 5.9.2 CHT exact FormKey seed
00000C55	EC6950:Adamant.esp	PERK	MAG_FoolsGift60	FULL	0	Fool's Gift	愚者之贈	Adamant 5.9.2 CHT exact FormKey seed
00000C56	EC6950:Adamant.esp	PERK	MAG_FoolsGift60	DESC	0	Poisons that you place in enemy pockets are twice as strong. 	你投放在敵人口袋裡的毒藥效果加倍。 	Adamant 5.9.2 CHT exact FormKey seed
00000C57	ED5C53:Adamant.esp	PERK	MAG_BlockControllerPerk	FULL	0	Block Controller	Block Controller	Adamant 5.9.2 CHT exact FormKey seed
00000C58	ED5C53:Adamant.esp	PERK	MAG_BlockControllerPerk	DESC	0			Adamant 5.9.2 CHT exact FormKey seed
00000C59	EDAD54:Adamant.esp	PERK	MAG_MasteroftheMind100	FULL	0	Master of the Mind	心靈掌控大師	Adamant 5.9.2 CHT exact FormKey seed
00000C5A	EDAD54:Adamant.esp	PERK	MAG_MasteroftheMind100	DESC	0	Illusion spells work on undead, daedra and automatons.	幻象系法術能影響不死者、魔族和機械構裝物。	Adamant 5.9.2 CHT exact FormKey seed
00000C5B	EFE45F:Adamant.esp	PERK	MAG_HiddenThreat02	FULL	0	Hidden Threat	潛在威脅	Adamant 5.9.2 CHT exact FormKey seed
00000C5C	EFE45F:Adamant.esp	PERK	MAG_HiddenThreat02	DESC	0	Once every 10 seconds, you can sneak in combat to turn invisible for 5 seconds. 	每10秒一次，你在戰鬥中潛行而不被察覺，持續5秒。	Adamant 5.9.2 CHT exact FormKey seed
00000C5D	F4A36B:Adamant.esp	PERK	MAG_ArcaneBinding60	FULL	0	Arcane Binding	奧術束縛	Adamant 5.9.2 CHT exact FormKey seed
00000C5E	F4A36B:Adamant.esp	PERK	MAG_ArcaneBinding60	DESC	0	Bound weapons last ten times longer.	魔力塑形武器持續時間是初始的十倍。	Adamant 5.9.2 CHT exact FormKey seed
00000C5F	F4A36F:Adamant.esp	PERK	MAG_HauntingCurse02	FULL	0	Haunting Curse	纏魂詛咒	Adamant 6.0.2 custom; Skyrim 8.20 terminology
00000C60	F4A36F:Adamant.esp	PERK	MAG_HauntingCurse02	DESC	0	Bound weapons reduce enemy Magic Resistance by 50% for 10 seconds.	魔力塑形武器攻擊敵人時，減少其50%的魔法抗性，持續10秒。	Adamant 5.9.2 CHT exact FormKey seed
00000C61	F4A371:Adamant.esp	PERK	MAG_Guidance	FULL	0	Guidance	指引	Adamant 5.9.2 CHT exact FormKey seed
00000C62	F4A371:Adamant.esp	PERK	MAG_Guidance	DESC	0	Courage spells last three times as long.	勇氣法術的持續時間延長三倍。	Adamant 5.9.2 CHT exact FormKey seed
00000C63	0153D2:Skyrim.esm	PERK	MAG_Impact	FULL	0	Impact	毀滅衝撞	Adamant 5.9.2 CHT exact FormKey seed
00000C64	0153D2:Skyrim.esm	PERK	MAG_Impact	DESC	0	Destruction spells have a 50% chance to stagger an opponent when dual cast.	雙手施放毀滅系法術時，有50%機率使目標失衡。	Adamant 5.9.2 CHT exact FormKey seed
00000C65	018E6A:Skyrim.esm	PERK	MAG_PickpocketMastery02	FULL	0	Pickpocket Mastery	扒竊精通	Adamant 6.0.2 custom; Skyrim 8.20 terminology
00000C66	018E6A:Skyrim.esm	PERK	MAG_PickpocketMastery02	DESC	0	You are 50% more likely to succeed at pickpocketing.	扒竊成功機率提高 50%。	Adamant 5.9.2 CHT exact FormKey seed
00000C67	018E6B:Skyrim.esm	PERK	MAG_Cutpurse50	FULL	0	Cutpurse	五鬼搬運	Adamant 5.9.2 CHT exact FormKey seed
00000C68	018E6B:Skyrim.esm	PERK	MAG_Cutpurse50	DESC	0	You are 30% more likely to succeed at pickpocketing.	扒竊成功機率提高 30%。	Adamant 5.9.2 CHT exact FormKey seed
00000C69	019D03:Adamant.esp	PERK	MAG_PoweroftheElements	FULL	0	Power of the Elements	元素之力	Adamant 6.0.2 custom; Skyrim 8.20 terminology
00000C6A	019D03:Adamant.esp	PERK	MAG_PoweroftheElements	DESC	0	Wall spells deal extra damage over time.	魔牆法術會造成額外持續傷害。	Adamant 6.0.2 custom; Skyrim 8.20 terminology
00000C6B	53E49E:Adamant.esp	PERK	MAG_PreciseCutsOld	FULL	0	Precise Cuts	精準斬擊	Adamant 5.9.2 CHT exact phrase seed
00000C6C	53E49E:Adamant.esp	PERK	MAG_PreciseCutsOld	DESC	0	Swords and daggers have a 20% chance of dealing critical damage. Repeated attacks increase this chance by up to 10%.	劍和匕首有 20% 的機率造成致命一擊傷害。重複攻擊可使此機率增加高達 10%。	Adamant 6.0.2 custom; Skyrim 8.20 terminology
00000C6D	53E49F:Adamant.esp	PERK	MAG_DeepCutsOld	FULL	0	Deep Cuts	深度割傷	Adamant 5.9.2 CHT exact phrase seed
00000C6E	53E49F:Adamant.esp	PERK	MAG_DeepCutsOld	DESC	0	Greatswords have a 20% chance to deal critical damage. Repeated attacks increase this chance by up to 10%.	巨劍有 20% 的機率造成致命一擊傷害。重複攻擊可使此機率增加高達 10%。	Adamant 6.0.2 custom; Skyrim 8.20 terminology
00000C6F	018E6C:Skyrim.esm	PERK	MAG_Cutpurse75	FULL	0	Cutpurse	五鬼搬運	Adamant 5.9.2 CHT exact FormKey seed
00000C70	018E6C:Skyrim.esm	PERK	MAG_Cutpurse75	DESC	0	You are 40% more likely to succeed at pickpocketing.	扒竊成功機率提高 40%。	Adamant 5.9.2 CHT exact FormKey seed
00000C71	018E6D:Skyrim.esm	PERK	MAG_Cutpurse100	FULL	0	Cutpurse	五鬼搬運	Adamant 5.9.2 CHT exact FormKey seed
00000C72	018E6D:Skyrim.esm	PERK	MAG_Cutpurse100	DESC	0	You are 50% more likely to succeed at pickpocketing.	扒竊成功機率提高 50%。	Adamant 5.9.2 CHT exact FormKey seed
00000C73	03AF81:Skyrim.esm	PERK	MAG_Overrun	FULL	0	Overrun	凌越	Adamant 6.0.2 custom; Skyrim 8.20 terminology
00000C74	03AF81:Skyrim.esm	PERK	MAG_Overrun	DESC	0	One-handed power attacks deal 50% extra damage.	單手強力攻擊造成 50% 的額外傷害。	Adamant 6.0.2 custom; Skyrim 8.20 terminology
00000C75	53E4A4:Adamant.esp	PERK	MAG_StrongBack01	FULL	0	Strong Back	強健背脊	Adamant 6.0.2 custom; Skyrim 8.20 terminology
00000C76	53E4A4:Adamant.esp	PERK	MAG_StrongBack01	DESC	0	Your Carry Weight is increased by 50.	你的負重提高50點。	Adamant 5.9.2 CHT exact phrase seed
00000C77	53E4A6:Adamant.esp	PERK	MAG_StrongBack02	FULL	0	Strong Back	強健背脊	Adamant 6.0.2 custom; Skyrim 8.20 terminology
00000C78	53E4A6:Adamant.esp	PERK	MAG_StrongBack02	DESC	0	Your Carry Weight is increased by 100.	你的攜帶重量增加 100。	Adamant 6.0.2 custom; Skyrim 8.20 terminology
00000C79	047604:Adamant.esp	PERK	MAG_abPilgrimJulianosPerk	FULL	0	Pilgrim of Julianos	尤里安諾思的朝聖者	Adamant 5.9.2 CHT exact FormKey seed
00000C7A	047604:Adamant.esp	PERK	MAG_abPilgrimJulianosPerk	DESC	0			Adamant 5.9.2 CHT exact FormKey seed
00000C7B	5486A8:Adamant.esp	PERK	MAG_StaggerBreakController	FULL	0	Bard Controller Perk	吟遊詩人控制天賦	Adamant 6.0.2 custom; Skyrim 8.20 terminology
00000C7C	5486A8:Adamant.esp	PERK	MAG_StaggerBreakController	DESC	0			Adamant 5.9.2 CHT exact phrase seed
00000C7D	03AF83:Skyrim.esm	PERK	MAG_DeepCuts01	FULL	0	Deep Cuts	深度割傷	Adamant 6.0.2 custom; Skyrim 8.20 terminology
00000C7E	03AF83:Skyrim.esm	PERK	MAG_DeepCuts01	DESC	0	Greatswords have a 20% chance to deal critical damage.	巨劍有 20% 的機率造成致命一擊傷害。	Adamant 6.0.2 custom; Skyrim 8.20 terminology
00000C7F	08E42C:Adamant.esp	PERK	MAG_Bard02	FULL	0	Bard	吟遊詩人	Adamant 6.0.2 custom; Skyrim 8.20 terminology
00000C80	08E42C:Adamant.esp	PERK	MAG_Bard02	DESC	0	Bard songs increase Health, Magicka, or Stamina and grant an additional bonus to you and all nearby living allies.	吟遊詩人樂曲可以增加生命、法力或耐力，並為你和附近所有活著的盟友提供額外的獎勵。	Adamant 6.0.2 custom; Skyrim 8.20 terminology
00000C81	00044C:Skyrim.esm	AVIF	AVOneHanded	FULL	0	One-handed	單手武器	Adamant 5.9.2 CHT exact FormKey seed
00000C82	00044C:Skyrim.esm	AVIF	AVOneHanded	DESC	0	The One-handed skill governs the use of smaller weapons such as swords, daggers, war axes, and maces.	「單手」技能掌握較小武器的使用，例如長劍、匕首、戰斧和釘錘。	Adamant 5.9.2 CHT exact FormKey seed
00000C83	00044D:Skyrim.esm	AVIF	AVTwoHanded	FULL	0	Two-handed	雙手武器	Adamant 5.9.2 CHT exact FormKey seed
00000C84	00044D:Skyrim.esm	AVIF	AVTwoHanded	DESC	0	The Two-handed skill governs the use of larger weapons such as greatswords, battleaxes, and warhammers.	「雙手」技能掌握較大武器的使用，如巨劍、巨斧和戰錘。	Adamant 5.9.2 CHT exact FormKey seed
00000C85	00044E:Skyrim.esm	AVIF	AVMarksman	FULL	0	Archery	箭術	Adamant 5.9.2 CHT exact FormKey seed
00000C86	00044E:Skyrim.esm	AVIF	AVMarksman	DESC	0	The Archery skill governs the use of bows and arrows to attack from range.	「箭術」技能掌握從遠距離使用弓箭攻擊的能力。	Adamant 5.9.2 CHT exact FormKey seed
00000C87	00044F:Skyrim.esm	AVIF	AVBlock	FULL	0	Block	格擋	Adamant 5.9.2 CHT exact FormKey seed
00000C88	00044F:Skyrim.esm	AVIF	AVBlock	DESC	0	The Block skill governs the use of weapons and shields to defend against incoming attacks. 	「格擋」技能掌握使用武器和盾牌來抵擋敵人攻擊的能力。	Adamant 5.9.2 CHT exact FormKey seed
00000C89	000450:Skyrim.esm	AVIF	AVSmithing	FULL	0	Smithing	鍛造	Adamant 5.9.2 CHT exact FormKey seed
00000C8A	000450:Skyrim.esm	AVIF	AVSmithing	DESC	0	Smithing is the art of forging weapons and armor from raw materials.	「鍛造」是利用原材料鍛造武器和護甲的技藝。	Adamant 5.9.2 CHT exact FormKey seed
00000C8B	000451:Skyrim.esm	AVIF	AVHeavyArmor	FULL	0	Heavy Armor	重甲	Adamant 5.9.2 CHT exact FormKey seed
00000C8C	000451:Skyrim.esm	AVIF	AVHeavyArmor	DESC	0	The Heavy Armor skill governs the use of thick, protective armors like Steel, Orcish, Dwarven, Ebony, and Daedric.	「重甲」技能掌握使用厚重、保護性強的護甲，如鋼製、獸人、矮人、玄曜石和魔族。	Adamant 5.9.2 CHT exact FormKey seed
00000C8D	000452:Skyrim.esm	AVIF	AVLightArmor	FULL	0	Light Armor	輕甲	Adamant 5.9.2 CHT exact FormKey seed
00000C8E	000452:Skyrim.esm	AVIF	AVLightArmor	DESC	0	The Light Armor skill governs the use of light, flexible armors like Leather, Scaled, Elven, and Glass.	「輕甲」技能掌握使用輕盈、靈活的盔甲，如皮革、鋼鱗、精靈和翠琉璃。	Adamant 5.9.2 CHT exact FormKey seed
00000C8F	000453:Skyrim.esm	AVIF	AVPickpocket	FULL	0	Pickpocket	扒竊	Adamant 5.9.2 CHT exact FormKey seed
00000C90	000453:Skyrim.esm	AVIF	AVPickpocket	DESC	0	Pickpocketing is the art of stealing from an unsuspecting mark. Those who are skilled in Pickpocketing are more likely to succeed, and can steal items of higher value.	「扒竊」是從毫不知情的目標身上偷東西的技術。精於此道的人更容易成功，也可以偷到更高價值的物品。	Adamant 5.9.2 CHT exact FormKey seed
00000C91	000454:Skyrim.esm	AVIF	AVLockpicking	FULL	0	Lockpicking	開鎖	Adamant 5.9.2 CHT exact FormKey seed
00000C92	000454:Skyrim.esm	AVIF	AVLockpicking	DESC	0	Lockpicking is the art of opening locks and finding hidden treasures. Those who are skilled in Lockpicking can open more difficult locks with fewer broken lockpicks.	「開鎖」是打開鎖和尋找隱藏財寶的技術。精於此道的人可以在減少開鎖器的損耗情況下，解開更難的鎖。	Adamant 5.9.2 CHT exact FormKey seed
00000C93	000455:Skyrim.esm	AVIF	AVSneak	FULL	0	Sneak	潛行	Adamant 5.9.2 CHT exact FormKey seed
00000C94	000455:Skyrim.esm	AVIF	AVSneak	DESC	0	Sneaking is the art of moving unseen and unheard, and striking from the shadows. Those who are skilled in Sneak can even hide in plain sight.	「潛行」是悄悄無聲地移動並從暗處襲擊的技術。精於此道的人甚至可以在人群中隱藏。	Adamant 5.9.2 CHT exact FormKey seed
00000C95	000456:Skyrim.esm	AVIF	AVAlchemy	FULL	0	Alchemy	煉金術	Adamant 5.9.2 CHT exact FormKey seed
00000C96	000456:Skyrim.esm	AVIF	AVAlchemy	DESC	0	Alchemy is the art of brewing magical potions and deadly poisons.	「煉金術」是釀造魔法藥水和致命毒藥的技藝。	Adamant 5.9.2 CHT exact FormKey seed
00000C97	000457:Skyrim.esm	AVIF	AVSpeechcraft	FULL	0	Speech	口才	Adamant 5.9.2 CHT exact FormKey seed
00000C98	000457:Skyrim.esm	AVIF	AVSpeechcraft	DESC	0	Speech is the art of persuasion and bartering. Those who are skilled in Speech receive better prices from merchants and are more likely to convince others to do as they ask.	「口才」是一種作用於交易以及說服他人的技巧。那些舌燦蓮花的人能從商人得到更好的交易價格，也更容易說服他人按照他們的要求行事。	Adamant 5.9.2 CHT exact FormKey seed
00000C99	000458:Skyrim.esm	AVIF	AVAlteration	FULL	0	Alteration	變換系法術	Adamant 5.9.2 CHT exact FormKey seed
00000C9A	000458:Skyrim.esm	AVIF	AVAlteration	DESC	0	The School of Alteration governs the manipulation of the physical world. This skill makes it easier to cast spells like Waterbreathing, Feather, and Ironflesh.	「變換系」學派掌握物質世界的操控技能。這項技能使施放水息術、輕羽術，以及鐵身術等法術更容易。	Adamant 5.9.2 CHT exact FormKey seed
00000C9B	000459:Skyrim.esm	AVIF	AVConjuration	FULL	0	Conjuration	召喚系法術	Adamant 5.9.2 CHT exact FormKey seed
00000C9C	000459:Skyrim.esm	AVIF	AVConjuration	DESC	0	The School of Conjuration governs the reanimation of the dead and the summoning of Daedra. This skill makes it easier to cast spells like Bound Sword, Revenant, and Soul Trap.	「召喚系」學派掌握死者復活和召喚魔族的能力。這項技能使施放長劍塑形術、屍儡驅使術，以及縛魂術等法術更容易。	Adamant 5.9.2 CHT exact FormKey seed
00000C9D	00045A:Skyrim.esm	AVIF	AVDestruction	FULL	0	Destruction	毀滅系法術	Adamant 5.9.2 CHT exact FormKey seed
00000C9E	00045A:Skyrim.esm	AVIF	AVDestruction	DESC	0	The School of Destruction governs the harnessing of fire, frost, shock, and other volatile energies. This skill makes it easier to cast spells like Burning Touch, Frost Rune, and Thunderbolt.	「毀滅系」學派研究如何運用火焰、寒霜、閃電，以及其他不穩定能量。這項技能使施放燃燒之觸、暴霜法印、雷電術等法術更容易。	Adamant 5.9.2 CHT exact FormKey seed
00000C9F	00045B:Skyrim.esm	AVIF	AVMysticism	FULL	0	Illusion	幻象系法術	Adamant 5.9.2 CHT exact FormKey seed
00000CA0	00045B:Skyrim.esm	AVIF	AVMysticism	DESC	0	The School of Illusion governs the manipulation of the mind. This skill makes it easier to cast spells like Silence, Invisibility, and Night Eye.	「幻象系」學派掌握心靈操控技能。這項技能使施放靜默術、隱身術、夜視術等法術更容易。	Adamant 5.9.2 CHT exact FormKey seed
00000CA1	00045C:Skyrim.esm	AVIF	AVRestoration	FULL	0	Restoration	恢復系法術	Adamant 5.9.2 CHT exact FormKey seed
00000CA2	00045C:Skyrim.esm	AVIF	AVRestoration	DESC	0	The School of Restoration governs the manipulation of life energy. This skill makes it easier to cast spells like Fast Healing, Turn Undead, and Poison Bloom.	「恢復系」學派研究如何操控生命能量。這項技能使施放高效治療術、驅邪術、毒海術等法術更容易。	Adamant 5.9.2 CHT exact FormKey seed
00000CA3	00045D:Skyrim.esm	AVIF	AVEnchanting	FULL	0	Enchanting	附魔術	Adamant 5.9.2 CHT exact FormKey seed
00000CA4	00045D:Skyrim.esm	AVIF	AVEnchanting	DESC	0	Enchanting is the art of binding magical spells to weapons and armor.	「附魔」是將魔法束縛在武器或是護甲的技藝。	Adamant 5.9.2 CHT exact FormKey seed
00000CA5	413864:Adamant.esp	MESG	MAG_MassReanimationMSG02	DESC	0	Mass Reanimation is ready! 	群體復生已可使用！	Adamant 6.0.2 custom; Skyrim 8.20 terminology
00000CA6	4B07CE:Adamant.esp	MESG	MAG_SongFailedMSG	DESC	0	You cannot play an instrument in combat!	你不能在戰鬥中演奏樂器！	Adamant 6.0.2 custom; Skyrim 8.20 terminology
00000CA7	2CA6B1:Adamant.esp	MESG	MAG_CritDamageMSG	DESC	0	Critical Hit!	致命一擊！	Adamant 6.0.2 custom; Skyrim 8.20 terminology
00000CA8	413863:Adamant.esp	MESG	MAG_MassReanimationMSG01	DESC	0	Mass Reanimation is still on cooldown.	群體復生仍在冷卻中。	Adamant 6.0.2 custom; Skyrim 8.20 terminology
